datetime,actual_demand,predicted_demand
2022-10-07 10:00:00,0.17007298515486086,0.16762523
2022-10-07 11:00:00,0.24507401893892405,0.19312404
2022-10-07 12:00:00,0.31961501881487,0.2705801
2022-10-07 13:00:00,0.3735888847537527,0.41086054
2022-10-07 14:00:00,0.30949427283629,0.28884095
2022-10-07 15:00:00,0.3509593516106356,0.32284868
2022-10-07 16:00:00,0.33096596782863996,0.32891506
2022-10-07 17:00:00,0.285763759665881,0.27594507
2022-10-07 18:00:00,0.24809266840342392,0.23111679
2022-10-07 19:00:00,0.23050283256833315,0.19789037
2022-10-07 20:00:00,0.16142021254600342,0.19620048
2022-10-07 21:00:00,0.10310962246206014,0.1430098
2022-10-07 22:00:00,0.0892517470950668,0.11149092
2022-10-07 23:00:00,0.07182214778976968,0.08603348
2022-10-08 00:00:00,0.02317226977628913,0.023653504
2022-10-08 01:00:00,0.007164123557871232,0.0032450184
2022-10-08 02:00:00,5.16892031592441e-05,-0.00053619593
2022-10-08 03:00:00,0.0,-0.0016959831
2022-10-08 04:00:00,0.006554190960592152,0.002765745
2022-10-08 05:00:00,0.02599450026878386,0.024805747
2022-10-08 06:00:00,0.04474734317495762,0.031106977
2022-10-08 07:00:00,0.06641028821899682,0.04157764
2022-10-08 08:00:00,0.113375098209486,0.10018909
2022-10-08 09:00:00,0.1511288921969979,0.15499935
2022-10-08 10:00:00,0.16674420047140553,0.17656462
2022-10-08 11:00:00,0.18689782078319483,0.18443626
2022-10-08 12:00:00,0.22516850680229916,0.2028241
2022-10-08 13:00:00,0.22977918372410372,0.23893951
2022-10-08 14:00:00,0.22856965637017743,0.23694654
2022-10-08 15:00:00,0.2365711450192284,0.22452082
2022-10-08 16:00:00,0.243435471198776,0.2347077
2022-10-08 17:00:00,0.2512715543977174,0.23730952
2022-10-08 18:00:00,0.21894512674192618,0.24537109
2022-10-08 19:00:00,0.1957418434437415,0.20746204
2022-10-08 20:00:00,0.15656142744903445,0.16003956
2022-10-08 21:00:00,0.09674151263284125,0.12531778
2022-10-08 22:00:00,0.08025782574535832,0.10028453
2022-10-08 23:00:00,0.08945850390770377,0.07379233
2022-10-09 00:00:00,0.06955816069139478,0.040940173
2022-10-09 01:00:00,0.03582578670967208,0.024154399
2022-10-09 02:00:00,0.02158024231898441,0.011416212
2022-10-09 03:00:00,0.00552040689740727,0.004121594
2022-10-09 04:00:00,0.004631352603068272,0.005376339
2022-10-09 05:00:00,0.013309969813505356,0.010811325
2022-10-09 06:00:00,0.024350783608319895,0.012293287
2022-10-09 07:00:00,0.030382913617003682,0.016026925
2022-10-09 08:00:00,0.0479830872927263,0.030637022
2022-10-09 09:00:00,0.06555741636686929,0.07388699
2022-10-09 10:00:00,0.09362982260265476,0.09060111
2022-10-09 11:00:00,0.12579084480833644,0.115096316
2022-10-09 12:00:00,0.15558967042964067,0.13649417
2022-10-09 13:00:00,0.17806930488359593,0.16129537
2022-10-09 14:00:00,0.19943762146962743,0.17905861
2022-10-09 15:00:00,0.18989062564611506,0.19273923
2022-10-09 16:00:00,0.2080076913534301,0.20220388
2022-10-09 17:00:00,0.20868481991481622,0.20417069
2022-10-09 18:00:00,0.20532502170946534,0.18875343
2022-10-09 19:00:00,0.14068250423851467,0.17381117
2022-10-09 20:00:00,0.12784290617375843,0.13258025
2022-10-09 21:00:00,0.0733934995658107,0.10013795
2022-10-09 22:00:00,0.05616031923251871,0.06674659
2022-10-09 23:00:00,0.0297729810197246,0.038290396
2022-10-10 00:00:00,0.052423189844105364,0.028877512
2022-10-10 01:00:00,0.03071889343753877,0.02464687
2022-10-10 02:00:00,0.022583012860273748,0.010043312
2022-10-10 03:00:00,0.005313650084770294,0.0041842945
2022-10-10 04:00:00,0.018334160360583884,0.008467935
2022-10-10 05:00:00,0.08092978538642849,0.08294177
2022-10-10 06:00:00,0.19069697721539927,0.17878962
2022-10-10 07:00:00,0.465264855476988,0.39619982
2022-10-10 08:00:00,0.248154695447215,0.21279852
2022-10-10 09:00:00,0.1735154860852665,0.19784836
2022-10-10 10:00:00,0.18015237977091347,0.15832034
2022-10-10 11:00:00,0.17397035107306788,0.18767534
2022-10-10 12:00:00,0.21405532812306166,0.21607335
2022-10-10 13:00:00,0.2994665674233966,0.31534135
2022-10-10 14:00:00,0.2640749700202622,0.25954676
2022-10-10 15:00:00,0.31398089567051235,0.31883663
2022-10-10 16:00:00,0.3547791837241037,0.3398345
2022-10-10 17:00:00,0.3082123805979407,0.27572817
2022-10-10 18:00:00,0.2328650291527106,0.20656234
2022-10-10 19:00:00,0.16475416614977464,0.16626781
2022-10-10 20:00:00,0.11723628168548154,0.1337382
2022-10-10 21:00:00,0.07985464996071621,0.08725816
2022-10-10 22:00:00,0.054299507918785926,0.05700384
2022-10-10 23:00:00,0.028485919861059424,0.035034683
2022-10-11 00:00:00,0.015801389405780922,0.0141238235
2022-10-11 01:00:00,0.004827771575073399,0.0015743636
2022-10-11 02:00:00,0.0005065541909605922,-0.0014903843
2022-10-11 03:00:00,0.00017057437042550553,-0.0017744154
2022-10-11 04:00:00,0.01748645742877228,0.007002145
2022-10-11 05:00:00,0.07656721663978829,0.08379169
2022-10-11 06:00:00,0.20644667741802095,0.18525879
2022-10-11 07:00:00,0.40778129264359264,0.44034243
2022-10-11 08:00:00,0.2561923665384775,0.21473059
2022-10-11 09:00:00,0.19103295703593434,0.2219576
2022-10-11 10:00:00,0.15698527891494027,0.17174615
2022-10-11 11:00:00,0.1108526650953149,0.20053114
2022-10-11 12:00:00,0.188458834718604,0.1839493
2022-10-11 13:00:00,0.27596865566720424,0.27545705
2022-10-11 14:00:00,0.24879564156638964,0.24291387
2022-10-11 15:00:00,0.3334470495802837,0.298312
2022-10-11 16:00:00,0.37392486457428775,0.33985293
2022-10-11 17:00:00,0.3247477566885829,0.2822186
2022-10-11 18:00:00,0.2090052929744035,0.2207263
2022-10-11 19:00:00,0.1437631807468056,0.16103268
2022-10-11 20:00:00,0.11175205723028575,0.114446454
2022-10-11 21:00:00,0.07613302733325064,0.07617031
2022-10-11 22:00:00,0.07098478269858992,0.049860165
2022-10-11 23:00:00,0.04291754538312038,0.036491673
2022-10-12 00:00:00,0.017750072364884423,0.015240345
2022-10-12 01:00:00,0.003525203655460448,0.0024685152
2022-10-12 02:00:00,7.236488442294174e-05,-0.0009499714
2022-10-12 03:00:00,0.00023777033453252285,-0.0009142086
2022-10-12 04:00:00,0.01261216557085556,0.010312077
2022-10-12 05:00:00,0.08441363767936154,0.08396368
2022-10-12 06:00:00,0.20353140635983957,0.18577191
2022-10-12 07:00:00,0.5165457139312741,0.4282214
2022-10-12 08:00:00,0.2547812512922301,0.2663507
2022-10-12 09:00:00,0.21815428193358974,0.23484445
2022-10-12 10:00:00,0.19257846421039576,0.17829838
2022-10-12 11:00:00,0.18746123309763058,0.20971625
2022-10-12 12:00:00,0.24745172228424928,0.23442413
2022-10-12 13:00:00,0.3478424926601332,0.3306216
2022-10-12 14:00:00,0.2650932473224993,0.27216008
2022-10-12 15:00:00,0.3423789438862011,0.31666952
2022-10-12 16:00:00,0.3399857337799281,0.3528418
2022-10-12 17:00:00,0.30103275027912174,0.292697
2022-10-12 18:00:00,0.23312864408882275,0.21862969
2022-10-12 19:00:00,0.17659616259355748,0.17486532
2022-10-12 20:00:00,0.13379233345738742,0.14272562
2022-10-12 21:00:00,0.08452735392631187,0.09855199
2022-10-12 22:00:00,0.07807137245172228,0.066809624
2022-10-12 23:00:00,0.03833271306289542,0.04310461
2022-10-13 00:00:00,0.021011661084232726,0.018405756
2022-10-13 01:00:00,0.004352230906008354,0.0030211955
2022-10-13 02:00:00,0.000604763676963156,-0.00086797774
2022-10-13 03:00:00,0.0002481081751643717,-0.00083898753
2022-10-13 04:00:00,0.02378220237356821,0.010328725
2022-10-13 05:00:00,0.08881755778852914,0.09104085
2022-10-13 06:00:00,0.20543356903609974,0.16832072
2022-10-13 07:00:00,0.5102189554645826,0.41304034
2022-10-13 08:00:00,0.28483852292933054,0.25695178
2022-10-13 09:00:00,0.2053818798329405,0.24496005
2022-10-13 10:00:00,0.17612579084480834,0.17917748
2022-10-13 11:00:00,0.18689782078319483,0.20371297
2022-10-13 12:00:00,0.2303425960385395,0.2342554
2022-10-13 13:00:00,0.28149423148492747,0.33465427
2022-10-13 14:00:00,0.21783897779431835,0.26133794
2022-10-13 15:00:00,0.3287536699334243,0.3000043
2022-10-13 16:00:00,0.37701587892321053,0.33626813
2022-10-13 17:00:00,0.3191808295083323,0.30634803
2022-10-13 18:00:00,0.24822189141132203,0.23009448
2022-10-13 19:00:00,0.17725261547367988,0.1828482
2022-10-13 20:00:00,0.126778108588678,0.14170688
2022-10-13 21:00:00,0.09800789811024274,0.099308744
2022-10-13 22:00:00,0.061949509986354054,0.07593474
2022-10-13 23:00:00,0.054661332340900634,0.040821094
2022-10-14 00:00:00,0.02457821610222057,0.018164854
2022-10-14 01:00:00,0.010487739321010629,0.0030557998
2022-10-14 02:00:00,0.0002481081751643717,-0.00056069344
2022-10-14 03:00:00,6.202704379109292e-05,-0.001661174
2022-10-14 04:00:00,0.011314766571558534,0.010326128
2022-10-14 05:00:00,0.07079353264690072,0.07701999
2022-10-14 06:00:00,0.19301782243724933,0.15003565
2022-10-14 07:00:00,0.46705330190629785,0.39708835
2022-10-14 08:00:00,0.24422114708679654,0.22144292
2022-10-14 09:00:00,0.2069687383699293,0.20590602
2022-10-14 10:00:00,0.17276082371914156,0.17247811
2022-10-14 11:00:00,0.220118471653641,0.20112203
2022-10-14 12:00:00,0.27069635694496136,0.26664454
2022-10-14 13:00:00,0.3707769921018898,0.38452184
2022-10-14 14:00:00,0.3222666749369392,0.30038375
2022-10-14 15:00:00,0.3393913079435968,0.32817656
2022-10-14 16:00:00,0.2753897365918207,0.3286113
2022-10-14 17:00:00,0.27623743952363233,0.26036
2022-10-14 18:00:00,0.2493435471198776,0.22388002
2022-10-14 19:00:00,0.21153289500889055,0.20247069
2022-10-14 20:00:00,0.14419220113302733,0.18871307
2022-10-14 21:00:00,0.11937621469627425,0.13186732
2022-10-14 22:00:00,0.11010317164950587,0.1090713
2022-10-14 23:00:00,0.08553012446760122,0.08973022
2022-10-15 00:00:00,0.027607203407352274,0.027314309
2022-10-15 01:00:00,0.007701691270727371,0.0054463036
2022-10-15 02:00:00,0.00027912169705991815,-8.4314495e-05
2022-10-15 03:00:00,0.00044452714716949925,-0.0015299842
2022-10-15 04:00:00,0.011904023487573917,0.003925476
2022-10-15 05:00:00,0.03306041434065253,0.025059283
2022-10-15 06:00:00,0.03844126038952984,0.030339414
2022-10-15 07:00:00,0.04638072199478973,0.033010777
2022-10-15 08:00:00,0.08554046230823306,0.0689774
2022-10-15 09:00:00,0.1125894223214655,0.13858438
2022-10-15 10:00:00,0.17875160236529794,0.15372312
2022-10-15 11:00:00,0.2202683703428028,0.19282128
2022-10-15 12:00:00,0.19933424306330896,0.22310957
2022-10-15 13:00:00,0.22339556713393707,0.22040302
2022-10-15 14:00:00,0.23580097589215568,0.23570998
2022-10-15 15:00:00,0.2617231112765166,0.23452802
2022-10-15 16:00:00,0.2586992928917008,0.26566273
2022-10-15 17:00:00,0.25285841293470623,0.25064
2022-10-15 18:00:00,0.23297874539966093,0.23879302
2022-10-15 19:00:00,0.19817123599222597,0.20680086
2022-10-15 20:00:00,0.15584294752512096,0.1702619
2022-10-15 21:00:00,0.09813195219782493,0.12724243
2022-10-15 22:00:00,0.06758363313071167,0.10155749
2022-10-15 23:00:00,0.078774345614688,0.07507332
2022-10-16 00:00:00,0.051844270768721834,0.040094808
2022-10-16 01:00:00,0.0411859570772857,0.022304382
2022-10-16 02:00:00,0.0177449034445685,0.009558536
2022-10-16 03:00:00,0.009862299962783774,0.0033183955
2022-10-16 04:00:00,0.020210478435264443,0.0060779825
2022-10-16 05:00:00,0.02981950130256792,0.015125385
2022-10-16 06:00:00,0.030946325931439443,0.017874463
2022-10-16 07:00:00,0.02664061530827441,0.019679554
2022-10-16 08:00:00,0.038529132034900555,0.03214972
2022-10-16 09:00:00,0.07117603275027913,0.0672741
2022-10-16 10:00:00,0.09575941777281562,0.09290575
2022-10-16 11:00:00,0.1068932721333168,0.11881292
2022-10-16 12:00:00,0.12483976347020635,0.12327484
2022-10-16 13:00:00,0.14728838440226608,0.1425044
2022-10-16 14:00:00,0.16562771368316587,0.15229748
2022-10-16 15:00:00,0.15253483852292934,0.16479713
2022-10-16 16:00:00,0.17015568787991567,0.1707859
2022-10-16 17:00:00,0.17040896497539595,0.17493503
2022-10-16 18:00:00,0.16920460654178557,0.16014576
2022-10-16 19:00:00,0.15318612248273583,0.14566816
2022-10-16 20:00:00,0.13537919199437623,0.12935172
2022-10-16 21:00:00,0.0753421825249142,0.10571725
2022-10-16 22:00:00,0.05754558987718646,0.0711131
2022-10-16 23:00:00,0.028935615928544847,0.04161172
2022-10-17 00:00:00,0.050748459661745855,0.031262714
2022-10-17 01:00:00,0.043977174047884884,0.031348787
2022-10-17 02:00:00,0.017853450771202914,0.016550902
2022-10-17 03:00:00,0.006802299135756524,0.0048886538
2022-10-17 04:00:00,0.018571930695116406,0.007372275
2022-10-17 05:00:00,0.079937352685771,0.07479423
2022-10-17 06:00:00,0.21246330066575694,0.18204492
2022-10-17 07:00:00,0.43730099656783694,0.43027353
2022-10-17 08:00:00,0.22417607410164167,0.22541414
2022-10-17 09:00:00,0.1893892403754704,0.1976306
2022-10-17 10:00:00,0.1613375098209486,0.16416496
2022-10-17 11:00:00,0.15479882562130423,0.18528351
2022-10-17 12:00:00,0.20649836662118018,0.21061876
2022-10-17 13:00:00,0.2789149402472812,0.3170851
2022-10-17 14:00:00,0.25922135384360917,0.25116462
2022-10-17 15:00:00,0.2857947731877766,0.3167956
2022-10-17 16:00:00,0.310310962246206,0.3269682
2022-10-17 17:00:00,0.29077244345201175,0.25548145
2022-10-17 18:00:00,0.20159823016168385,0.19578199
2022-10-17 19:00:00,0.1233872968614316,0.15321283
2022-10-17 20:00:00,0.08303870487532565,0.10956068
2022-10-17 21:00:00,0.04250403175784642,0.06095446
2022-10-17 22:00:00,0.043532646900715385,0.03031983
2022-10-17 23:00:00,0.030537981226481416,0.024727296
2022-10-18 00:00:00,0.016897200512756897,0.011080965
2022-10-18 01:00:00,0.004347061985692429,0.001120016
2022-10-18 02:00:00,0.00012405408758218585,-0.0017035902
2022-10-18 03:00:00,0.00018091221105735435,-0.0015925542
2022-10-18 04:00:00,0.014483314725220197,0.008435644
2022-10-18 05:00:00,0.0655367406856056,0.08372077
2022-10-18 06:00:00,0.19735971550262582,0.16068876
2022-10-18 07:00:00,0.4403299838729686,0.41781706
2022-10-18 08:00:00,0.21658809907786464,0.20337665
2022-10-18 09:00:00,0.16197328701980732,0.19271137
2022-10-18 10:00:00,0.1612031178927346,0.14575973
2022-10-18 11:00:00,0.15327916304842246,0.17652951
2022-10-18 12:00:00,0.18700636810982924,0.20151904
2022-10-18 13:00:00,0.2840218335194145,0.29261237
2022-10-18 14:00:00,0.2572881776454534,0.23979448
2022-10-18 15:00:00,0.3137793077781913,0.30866688
2022-10-18 16:00:00,0.3496050944878634,0.3311097
2022-10-18 17:00:00,0.3004383244427904,0.26854217
2022-10-18 18:00:00,0.23149526526899064,0.20159948
2022-10-18 19:00:00,0.1521885208617624,0.16555016
2022-10-18 20:00:00,0.12493797295620891,0.12286122
2022-10-18 21:00:00,0.08989786213455735,0.0850268
2022-10-18 22:00:00,0.08342120497870406,0.060415115
2022-10-18 23:00:00,0.04467497829053468,0.040130384
2022-10-19 00:00:00,0.012818922383492536,0.01640871
2022-10-19 01:00:00,0.005628954224041683,0.0021094196
2022-10-19 02:00:00,0.0002481081751643717,-0.0009492859
2022-10-19 03:00:00,0.0003980068643261796,-0.0010560825
2022-10-19 04:00:00,0.023983790265889263,0.0082451925
2022-10-19 05:00:00,0.08661042881362942,0.09656335
2022-10-19 06:00:00,0.19329694413430923,0.1804942
2022-10-19 07:00:00,0.49327006574866644,0.4088568
2022-10-19 08:00:00,0.2808636232063847,0.2707731
2022-10-19 09:00:00,0.21361080097589216,0.2606782
2022-10-19 10:00:00,0.16399433486333376,0.1821933
2022-10-19 11:00:00,0.1886966050531365,0.19095272
2022-10-19 12:00:00,0.26099946243228717,0.22859171
2022-10-19 13:00:00,0.3022939668362073,0.33526254
2022-10-19 14:00:00,0.2693731133440847,0.2603832
2022-10-19 15:00:00,0.3251250878716454,0.31869507
2022-10-19 16:00:00,0.3608681718562627,0.3501274
2022-10-19 17:00:00,0.32264400612000166,0.29427963
2022-10-19 18:00:00,0.226341851714014,0.22709247
2022-10-19 19:00:00,0.14887007401893892,0.17243394
2022-10-19 20:00:00,0.12212091138403011,0.122715205
2022-10-19 21:00:00,0.08310073191911674,0.08393797
2022-10-19 22:00:00,0.07232353306041435,0.058630534
2022-10-19 23:00:00,0.05300727783980483,0.04015931
2022-10-20 00:00:00,0.02364264152503825,0.018218383
2022-10-20 01:00:00,0.00547388661456395,0.003378801
2022-10-20 02:00:00,0.00012922300789811026,-0.00067603216
2022-10-20 03:00:00,5.685812347516851e-05,-0.00097406283
2022-10-20 04:00:00,0.011960881611049084,0.0112989135
2022-10-20 05:00:00,0.07494417566058802,0.077872425
2022-10-20 06:00:00,0.1952146135715172,0.16886216
2022-10-20 07:00:00,0.4590776578588265,0.4296381
2022-10-20 08:00:00,0.26060662448827693,0.23397936
2022-10-20 09:00:00,0.21434995658106937,0.22816655
2022-10-20 10:00:00,0.17616197328701982,0.18088666
2022-10-20 11:00:00,0.19902410784435348,0.21325861
2022-10-20 12:00:00,0.25846152255716826,0.24311404
2022-10-20 13:00:00,0.33718934788901295,0.33415973
2022-10-20 14:00:00,0.2847248066823802,0.2809698
2022-10-20 15:00:00,0.39848757391556056,0.34097433
2022-10-20 16:00:00,0.3776619939627011,0.38809967
2022-10-20 17:00:00,0.3172424843898607,0.328435
2022-10-20 18:00:00,0.26887689699375594,0.23420045
2022-10-20 19:00:00,0.16391163213827897,0.19609863
2022-10-20 20:00:00,0.10829404953893232,0.13837196
2022-10-20 21:00:00,0.10347144688417484,0.093973696
2022-10-20 22:00:00,0.07093309349543069,0.0733242
2022-10-20 23:00:00,0.042922714303436305,0.037869208
2022-10-21 00:00:00,0.028578960426746063,0.013339829
2022-10-21 01:00:00,0.007701691270727371,0.001614768
2022-10-21 02:00:00,0.00027912169705991815,-0.001263462
2022-10-21 03:00:00,5.16892031592441e-05,-0.0013805628
2022-10-21 04:00:00,0.012079766778315347,0.009341661
2022-10-21 05:00:00,0.0642031592440971,0.07777361
2022-10-21 06:00:00,0.18414278625480712,0.1367625
2022-10-21 07:00:00,0.417328288467105,0.38494396
2022-10-21 08:00:00,0.19408262002232976,0.21133974
2022-10-21 09:00:00,0.1680932886738618,0.18051937
2022-10-21 10:00:00,0.13553425960385396,0.15313679
2022-10-21 11:00:00,0.19841417524707441,0.17288174
2022-10-21 12:00:00,0.2644006120001654,0.23836502
2022-10-21 13:00:00,0.3550944878633751,0.36733407
2022-10-21 14:00:00,0.29128416656328826,0.26738572
2022-10-21 15:00:00,0.288363726584791,0.28679878
2022-10-21 16:00:00,0.28212483976347025,0.2778893
2022-10-21 17:00:00,0.26207976677831535,0.24298905
2022-10-21 18:00:00,0.23838026712980195,0.21162337
2022-10-21 19:00:00,0.18082950833229958,0.18716675
2022-10-21 20:00:00,0.1273105073812182,0.1638874
2022-10-21 21:00:00,0.0788570483397428,0.11351444
2022-10-21 22:00:00,0.07185316131166522,0.084930465
2022-10-21 23:00:00,0.050045486498780135,0.05819755
2022-10-22 00:00:00,0.02594797998594054,0.018377863
2022-10-22 01:00:00,0.006771285613860977,0.0023682714
2022-10-22 02:00:00,0.0011319935491874457,-0.00084905326
2022-10-22 03:00:00,0.0003876690236943308,-0.0017586537
2022-10-22 04:00:00,0.017574329074142993,0.002102308
2022-10-22 05:00:00,0.04702683703428028,0.02332031
2022-10-22 06:00:00,0.04725426952818096,0.032374334
2022-10-22 07:00:00,0.06106562461233098,0.03884957
2022-10-22 08:00:00,0.08644502336351984,0.09144081
2022-10-22 09:00:00,0.13238638713145598,0.12905519
2022-10-22 10:00:00,0.1637255510069057,0.15540597
2022-10-22 11:00:00,0.19806268866559154,0.17743723
2022-10-22 12:00:00,0.2011640408551462,0.20539954
2022-10-22 13:00:00,0.21256151015175953,0.22219832
2022-10-22 14:00:00,0.20898978621345574,0.22445893
2022-10-22 15:00:00,0.22166914774841834,0.21247426
2022-10-22 16:00:00,0.19668775586155565,0.22184792
2022-10-22 17:00:00,0.19925670925857009,0.20955004
2022-10-22 18:00:00,0.2169240788983997,0.20299189
2022-10-22 19:00:00,0.2047667783153455,0.18782501
2022-10-22 20:00:00,0.18118616383409836,0.16525555
2022-10-22 21:00:00,0.08898813215895464,0.1365127
2022-10-22 22:00:00,0.09253918041599471,0.10864012
2022-10-22 23:00:00,0.08509076624074764,0.07837553
2022-10-23 00:00:00,0.03675102344622255,0.04483863
2022-10-23 01:00:00,0.030915312409543896,0.024270892
2022-10-23 02:00:00,0.01937311334408469,0.010336585
2022-10-23 03:00:00,0.007681015589463673,0.004166439
2022-10-23 04:00:00,0.016261423313898193,0.005924251
2022-10-23 05:00:00,0.022851796716701817,0.013281003
2022-10-23 06:00:00,0.020980647562337182,0.015874658
2022-10-23 07:00:00,0.025524128520034738,0.016261559
2022-10-23 08:00:00,0.035236529793656705,0.026313564
2022-10-23 09:00:00,0.06899474837695903,0.061091036
2022-10-23 10:00:00,0.09754786420212547,0.09061013
2022-10-23 11:00:00,0.13535851631311252,0.11925207
2022-10-23 12:00:00,0.10243249390067403,0.14410347
2022-10-23 13:00:00,0.12302030351900096,0.12793382
2022-10-23 14:00:00,0.12916098085431915,0.13427758
2022-10-23 15:00:00,0.1215885125914899,0.14383167
2022-10-23 16:00:00,0.15357896042674607,0.14034691
2022-10-23 17:00:00,0.17522122978952157,0.15672751
2022-10-23 18:00:00,0.1531189265186288,0.16542657
2022-10-23 19:00:00,0.10306310217921681,0.13907069
2022-10-23 20:00:00,0.09208431542819337,0.101585
2022-10-23 21:00:00,0.06334511847165365,0.0687899
2022-10-23 22:00:00,0.049425216060869206,0.04136926
2022-10-23 23:00:00,0.016649092337592524,0.03185975
2022-10-24 00:00:00,0.05172021668113965,0.024874708
2022-10-24 01:00:00,0.04351197121945168,0.030507289
2022-10-24 02:00:00,0.01611669354505231,0.016820556
2022-10-24 03:00:00,0.013082537319604681,0.0065034144
2022-10-24 04:00:00,0.020412066327585496,0.010902796
2022-10-24 05:00:00,0.08517863788611836,0.082083195
2022-10-24 06:00:00,0.21200326675763967,0.19160694
2022-10-24 07:00:00,0.4347372120911384,0.43809575
2022-10-24 08:00:00,0.24615432328495226,0.21456333
2022-10-24 09:00:00,0.17200099243270067,0.20951687
2022-10-24 10:00:00,0.15275193317619817,0.16624324
2022-10-24 11:00:00,0.14935595252863584,0.17864667
2022-10-24 12:00:00,0.1820028532440144,0.2007268
2022-10-24 13:00:00,0.23439502956622424,0.29225743
2022-10-24 14:00:00,0.22721023032708929,0.23211567
2022-10-24 15:00:00,0.268328991440268,0.29511732
2022-10-24 16:00:00,0.3551926973493777,0.30594724
2022-10-24 17:00:00,0.2850401108216516,0.2614165
2022-10-24 18:00:00,0.19537485010131087,0.19612348
2022-10-24 19:00:00,0.16818116031923253,0.14620122
2022-10-24 20:00:00,0.09462742422362817,0.123719424
2022-10-24 21:00:00,0.06387751726419386,0.07528759
2022-10-24 22:00:00,0.04965781747508581,0.04302737
2022-10-24 23:00:00,0.03685440185254105,0.029934142
2022-10-25 00:00:00,0.0142507133110036,0.013254816
2022-10-25 01:00:00,0.004858785096968946,0.0013735816
2022-10-25 02:00:00,0.00027912169705991815,-0.0014163554
2022-10-25 03:00:00,0.000630608278542778,-0.0015300661
2022-10-25 04:00:00,0.014297233593846919,0.007192597
2022-10-25 05:00:00,0.08606769218045736,0.07949915
2022-10-25 06:00:00,0.2045703593433404,0.19382817
2022-10-25 07:00:00,0.4485899185378159,0.43517822
2022-10-25 08:00:00,0.24589587726915604,0.22670491
2022-10-25 09:00:00,0.20286978455940124,0.21651097
2022-10-25 10:00:00,0.153651325311169,0.17168961
2022-10-25 11:00:00,0.15768308315759005,0.18545824
2022-10-25 12:00:00,0.21487718645329365,0.20937191
2022-10-25 13:00:00,0.28617210437083906,0.30856502
2022-10-25 14:00:00,0.24964851341851715,0.24460213
2022-10-25 15:00:00,0.3544328660629368,0.30183262
2022-10-25 16:00:00,0.3693038498118513,0.3491521
2022-10-25 17:00:00,0.31787309266840347,0.28095394
2022-10-25 18:00:00,0.22300272918992683,0.21631022
2022-10-25 19:00:00,0.14154571393127405,0.1657201
2022-10-25 20:00:00,0.09349543067444073,0.11743261
2022-10-25 21:00:00,0.07349170905181326,0.07030785
2022-10-25 22:00:00,0.05191146673282885,0.044462107
2022-10-25 23:00:00,0.03280713724517223,0.031765033
2022-10-26 00:00:00,0.013098044080552455,0.011782136
2022-10-26 01:00:00,0.0022122978952156475,0.0010809638
2022-10-26 02:00:00,3.101352189554646e-05,-0.0015347861
2022-10-26 03:00:00,8.787164537071497e-05,-0.0011454895
2022-10-26 04:00:00,0.012064260017367573,0.010342281
2022-10-26 05:00:00,0.07996836620766655,0.08313743
2022-10-26 06:00:00,0.23425029979737835,0.18167737
2022-10-26 07:00:00,0.4658386056320556,0.5074107
2022-10-26 08:00:00,0.26192469916883765,0.2307664
2022-10-26 09:00:00,0.2305751974527561,0.251335
2022-10-26 10:00:00,0.17158747880742672,0.18555062
2022-10-26 11:00:00,0.18495947566472318,0.19979618
2022-10-26 12:00:00,0.2078371169830046,0.22821891
2022-10-26 13:00:00,0.3239310672786669,0.30911613
2022-10-26 14:00:00,0.28153558284745483,0.2628459
2022-10-26 15:00:00,0.32643282471157425,0.3258627
2022-10-26 16:00:00,0.35232394657403965,0.33370906
2022-10-26 17:00:00,0.3243807633461523,0.30028462
2022-10-26 18:00:00,0.22872989289997106,0.22744681
2022-10-26 19:00:00,0.14647686391266593,0.17549622
2022-10-26 20:00:00,0.11455361204151678,0.12312336
2022-10-26 21:00:00,0.07382768887234835,0.08099159
2022-10-26 22:00:00,0.0637793077781913,0.05359339
2022-10-26 23:00:00,0.047884877806723736,0.03670805
2022-10-27 00:00:00,0.0161993962701071,0.017455108
2022-10-27 01:00:00,0.003302940081875698,0.0024729036
2022-10-27 02:00:00,1.033784063184882e-05,-0.0014089271
2022-10-27 03:00:00,8.270272505479056e-05,-0.0011343323
2022-10-27 04:00:00,0.012663854774014804,0.01098866
2022-10-27 05:00:00,0.08336951577554481,0.08005879
2022-10-27 06:00:00,0.18866559153124096,0.18293183
2022-10-27 07:00:00,0.44848654013149736,0.4092878
2022-10-27 08:00:00,0.28871521316627385,0.2263521
2022-10-27 09:00:00,0.19436174171938966,0.25282073
2022-10-27 10:00:00,0.16630484224455197,0.17655286
2022-10-27 11:00:00,0.19954616879626186,0.19327696
2022-10-27 12:00:00,0.24298060621097467,0.2300567
2022-10-27 13:00:00,0.33515279328453873,0.32814723
2022-10-27 14:00:00,0.25409895381052805,0.28200865
2022-10-27 15:00:00,0.3432318157383286,0.3225419
2022-10-27 16:00:00,0.36169003018649465,0.36089885
2022-10-27 17:00:00,0.30135839225902494,0.31503087
2022-10-27 18:00:00,0.2130680643427201,0.22619657
2022-10-27 19:00:00,0.14216081544886905,0.16508073
2022-10-27 20:00:00,0.10137286523590953,0.118597895
2022-10-27 21:00:00,0.0636087334077658,0.07718194
2022-10-27 22:00:00,0.055969069180829514,0.05053226
2022-10-27 23:00:00,0.031209940867551588,0.033331964
2022-10-28 00:00:00,0.01843753876690237,0.011647593
2022-10-28 01:00:00,0.004362568746640202,0.00049029663
2022-10-28 02:00:00,9.304056568663938e-05,-0.0016488954
2022-10-28 03:00:00,0.0002119257329529008,-0.001395259
2022-10-28 04:00:00,0.016194227349791177,0.011292294
2022-10-28 05:00:00,0.07040586362320639,0.07925396
2022-10-28 06:00:00,0.18073646776661292,0.15141709
2022-10-28 07:00:00,0.46897614026382173,0.39773828
2022-10-28 08:00:00,0.2200564446098499,0.21212377
2022-10-28 09:00:00,0.20981681346400366,0.18497053
2022-10-28 10:00:00,0.15394078484886078,0.167517
2022-10-28 11:00:00,0.19747343174957616,0.18980926
2022-10-28 12:00:00,0.30161166935450523,0.25304675
2022-10-28 13:00:00,0.38520861762395076,0.39855546
2022-10-28 14:00:00,0.31095190836538067,0.29594356
2022-10-28 15:00:00,0.35477401480378784,0.31350362
2022-10-28 16:00:00,0.33442914444030936,0.32518715
2022-10-28 17:00:00,0.3259314394409296,0.27714652
2022-10-28 18:00:00,0.2858051110284084,0.24686672
2022-10-28 19:00:00,0.2253907703758839,0.22321598
2022-10-28 20:00:00,0.15657693420998223,0.2032695
2022-10-28 21:00:00,0.12767233180333293,0.14315657
2022-10-28 22:00:00,0.11184509779597239,0.11387879
2022-10-28 23:00:00,0.08852292933052144,0.09478875
2022-10-29 00:00:00,0.015573956911880248,0.027840048
2022-10-29 01:00:00,0.003897365918207005,0.0041993037
2022-10-29 02:00:00,0.0,-0.0006499402
2022-10-29 03:00:00,0.0005737501550676095,-0.0016815327
2022-10-29 04:00:00,0.01603399081999752,0.0039771125
2022-10-29 05:00:00,0.02988669726667494,0.02848568
2022-10-29 06:00:00,0.05714241409254436,0.033500955
2022-10-29 07:00:00,0.05739569118802465,0.06922559
2022-10-29 08:00:00,0.10982921887276187,0.08971178
2022-10-29 09:00:00,0.15760554935285118,0.16370204
2022-10-29 10:00:00,0.17814166976801887,0.19091469
2022-10-29 11:00:00,0.21079373940371338,0.19370511
2022-10-29 12:00:00,0.23636955712690735,0.22101854
2022-10-29 13:00:00,0.2582599346648472,0.25488997
2022-10-29 14:00:00,0.27002439730389116,0.26439142
2022-10-29 15:00:00,0.2788167307612786,0.2574197
2022-10-29 16:00:00,0.2676105115163545,0.2666011
2022-10-29 17:00:00,0.2798091634619361,0.25819692
2022-10-29 18:00:00,0.3051523797709135,0.2662006
2022-10-29 19:00:00,0.23378509696894514,0.24415126
2022-10-29 20:00:00,0.20338150767067775,0.20818105
2022-10-29 21:00:00,0.15922859033205145,0.16229567
2022-10-29 22:00:00,0.12049270148451392,0.13728875
2022-10-29 23:00:00,0.11536513253111691,0.111443475
2022-10-30 00:00:00,0.05572612992598107,0.059682876
2022-10-30 01:00:00,0.030863623206384652,0.02998488
2022-10-30 02:00:00,0.014969193234917091,0.01576807
2022-10-30 03:00:00,0.0054997312161435725,0.006177433
2022-10-30 04:00:00,0.017610511516354465,0.008255396
2022-10-30 05:00:00,0.02510544597444486,0.016597087
2022-10-30 06:00:00,0.018685646942066744,0.017855518
2022-10-30 07:00:00,0.030382913617003682,0.017623179
2022-10-30 08:00:00,0.04808646569904479,0.02997882
2022-10-30 09:00:00,0.09032171360046315,0.075697795
2022-10-30 10:00:00,0.11327171980316753,0.11118506
2022-10-30 11:00:00,0.13187466402017947,0.13618606
2022-10-30 12:00:00,0.15096865566720424,0.14291795
2022-10-30 13:00:00,0.15071537857172396,0.15973546
2022-10-30 14:00:00,0.19020592978538645,0.16503721
2022-10-30 15:00:00,0.17592420295248729,0.18377641
2022-10-30 16:00:00,0.20542840011578384,0.19166176
2022-10-30 17:00:00,0.21800955216474385,0.19633003
2022-10-30 18:00:00,0.1600659554232312,0.19433469
2022-10-30 19:00:00,0.1404964231071414,0.15011063
2022-10-30 20:00:00,0.10038043253525204,0.120268285
2022-10-30 21:00:00,0.08540607038001903,0.08111678
2022-10-30 22:00:00,0.06307633461522558,0.059857816
2022-10-30 23:00:00,0.041087747591283134,0.042408265
2022-10-31 00:00:00,0.05714241409254436,0.03419751
2022-10-31 01:00:00,0.018809701029648927,0.025897795
2022-10-31 02:00:00,0.00792395484431212,0.008765072
2022-10-31 03:00:00,0.00012922300789811026,0.0018254444
2022-10-31 04:00:00,0.01112351651986933,0.0069867
2022-10-31 05:00:00,0.060858867799694,0.07494921
2022-10-31 06:00:00,0.10561654881528347,0.1462467
2022-10-31 07:00:00,0.1640873754290204,0.16308337
2022-10-31 08:00:00,0.1447969648099905,0.12766974
2022-10-31 09:00:00,0.18516623247736014,0.1439328
2022-10-31 10:00:00,0.17311747922094034,0.17786457
2022-10-31 11:00:00,0.22491006078650294,0.17908373
2022-10-31 12:00:00,0.23831824008601085,0.2273644
2022-10-31 13:00:00,0.27425257412231735,0.26277542
2022-10-31 14:00:00,0.2769093991647025,0.26911873
2022-10-31 15:00:00,0.2997353512798247,0.29259774
2022-10-31 16:00:00,0.3348840094281107,0.32598954
2022-10-31 17:00:00,0.3646001323243601,0.30748892
2022-10-31 18:00:00,0.287748625067196,0.27574757
2022-10-31 19:00:00,0.23366621180167887,0.22008248
2022-10-31 20:00:00,0.18315035355414963,0.18159585
2022-10-31 21:00:00,0.1357771988587024,0.13795465
2022-10-31 22:00:00,0.13343567795558864,0.10517739
2022-10-31 23:00:00,0.11026340817929951,0.08695057
2022-11-01 00:00:00,0.023833891576727453,0.044635277
2022-11-01 01:00:00,0.008699292891700782,0.011176761
2022-11-01 02:00:00,0.0003101352189554646,0.0011756644
2022-11-01 03:00:00,0.0009665880990778647,-0.0008294843
2022-11-01 04:00:00,0.01901128892196998,0.007314697
2022-11-01 05:00:00,0.041609808543191504,0.08789338
2022-11-01 06:00:00,0.03741264524666088,0.04512403
2022-11-01 07:00:00,0.03293119133275442,0.056337833
2022-11-01 08:00:00,0.04970433775792913,0.06017566
2022-11-01 09:00:00,0.07971508911218625,0.106169075
2022-11-01 10:00:00,0.10820100897324568,0.10735069
2022-11-01 11:00:00,0.125821858330232,0.13393335
2022-11-01 12:00:00,0.13786027374601995,0.14609294
2022-11-01 13:00:00,0.1454068974072696,0.15171473
2022-11-01 14:00:00,0.15262787908861597,0.1668635
2022-11-01 15:00:00,0.15632882603481785,0.16748935
2022-11-01 16:00:00,0.17496795269404128,0.17832091
2022-11-01 17:00:00,0.18227163710044247,0.16956148
2022-11-01 18:00:00,0.16186473969317292,0.14819048
2022-11-01 19:00:00,0.13703324649547205,0.12719196
2022-11-01 20:00:00,0.09438448496877973,0.10520581
2022-11-01 21:00:00,0.08689471943100525,0.06713834
2022-11-01 22:00:00,0.06952197824918331,0.051373206
2022-11-01 23:00:00,0.037603895298350086,0.035240203
2022-11-02 00:00:00,0.08243911011867841,0.015758876
2022-11-02 01:00:00,0.03842058470826614,0.009954665
2022-11-02 02:00:00,0.02137865442666336,0.0077951998
2022-11-02 03:00:00,0.012948145391390647,0.004996337
2022-11-02 04:00:00,0.021285613860976722,0.0096776
2022-11-02 05:00:00,0.09229624116114626,0.081926465
2022-11-02 06:00:00,0.16912190381673078,0.21573593
2022-11-02 07:00:00,0.26321692924781875,0.33285308
2022-11-02 08:00:00,0.20536637307199274,0.19691615
2022-11-02 09:00:00,0.2097599553405285,0.21747133
2022-11-02 10:00:00,0.20951701608568005,0.20204656
2022-11-02 11:00:00,0.21206012488111484,0.21320912
2022-11-02 12:00:00,0.2368502667162883,0.23848055
2022-11-02 13:00:00,0.24721395194971676,0.28236723
2022-11-02 14:00:00,0.27794318322788736,0.25332075
2022-11-02 15:00:00,0.30033494603647193,0.31020546
2022-11-02 16:00:00,0.4134464293098458,0.33586824
2022-11-02 17:00:00,0.346421039573254,0.3363598
2022-11-02 18:00:00,0.2779380143075715,0.25267398
2022-11-02 19:00:00,0.17117913410246868,0.20354496
2022-11-02 20:00:00,0.14745895877269158,0.14167899
2022-11-02 21:00:00,0.08581441508497706,0.10214593
2022-11-02 22:00:00,0.0826665426125791,0.07001828
2022-11-02 23:00:00,0.04852065500558244,0.04434768
2022-11-03 00:00:00,0.02207128974899723,0.019145373
2022-11-03 01:00:00,0.004801926973493777,0.003471218
2022-11-03 02:00:00,0.00017057437042550553,-0.0008005686
2022-11-03 03:00:00,0.0,-0.0008785948
2022-11-03 04:00:00,0.014028449737418848,0.010107994
2022-11-03 05:00:00,0.09313360625232601,0.08388069
2022-11-03 06:00:00,0.19001984865401317,0.2114454
2022-11-03 07:00:00,0.3003814663193152,0.39270556
2022-11-03 08:00:00,0.20869515775544806,0.21404284
2022-11-03 09:00:00,0.18448393499565813,0.21201727
2022-11-03 10:00:00,0.18349150229500064,0.17774677
2022-11-03 11:00:00,0.19032998387296862,0.19436581
2022-11-03 12:00:00,0.20578505561758262,0.21997868
2022-11-03 13:00:00,0.287267915477815,0.27477333
2022-11-03 14:00:00,0.2628447669850722,0.267295
2022-11-03 15:00:00,0.31318488194186,0.31299883
2022-11-03 16:00:00,0.38868213207625196,0.33847505
2022-11-03 17:00:00,0.37206405326055497,0.33136106
2022-11-03 18:00:00,0.2969182897076459,0.266069
2022-11-03 19:00:00,0.18129471116073276,0.21674533
2022-11-03 20:00:00,0.15267956829177523,0.15597604
2022-11-03 21:00:00,0.1272433114171112,0.11322525
2022-11-03 22:00:00,0.09892796592647729,0.094643205
2022-11-03 23:00:00,0.0620011991895133,0.060409285
2022-11-04 00:00:00,0.022360749286688998,0.021723261
2022-11-04 01:00:00,0.00368027126493818,0.003900379
2022-11-04 02:00:00,9.820948600256379e-05,-0.0012089834
2022-11-04 03:00:00,0.0005117231112765166,-0.0016185567
2022-11-04 04:00:00,0.01690236943307282,0.008802332
2022-11-04 05:00:00,0.07414299301161974,0.09225569
2022-11-04 06:00:00,0.17862754827771576,0.15741494
2022-11-04 07:00:00,0.2300479675805318,0.38905996
2022-11-04 08:00:00,0.1837809618326924,0.1971234
2022-11-04 09:00:00,0.19750961419178764,0.19060914
2022-11-04 10:00:00,0.1719441343092255,0.19035475
2022-11-04 11:00:00,0.17730947359715504,0.20564093
2022-11-04 12:00:00,0.23060621097465164,0.23240344
2022-11-04 13:00:00,0.3104918744572634,0.2873234
2022-11-04 14:00:00,0.27971095397593354,0.29914218
2022-11-04 15:00:00,0.3172269776289129,0.30624926
2022-11-04 16:00:00,0.3210778232642766,0.314712
2022-11-04 17:00:00,0.30764379936318903,0.2804227
2022-11-04 18:00:00,0.2632117603275028,0.24619968
2022-11-04 19:00:00,0.20165508828515902,0.2112458
2022-11-04 20:00:00,0.155636190712484,0.17472132
2022-11-04 21:00:00,0.10552350824959683,0.12732035
2022-11-04 22:00:00,0.10399867675639914,0.10465065
2022-11-04 23:00:00,0.09091097051647852,0.084440246
2022-11-05 00:00:00,0.033840921308357114,0.02755324
2022-11-05 01:00:00,0.005654798825621305,0.006205149
2022-11-05 02:00:00,4.652028284331969e-05,8.754432e-07
2022-11-05 03:00:00,0.002331183062481909,-0.001498133
2022-11-05 04:00:00,0.011164867882396725,0.0040122755
2022-11-05 05:00:00,0.0323987925402142,0.025213141
2022-11-05 06:00:00,0.03257970475127156,0.030560628
2022-11-05 07:00:00,0.042529876359426046,0.0330292
2022-11-05 08:00:00,0.07697039242443039,0.07327747
2022-11-05 09:00:00,0.12421949303229543,0.12598282
2022-11-05 10:00:00,0.17492143241119795,0.16104037
2022-11-05 11:00:00,0.2142310714138031,0.1923257
2022-11-05 12:00:00,0.1998563040152173,0.22123767
2022-11-05 13:00:00,0.19451164040855148,0.21861543
2022-11-05 14:00:00,0.24380763346152257,0.21074815
2022-11-05 15:00:00,0.23516002977298103,0.23235069
2022-11-05 16:00:00,0.23717590869619157,0.23208164
2022-11-05 17:00:00,0.2545900012405409,0.22787695
2022-11-05 18:00:00,0.23171752884257538,0.24773397
2022-11-05 19:00:00,0.1761568043667039,0.21504326
2022-11-05 20:00:00,0.141070173262209,0.16195963
2022-11-05 21:00:00,0.13377165777612374,0.1195576
2022-11-05 22:00:00,0.10034941901335649,0.10207834
2022-11-05 23:00:00,0.07983397427945252,0.08466922
2022-11-06 00:00:00,0.05445974444857959,0.04532886
2022-11-06 01:00:00,0.04019869329694414,0.025710426
2022-11-06 02:00:00,0.024056155150312206,0.0131825395
2022-11-06 03:00:00,0.011862672125046521,0.0066345334
2022-11-06 04:00:00,0.011997064053260556,0.007410962
2022-11-06 05:00:00,0.02483666211801679,0.013767367
2022-11-06 06:00:00,0.020598147458958774,0.015497329
2022-11-06 07:00:00,0.025213993301079273,0.017558662
2022-11-06 08:00:00,0.040560517719058845,0.028202802
2022-11-06 09:00:00,0.06270417235247902,0.0657484
2022-11-06 10:00:00,0.08730823305627922,0.08691329
2022-11-06 11:00:00,0.11955712690733161,0.10984858
2022-11-06 12:00:00,0.11298226026547575,0.13104638
2022-11-06 13:00:00,0.13313588057726503,0.13611516
2022-11-06 14:00:00,0.14698341810362653,0.14108616
2022-11-06 15:00:00,0.12719162221395197,0.15016133
2022-11-06 16:00:00,0.17613095976512427,0.14973854
2022-11-06 17:00:00,0.155977339453335,0.16814277
2022-11-06 18:00:00,0.1404757474258777,0.15349597
2022-11-06 19:00:00,0.12030145143282472,0.12618841
2022-11-06 20:00:00,0.10545631228548981,0.10374881
2022-11-06 21:00:00,0.08121924492412026,0.07806444
2022-11-06 22:00:00,0.054563122854898075,0.057345495
2022-11-06 23:00:00,0.028356696853161313,0.037844718
2022-11-07 00:00:00,0.05489393375511724,0.027594361
2022-11-07 01:00:00,0.023740851011040814,0.026940871
2022-11-07 02:00:00,0.018525410412273086,0.010999776
2022-11-07 03:00:00,0.012395070917586735,0.0046872906
2022-11-07 04:00:00,0.02332216846545094,0.008857675
2022-11-07 05:00:00,0.09014597030972171,0.082962856
2022-11-07 06:00:00,0.22872472397965515,0.19721809
2022-11-07 07:00:00,0.5637534631766117,0.4686399
2022-11-07 08:00:00,0.2761340611173138,0.25705433
2022-11-07 09:00:00,0.21763222098168136,0.22743383
2022-11-07 10:00:00,0.1827213331679279,0.18412854
2022-11-07 11:00:00,0.21566286234131415,0.2094314
2022-11-07 12:00:00,0.2366331720630195,0.25055793
2022-11-07 13:00:00,0.2678896332134144,0.3493296
2022-11-07 14:00:00,0.12884050779473186,0.26671666
2022-11-07 15:00:00,0.17413058760286154,0.2430138
2022-11-07 16:00:00,0.2367210437083902,0.22111699
2022-11-07 17:00:00,0.28903051730554524,0.2089035
2022-11-07 18:00:00,0.20965140801389406,0.20164968
2022-11-07 19:00:00,0.17296758053177855,0.16857514
2022-11-07 20:00:00,0.12276702642352066,0.14060915
2022-11-07 21:00:00,0.08988752429392549,0.09347763
2022-11-07 22:00:00,0.08503390811727247,0.06889637
2022-11-07 23:00:00,0.03939234172765993,0.048401516
2022-11-08 00:00:00,0.016566389612537733,0.025649244
2022-11-08 01:00:00,0.003995575404209569,0.0058694556
2022-11-08 02:00:00,8.787164537071497e-05,0.0006104298
2022-11-08 03:00:00,9.820948600256379e-05,-0.00055767596
2022-11-08 04:00:00,0.01831865359963611,0.006762475
2022-11-08 05:00:00,0.08897262539800688,0.08671626
2022-11-08 06:00:00,0.21933796468593642,0.1956356
2022-11-08 07:00:00,0.5441632551792582,0.45747834
2022-11-08 08:00:00,0.2953314311706571,0.29244453
2022-11-08 09:00:00,0.2382458752015879,0.26701546
2022-11-08 10:00:00,0.17731981143778688,0.20257118
2022-11-08 11:00:00,0.18475788777240212,0.2149434
2022-11-08 12:00:00,0.24808233056279205,0.24017476
2022-11-08 13:00:00,0.2807912583219617,0.34128296
2022-11-08 14:00:00,0.22683289914402682,0.25890917
2022-11-08 15:00:00,0.3025317371707398,0.29806596
2022-11-08 16:00:00,0.3573998263242774,0.3249476
2022-11-08 17:00:00,0.33556113798949677,0.2959777
2022-11-08 18:00:00,0.2486198982756482,0.22953102
2022-11-08 19:00:00,0.148523756357772,0.18696211
2022-11-08 20:00:00,0.10156928420791465,0.12637332
2022-11-08 21:00:00,0.06351569284207916,0.07789046
2022-11-08 22:00:00,0.05631538684199645,0.044052664
2022-11-08 23:00:00,0.051012074597858004,0.031991288
2022-11-09 00:00:00,0.018758011826489684,0.014849588
2022-11-09 01:00:00,0.004889798618864492,0.0025689863
2022-11-09 02:00:00,3.101352189554646e-05,-0.0009783581
2022-11-09 03:00:00,7.236488442294174e-05,-0.00090307
2022-11-09 04:00:00,0.015041558119340033,0.012393463
2022-11-09 05:00:00,0.08536988793780756,0.08662791
2022-11-09 06:00:00,0.2545228052764339,0.1903903
2022-11-09 07:00:00,0.5450988297564405,0.53634673
2022-11-09 08:00:00,0.29295372782533186,0.28149182
2022-11-09 09:00:00,0.24774635074225698,0.25987035
2022-11-09 10:00:00,0.1737894388620105,0.21026905
2022-11-09 11:00:00,0.21544059876772942,0.2146472
2022-11-09 12:00:00,0.250889054294339,0.26112205
2022-11-09 13:00:00,0.33663110449489314,0.35001618
2022-11-09 14:00:00,0.27199892486457433,0.28147733
2022-11-09 15:00:00,0.3605787123185709,0.33646917
2022-11-09 16:00:00,0.41693028160277884,0.3850808
2022-11-09 17:00:00,0.32666542612579086,0.33910453
2022-11-09 18:00:00,0.2085297523053385,0.24256834
2022-11-09 19:00:00,0.14833767522639874,0.17064229
2022-11-09 20:00:00,0.12790493321754953,0.11824726
2022-11-09 21:00:00,0.08341603605838813,0.08526522
2022-11-09 22:00:00,0.07536802712649382,0.05838143
2022-11-09 23:00:00,0.04475251209527354,0.037251677
2022-11-10 00:00:00,0.018235950874581318,0.01562411
2022-11-10 01:00:00,0.004171318694950999,0.0020983145
2022-11-10 02:00:00,0.0003049662986395402,-0.0011785775
2022-11-10 03:00:00,0.0,-0.0009479448
2022-11-10 04:00:00,0.010575610966381344,0.012258172
2022-11-10 05:00:00,0.07781292643592606,0.07701486
2022-11-10 06:00:00,0.22289935078360834,0.17608528
2022-11-10 07:00:00,0.5685502212297896,0.49272484
2022-11-10 08:00:00,0.26000186081131377,0.28022468
2022-11-10 09:00:00,0.2159006326758467,0.23158179
2022-11-10 10:00:00,0.1742701484513915,0.18247055
2022-11-10 11:00:00,0.1981557292312782,0.20160149
2022-11-10 12:00:00,0.24065459206880868,0.24125676
2022-11-10 13:00:00,0.31842616714220734,0.35267764
2022-11-10 14:00:00,0.2760616962328909,0.27499253
2022-11-10 15:00:00,0.3621138816524005,0.34695172
2022-11-10 16:00:00,0.37952797419674983,0.38418424
2022-11-10 17:00:00,0.36279101021378657,0.32407123
2022-11-10 18:00:00,0.22548381094157055,0.25136644
2022-11-10 19:00:00,0.14561882314022248,0.18013252
2022-11-10 20:00:00,0.10292354133068686,0.12752
2022-11-10 21:00:00,0.07922404168217344,0.08202534
2022-11-10 22:00:00,0.07186349915229708,0.057491023
2022-11-10 23:00:00,0.050970723235330605,0.035330936
2022-11-11 00:00:00,0.023120580573129886,0.014802897
2022-11-11 01:00:00,0.006729934251333582,0.0018215925
2022-11-11 02:00:00,0.0007236488442294174,-0.0010689162
2022-11-11 03:00:00,4.652028284331969e-05,-0.0011703372
2022-11-11 04:00:00,0.022231526278790888,0.015006611
2022-11-11 05:00:00,0.07795248728445603,0.094078906
2022-11-11 06:00:00,0.1989000537567713,0.16670832
2022-11-11 07:00:00,0.452342554687177,0.43626386
2022-11-11 08:00:00,0.2189761402638217,0.21733424
2022-11-11 09:00:00,0.1977112020841087,0.19296072
2022-11-11 10:00:00,0.19143613282057645,0.16807826
2022-11-11 11:00:00,0.21345056444609853,0.20470273
2022-11-11 12:00:00,0.2587354753339123,0.26133847
2022-11-11 13:00:00,0.3835442252822231,0.39380682
2022-11-11 14:00:00,0.30378778480750945,0.3059181
2022-11-11 15:00:00,0.30529710953975936,0.31453735
2022-11-11 16:00:00,0.32069532316089816,0.30651134
2022-11-11 17:00:00,0.27752966960261344,0.26687562
2022-11-11 18:00:00,0.24583901914568088,0.23078051
2022-11-11 19:00:00,0.16007112434354714,0.20047048
2022-11-11 20:00:00,0.1323450357689286,0.15589045
2022-11-11 21:00:00,0.08307488731753712,0.108381525
2022-11-11 22:00:00,0.07578154075176778,0.08238236
2022-11-11 23:00:00,0.06899474837695903,0.05760307
2022-11-12 00:00:00,0.02087726915601869,0.02090569
2022-11-12 01:00:00,0.008347806310217922,0.002594363
2022-11-12 02:00:00,0.00045486498780134807,-0.0008875653
2022-11-12 03:00:00,7.753380473886615e-05,-0.0018078387
2022-11-12 04:00:00,0.009867468883099698,0.0027562901
2022-11-12 05:00:00,0.03173717073977588,0.02163856
2022-11-12 06:00:00,0.039108051110284085,0.026934836
2022-11-12 07:00:00,0.061370590910970524,0.032054514
2022-11-12 08:00:00,0.09582661373692264,0.089633174
2022-11-12 09:00:00,0.14646135715171815,0.13747182
2022-11-12 10:00:00,0.2162624570979614,0.17155816
2022-11-12 11:00:00,0.24117148410040112,0.22680731
2022-11-12 12:00:00,0.24038580821238062,0.24993055
2022-11-12 13:00:00,0.23440536740685608,0.26020682
2022-11-12 14:00:00,0.2652638216929248,0.2526266
2022-11-12 15:00:00,0.27704379109291655,0.2609512
2022-11-12 16:00:00,0.31126721250465206,0.2751755
2022-11-12 17:00:00,0.28096700161270316,0.28165126
2022-11-12 18:00:00,0.269900343216309,0.27666622
2022-11-12 19:00:00,0.15683538022577845,0.24632654
2022-11-12 20:00:00,0.1458772691560187,0.1707362
2022-11-12 21:00:00,0.11658499772567507,0.123854965
2022-11-12 22:00:00,0.11185543563660423,0.10167107
2022-11-12 23:00:00,0.08834718603978002,0.08896266
2022-11-13 00:00:00,0.05309514948517554,0.045634244
2022-11-13 01:00:00,0.03644605714758302,0.02255145
2022-11-13 02:00:00,0.019688417483356077,0.010284644
2022-11-13 03:00:00,0.005908075921101601,0.0038064606
2022-11-13 04:00:00,0.013878551048257042,0.0049380288
2022-11-13 05:00:00,0.030775751561013937,0.013544211
2022-11-13 06:00:00,0.0203707149650581,0.016829494
2022-11-13 07:00:00,0.024035479469048507,0.018334828
2022-11-13 08:00:00,0.040240044659471536,0.028975293
2022-11-13 09:00:00,0.0798960013232436,0.06593186
2022-11-13 10:00:00,0.09233242360335774,0.10063194
2022-11-13 11:00:00,0.11783587644212878,0.11716217
2022-11-13 12:00:00,0.1508911218624654,0.13054278
2022-11-13 13:00:00,0.16142021254600342,0.15717794
2022-11-13 14:00:00,0.18678410453624447,0.16855119
2022-11-13 15:00:00,0.1843081917049167,0.18225554
2022-11-13 16:00:00,0.19128106521109872,0.1918039
2022-11-13 17:00:00,0.22798039945416204,0.18646528
2022-11-13 18:00:00,0.13665591531240956,0.20129588
2022-11-13 19:00:00,0.11559773394533351,0.14705372
2022-11-13 20:00:00,0.10409171732208577,0.10756026
2022-11-13 21:00:00,0.08053694744241824,0.07624062
2022-11-13 22:00:00,0.059969813505355005,0.05543582
2022-11-13 23:00:00,0.03410970516478518,0.037210844
2022-11-14 00:00:00,0.052371500640946124,0.031931274
2022-11-14 01:00:00,0.04747136418144978,0.027743615
2022-11-14 02:00:00,0.029881528346359015,0.012829334
2022-11-14 03:00:00,0.015548112310300625,0.006872911
2022-11-14 04:00:00,0.022474465533639337,0.012517892
2022-11-14 05:00:00,0.09403299838729687,0.086776085
2022-11-14 06:00:00,0.239744862093206,0.21149701
2022-11-14 07:00:00,0.5248883513211761,0.4893036
2022-11-14 08:00:00,0.2697090931646198,0.23866044
2022-11-14 09:00:00,0.2175960385394699,0.22976248
2022-11-14 10:00:00,0.15646838688334783,0.18349013
2022-11-14 11:00:00,0.18552805689947485,0.19243543
2022-11-14 12:00:00,0.2384991522970682,0.22742362
2022-11-14 13:00:00,0.35239631145846256,0.3366204
2022-11-14 14:00:00,0.2889529835008064,0.28016722
2022-11-14 15:00:00,0.38413348219823845,0.33925492
2022-11-14 16:00:00,0.42430116197328704,0.36897415
2022-11-14 17:00:00,0.34920708762353725,0.30947983
2022-11-14 18:00:00,0.22063019476491752,0.23711367
2022-11-14 19:00:00,0.15863416449572015,0.17001005
2022-11-14 20:00:00,0.12116983004590003,0.12921187
2022-11-14 21:00:00,0.09649340445767689,0.08660259
2022-11-14 22:00:00,0.07242691146673283,0.063581936
2022-11-14 23:00:00,0.044721498573377996,0.040889356
2022-11-15 00:00:00,0.015558450150932475,0.017513715
2022-11-15 01:00:00,0.003215068436504983,0.0025022365
2022-11-15 02:00:00,0.00012405408758218585,-0.0012419447
2022-11-15 03:00:00,0.00011371624695033702,-0.0016664341
2022-11-15 04:00:00,0.014628044494066081,0.0075317994
2022-11-15 05:00:00,0.08567485423644709,0.080173574
2022-11-15 06:00:00,0.22299239134929497,0.19777884
2022-11-15 07:00:00,0.52147169499235,0.47418815
2022-11-15 08:00:00,0.2635890915105653,0.29512924
2022-11-15 09:00:00,0.20359343340363067,0.25885594
2022-11-15 10:00:00,0.15595149485175538,0.18793231
2022-11-15 11:00:00,0.17094653268825208,0.18837614
2022-11-15 12:00:00,0.21430860521854198,0.22101696
2022-11-15 13:00:00,0.30568477856345366,0.31178808
2022-11-15 14:00:00,0.2868544018525411,0.26176065
2022-11-15 15:00:00,0.3337830294008188,0.33128828
2022-11-15 16:00:00,0.3792643592606377,0.36495024
2022-11-15 17:00:00,0.31761464665260725,0.3046115
2022-11-15 18:00:00,0.21362113881652403,0.22371343
2022-11-15 19:00:00,0.1540700078567589,0.16408539
2022-11-15 20:00:00,0.11246019931356739,0.12185867
2022-11-15 21:00:00,0.08775792912376464,0.07915042
2022-11-15 22:00:00,0.0694547822850763,0.05628675
2022-11-15 23:00:00,0.034760989124591656,0.038126677
2022-11-16 00:00:00,0.017434768225613035,0.014553836
2022-11-16 01:00:00,0.005370508208245462,0.0020198599
2022-11-16 02:00:00,0.00018091221105735435,-0.0010146685
2022-11-16 03:00:00,6.719596410701733e-05,-0.0009912401
2022-11-16 04:00:00,0.016276930074845968,0.0105523355
2022-11-16 05:00:00,0.08727205061406774,0.08760083
2022-11-16 06:00:00,0.20554211636273417,0.18938656
2022-11-16 07:00:00,0.4949499648513419,0.44370902
2022-11-16 08:00:00,0.25519993383781997,0.26372585
2022-11-16 09:00:00,0.2167276599263946,0.23991737
2022-11-16 10:00:00,0.16191642889633215,0.17768416
2022-11-16 11:00:00,0.18483542157714097,0.18649687
2022-11-16 12:00:00,0.24640243146011662,0.22479472
2022-11-16 13:00:00,0.3406266798991027,0.3294531
2022-11-16 14:00:00,0.3088223131952198,0.2653076
2022-11-16 15:00:00,0.3870849356986313,0.33720362
2022-11-16 16:00:00,0.3395722201546541,0.3811186
2022-11-16 17:00:00,0.29577078939751067,0.29296172
2022-11-16 18:00:00,0.23088533267171155,0.21350604
2022-11-16 19:00:00,0.16367386180374643,0.17000574
2022-11-16 20:00:00,0.11436236198982758,0.13153645
2022-11-16 21:00:00,0.0821393127403548,0.086281165
2022-11-16 22:00:00,0.06699437621469628,0.05977047
2022-11-16 23:00:00,0.03806392920646735,0.038729712
2022-11-17 00:00:00,0.016158044907579706,0.015228752
2022-11-17 01:00:00,0.0033701360459827156,0.0017181076
2022-11-17 02:00:00,0.00021709465326882522,-0.0013089664
2022-11-17 03:00:00,0.0004858785096968945,-0.0011635572
2022-11-17 04:00:00,0.015212132489765539,0.010175228
2022-11-17 05:00:00,0.07337799280486293,0.08289382
2022-11-17 06:00:00,0.209382624157466,0.1460485
2022-11-17 07:00:00,0.48014100814621846,0.4572764
2022-11-17 08:00:00,0.26801368730099656,0.23875125
2022-11-17 09:00:00,0.22301306703055868,0.23267597
2022-11-17 10:00:00,0.16085680023156765,0.18095051
2022-11-17 11:00:00,0.17315883058346773,0.19123477
2022-11-17 12:00:00,0.19939627010710004,0.22258604
2022-11-17 13:00:00,0.3458783029400819,0.30541116
2022-11-17 14:00:00,0.2846782863995369,0.27695692
2022-11-17 15:00:00,0.3213827895629161,0.34585577
2022-11-17 16:00:00,0.3989062564611504,0.34372032
2022-11-17 17:00:00,0.3645329363602531,0.32566977
2022-11-17 18:00:00,0.19837799280486293,0.25837252
2022-11-17 19:00:00,0.14553095149485176,0.1719125
2022-11-17 20:00:00,0.09284414671463426,0.123168506
2022-11-17 21:00:00,0.07510441219038168,0.07598427
2022-11-17 22:00:00,0.06453397014431626,0.053556018
2022-11-17 23:00:00,0.043279369805235085,0.035713755
2022-11-18 00:00:00,0.02232973576479345,0.014575895
2022-11-18 01:00:00,0.0048949675391804165,0.0015596636
2022-11-18 02:00:00,3.101352189554646e-05,-0.001298517
2022-11-18 03:00:00,6.719596410701733e-05,-0.001152724
2022-11-18 04:00:00,0.01400777405615515,0.014815094
2022-11-18 05:00:00,0.08003039325145764,0.082926646
2022-11-18 06:00:00,0.17656514907166193,0.17588523
2022-11-18 07:00:00,0.45284393995782163,0.37375313
2022-11-18 08:00:00,0.2089122524087169,0.2074924
2022-11-18 09:00:00,0.19418082950833232,0.1844968
2022-11-18 10:00:00,0.1766633585576645,0.15999576
2022-11-18 11:00:00,0.1983521482032833,0.19226207
2022-11-18 12:00:00,0.2638423686060456,0.2486027
2022-11-18 13:00:00,0.3620156721663979,0.3774233
2022-11-18 14:00:00,0.30080014886490514,0.28958857
2022-11-18 15:00:00,0.33347806310217926,0.30629164
2022-11-18 16:00:00,0.30765930612413683,0.31385583
2022-11-18 17:00:00,0.32416366869288343,0.26467326
2022-11-18 18:00:00,0.23447773229127902,0.24790908
2022-11-18 19:00:00,0.17691146673282887,0.20423628
2022-11-18 20:00:00,0.13874932804035894,0.16453597
2022-11-18 21:00:00,0.10743083984617294,0.11484021
2022-11-18 22:00:00,0.10472232560062855,0.09260747
2022-11-18 23:00:00,0.06752160608692057,0.07541606
2022-11-19 00:00:00,0.024753959392962,0.02323183
2022-11-19 01:00:00,0.005541082578670968,0.0037181862
2022-11-19 02:00:00,0.0006099325972790803,-0.0007511787
2022-11-19 03:00:00,0.0005013852706446678,-0.0016117431
2022-11-19 04:00:00,0.008606252326014143,0.004396118
2022-11-19 05:00:00,0.02843423065790018,0.025885258
2022-11-19 06:00:00,0.03166997477566886,0.026964247
2022-11-19 07:00:00,0.04628768142910309,0.03309398
2022-11-19 08:00:00,0.056537650415581196,0.07607746
2022-11-19 09:00:00,0.111255840879957,0.102544665
2022-11-19 10:00:00,0.1562151097878675,0.14215031
2022-11-19 11:00:00,0.16478001075135426,0.17324138
2022-11-19 12:00:00,0.17772815614274493,0.17859222
2022-11-19 13:00:00,0.1965481950130257,0.1904152
2022-11-19 14:00:00,0.22941735930198903,0.20197462
2022-11-19 15:00:00,0.20345904147541663,0.21761204
2022-11-19 16:00:00,0.2312781706157218,0.21347189
2022-11-19 17:00:00,0.21852127527602036,0.218473
2022-11-19 18:00:00,0.18751292230078984,0.21488677
2022-11-19 19:00:00,0.14991419592275568,0.17353329
2022-11-19 20:00:00,0.13152317743869663,0.1326439
2022-11-19 21:00:00,0.07641731795062648,0.1034611
2022-11-19 22:00:00,0.10023053384609024,0.079627626
2022-11-19 23:00:00,0.08009242029524874,0.06285053
2022-11-20 00:00:00,0.04003845676715048,0.037355214
2022-11-20 01:00:00,0.03062585287185213,0.017923152
2022-11-20 02:00:00,0.01738307902245379,0.006967038
2022-11-20 03:00:00,0.013630442873092669,0.0029031038
2022-11-20 04:00:00,0.017786254807095895,0.0050454736
2022-11-20 05:00:00,0.01938862010503246,0.012244135
2022-11-20 06:00:00,0.019858991853781583,0.014162945
2022-11-20 07:00:00,0.026283959806475625,0.015835404
2022-11-20 08:00:00,0.03005210271678452,0.025842281
2022-11-20 09:00:00,0.05406173758425341,0.055487268
2022-11-20 10:00:00,0.06409461191746268,0.07770623
2022-11-20 11:00:00,0.08323512384733078,0.089895815
2022-11-20 12:00:00,0.09429661332340901,0.09529667
2022-11-20 13:00:00,0.10819067113261382,0.10798499
2022-11-20 14:00:00,0.1178823967249721,0.119132355
2022-11-20 15:00:00,0.1181149981391887,0.124527566
2022-11-20 16:00:00,0.16322933465657694,0.13093463
2022-11-20 17:00:00,0.13736405739569119,0.15406866
2022-11-20 18:00:00,0.11356634826117522,0.13417906
2022-11-20 19:00:00,0.10820100897324568,0.10413578
2022-11-20 20:00:00,0.08146218417896871,0.091581255
2022-11-20 21:00:00,0.05772133316792789,0.057366014
2022-11-20 22:00:00,0.04519187032212712,0.03271606
2022-11-20 23:00:00,0.02070152586527726,0.030022733
2022-11-21 00:00:00,0.06362424016871357,0.022893252
2022-11-21 01:00:00,0.03039325145763553,0.022879105
2022-11-21 02:00:00,0.01725385601455568,0.009713262
2022-11-21 03:00:00,0.011459496340404418,0.0045670792
2022-11-21 04:00:00,0.02369949964851342,0.008462384
2022-11-21 05:00:00,0.10472232560062855,0.088085905
2022-11-21 06:00:00,0.2507443245254931,0.2375279
2022-11-21 07:00:00,0.553410453624447,0.532662
2022-11-21 08:00:00,0.27289831699954514,0.24763864
2022-11-21 09:00:00,0.24672290451970394,0.24540173
2022-11-21 10:00:00,0.18370342802795353,0.19872472
2022-11-21 11:00:00,0.19571599884216187,0.21181275
2022-11-21 12:00:00,0.23687094239755202,0.24506998
2022-11-21 13:00:00,0.3206746474796345,0.34992164
2022-11-21 14:00:00,0.2655015920274573,0.27848843
2022-11-21 15:00:00,0.33545259066286237,0.3352918
2022-11-21 16:00:00,0.42314332382252,0.34790593
2022-11-21 17:00:00,0.3211915395112269,0.31115937
2022-11-21 18:00:00,0.21745647769093993,0.23155785
2022-11-21 19:00:00,0.15516065004341895,0.17008317
2022-11-21 20:00:00,0.10784952239176282,0.12600487
2022-11-21 21:00:00,0.0758280610346111,0.0796189
2022-11-21 22:00:00,0.06913430922548898,0.049742013
2022-11-21 23:00:00,0.046489269321424144,0.03705488
2022-11-22 00:00:00,0.012958483232022497,0.01580351
2022-11-22 01:00:00,0.0031427035520820413,0.002137959
2022-11-22 02:00:00,0.0002584460157962205,-0.0014520474
2022-11-22 03:00:00,2.067568126369764e-05,-0.0017623045
2022-11-22 04:00:00,0.012601827730223713,0.007151343
2022-11-22 05:00:00,0.07600380432535253,0.0829314
2022-11-22 06:00:00,0.21098498945540256,0.17692319
2022-11-22 07:00:00,0.5538291361700368,0.45356184
2022-11-22 08:00:00,0.2687631807468056,0.27904344
2022-11-22 09:00:00,0.2320431708224786,0.23311235
2022-11-22 10:00:00,0.16268142910308897,0.18843807
2022-11-22 11:00:00,0.20009924327006576,0.20304586
2022-11-22 12:00:00,0.23530992846214285,0.24478558
2022-11-22 13:00:00,0.3164981598643676,0.33631027
2022-11-22 14:00:00,0.27225737088037055,0.266981
2022-11-22 15:00:00,0.29058119340032257,0.3283496
2022-11-22 16:00:00,0.3309246164661126,0.33924222
2022-11-22 17:00:00,0.2772712235868172,0.28214175
2022-11-22 18:00:00,0.18851569284207917,0.20371334
2022-11-22 19:00:00,0.11784621428276063,0.1513773
2022-11-22 20:00:00,0.0921980316751437,0.101738915
2022-11-22 21:00:00,0.07165157341934417,0.061853472
2022-11-22 22:00:00,0.052940081875697806,0.041276634
2022-11-22 23:00:00,0.03299321837654551,0.028951453
2022-11-23 00:00:00,0.020210478435264443,0.0107114315
2022-11-23 01:00:00,0.004729562089070835,0.0012407452
2022-11-23 02:00:00,4.135136252739528e-05,-0.0012419708
2022-11-23 03:00:00,0.0,-0.0010674484
2022-11-23 04:00:00,0.01506223380060373,0.009130117
2022-11-23 05:00:00,0.07944113633544225,0.082872555
2022-11-23 06:00:00,0.20844704958028368,0.17916222
2022-11-23 07:00:00,0.5080480089318944,0.4545849
2022-11-23 08:00:00,0.2528894264566018,0.25250593
2022-11-23 09:00:00,0.2201339784145888,0.23062296
2022-11-23 10:00:00,0.18316069139478147,0.17720076
2022-11-23 11:00:00,0.1965895463755531,0.20173119
2022-11-23 12:00:00,0.2535717239383038,0.23737817
2022-11-23 13:00:00,0.33014927841872393,0.3395025
2022-11-23 14:00:00,0.2460561137989497,0.2679002
2022-11-23 15:00:00,0.3259882975644048,0.30908173
2022-11-23 16:00:00,0.3879998345945499,0.34946078
2022-11-23 17:00:00,0.3282832981846752,0.3095153
2022-11-23 18:00:00,0.23245151552743665,0.23213968
2022-11-23 19:00:00,0.16220588843402392,0.17584355
2022-11-23 20:00:00,0.11074411776868048,0.12766653
2022-11-23 21:00:00,0.06624488276888724,0.08278926
2022-11-23 22:00:00,0.06639995037836498,0.051911145
2022-11-23 23:00:00,0.0418630856386718,0.03513534
2022-11-24 00:00:00,0.014901997270810074,0.013785485
2022-11-24 01:00:00,0.004124798412107679,0.0014408976
2022-11-24 02:00:00,0.0007236488442294174,-0.0010963678
2022-11-24 03:00:00,0.00011371624695033702,-0.00090741366
2022-11-24 04:00:00,0.01669044370011992,0.012718895
2022-11-24 05:00:00,0.0863519827978332,0.08756101
2022-11-24 06:00:00,0.21788549807716165,0.186671
2022-11-24 07:00:00,0.4746722904519704,0.46766967
2022-11-24 08:00:00,0.20222883844022663,0.23264334
2022-11-24 09:00:00,0.1853057933258901,0.19605467
2022-11-24 10:00:00,0.1543698052350825,0.15974675
2022-11-24 11:00:00,0.1703986271347641,0.17327109
2022-11-24 12:00:00,0.21686205185460863,0.208947
2022-11-24 13:00:00,0.3072406235785469,0.31754297
2022-11-24 14:00:00,0.2776743993714593,0.25406486
2022-11-24 15:00:00,0.33421721870735643,0.3252566
2022-11-24 16:00:00,0.34944485795806973,0.33893514
2022-11-24 17:00:00,0.30044866228342226,0.2788768
2022-11-24 18:00:00,0.23213621138816526,0.21318695
2022-11-24 19:00:00,0.15708348840094283,0.16797742
2022-11-24 20:00:00,0.1197897283215482,0.12921023
2022-11-24 21:00:00,0.0755747839391308,0.089537196
2022-11-24 22:00:00,0.07735806144812472,0.06352161
2022-11-24 23:00:00,0.04729045197039243,0.04021053
2022-11-25 00:00:00,0.014043956498366622,0.016202291
2022-11-25 01:00:00,0.005510069056775421,0.0016899146
2022-11-25 02:00:00,0.00033081090021916225,-0.0017323382
2022-11-25 03:00:00,5.16892031592441e-05,-0.0017172918
2022-11-25 04:00:00,0.01857709961543233,0.009333059
2022-11-25 05:00:00,0.08966009180002482,0.08861983
2022-11-25 06:00:00,0.19134309225488982,0.19916564
2022-11-25 07:00:00,0.4334087995699459,0.40408206
2022-11-25 08:00:00,0.23411073894884837,0.20769203
2022-11-25 09:00:00,0.23052350824959683,0.20051543
2022-11-25 10:00:00,0.18495947566472318,0.18132094
2022-11-25 11:00:00,0.22660029772981022,0.21227294
2022-11-25 12:00:00,0.3001643716660464,0.2727546
2022-11-25 13:00:00,0.43998366621180174,0.39296746
2022-11-25 14:00:00,0.35429847413472276,0.3366633
2022-11-25 15:00:00,0.39403713352354963,0.3469283
2022-11-25 16:00:00,0.3765971963776207,0.35921544
2022-11-25 17:00:00,0.3548877310507382,0.31964946
2022-11-25 18:00:00,0.2889168010585949,0.29028702
2022-11-25 19:00:00,0.23759459124178142,0.23408589
2022-11-25 20:00:00,0.16872906587272052,0.21261893
2022-11-25 21:00:00,0.13864594963404045,0.14848363
2022-11-25 22:00:00,0.1371314559814746,0.118340306
2022-11-25 23:00:00,0.08331265765206965,0.10398156
2022-11-26 00:00:00,0.029318116031923254,0.030149564
2022-11-26 01:00:00,0.007215812761030477,0.0065875165
2022-11-26 02:00:00,0.0010286151428689576,8.5778534e-05
2022-11-26 03:00:00,0.0012302030351900096,-0.0010994002
2022-11-26 04:00:00,0.01726419385518753,0.0063957013
2022-11-26 05:00:00,0.03030021089194889,0.030480638
2022-11-26 06:00:00,0.043227680602075845,0.03584553
2022-11-26 07:00:00,0.04745585742050201,0.044493467
2022-11-26 08:00:00,0.07194620187735186,0.08665377
2022-11-26 09:00:00,0.10963279990075674,0.12843524
2022-11-26 10:00:00,0.15029152710581814,0.15293235
2022-11-26 11:00:00,0.1702073770830749,0.16930723
2022-11-26 12:00:00,0.1854350163337882,0.18299426
2022-11-26 13:00:00,0.22138485713104247,0.1980207
2022-11-26 14:00:00,0.2394915849977257,0.21864663
2022-11-26 15:00:00,0.2576396642269363,0.22746733
2022-11-26 16:00:00,0.2621986519455816,0.24457122
2022-11-26 17:00:00,0.29512467435802014,0.24279316
2022-11-26 18:00:00,0.26595128809494273,0.26120907
2022-11-26 19:00:00,0.20271471694992352,0.22822702
2022-11-26 20:00:00,0.188458834718604,0.17643765
2022-11-26 21:00:00,0.17064673530992847,0.13903658
2022-11-26 22:00:00,0.11564942314849275,0.12562056
2022-11-26 23:00:00,0.08732890873754291,0.10646682
2022-11-27 00:00:00,0.05529710953975934,0.047683753
2022-11-27 01:00:00,0.035381259562502584,0.024230052
2022-11-27 02:00:00,0.017176322209816814,0.01174923
2022-11-27 03:00:00,0.004801926973493777,0.005366467
2022-11-27 04:00:00,0.011113178679237482,0.007125262
2022-11-27 05:00:00,0.01758983583509077,0.014187304
2022-11-27 06:00:00,0.02416987139726254,0.015577899
2022-11-27 07:00:00,0.0243094322457925,0.017947428
2022-11-27 08:00:00,0.03443534714468842,0.028455839
2022-11-27 09:00:00,0.056072447587148,0.06139436
2022-11-27 10:00:00,0.08631580035562172,0.07980679
2022-11-27 11:00:00,0.0905646528553116,0.10845244
2022-11-27 12:00:00,0.11636790307240624,0.10953942
2022-11-27 13:00:00,0.11935553901501056,0.12747227
2022-11-27 14:00:00,0.15103585163131125,0.1325765
2022-11-27 15:00:00,0.15288115618409628,0.14793289
2022-11-27 16:00:00,0.14985216887896458,0.16233099
2022-11-27 17:00:00,0.18855704420460656,0.15595093
2022-11-27 18:00:00,0.13690919240788985,0.16328728
2022-11-27 19:00:00,0.10919344167390316,0.12754893
2022-11-27 20:00:00,0.09595066782450483,0.09752049
2022-11-27 21:00:00,0.05573129884629699,0.06752581
2022-11-27 22:00:00,0.05131187197618162,0.035279747
2022-11-27 23:00:00,0.027276392507133113,0.030816223
2022-11-28 00:00:00,0.05993879998345946,0.028196825
2022-11-28 01:00:00,0.04718707356407394,0.028290112
2022-11-28 02:00:00,0.036337509820948605,0.012796588
2022-11-28 03:00:00,0.00797047512715544,0.0081549175
2022-11-28 04:00:00,0.014472976884588349,0.012879876
2022-11-28 05:00:00,0.07499586486374726,0.074021265
2022-11-28 06:00:00,0.2000682297481702,0.18522413
2022-11-28 07:00:00,0.4345201174378696,0.42724097
2022-11-28 08:00:00,0.2218345531985279,0.20127515
2022-11-28 09:00:00,0.2015258652772609,0.19262862
2022-11-28 10:00:00,0.1444816606707191,0.1654898
2022-11-28 11:00:00,0.15905284704131004,0.17512287
2022-11-28 12:00:00,0.2086382996319729,0.20243783
2022-11-28 13:00:00,0.314962990530538,0.30308014
2022-11-28 14:00:00,0.2804604474217426,0.2546866
2022-11-28 15:00:00,0.3646208080056238,0.31976664
2022-11-28 16:00:00,0.3794142579497995,0.35727102
2022-11-28 17:00:00,0.3172321465492288,0.2824483
2022-11-28 18:00:00,0.22317330356035234,0.2090152
2022-11-28 19:00:00,0.14668362072530292,0.16144097
2022-11-28 20:00:00,0.12259128313277924,0.12329845
2022-11-28 21:00:00,0.07306268866559154,0.08446942
2022-11-28 22:00:00,0.06580552454203367,0.05290572
2022-11-28 23:00:00,0.03820349005499731,0.035648104
2022-11-29 00:00:00,0.01584790968862424,0.015237387
2022-11-29 01:00:00,0.004372906587272051,0.0017497055
2022-11-29 02:00:00,0.0007029731629657198,-0.0013068393
2022-11-29 03:00:00,0.0004703717487491213,-0.0014244057
2022-11-29 04:00:00,0.016457842285903322,0.0086153
2022-11-29 05:00:00,0.0896135715171815,0.08535762
2022-11-29 06:00:00,0.22503411487408512,0.20155993
2022-11-29 07:00:00,0.4830821238059794,0.484163
2022-11-29 08:00:00,0.2559959475664723,0.25014818
2022-11-29 09:00:00,0.20178948021337303,0.2408329
2022-11-29 10:00:00,0.15895463755530745,0.17561787
2022-11-29 11:00:00,0.19812988462969858,0.19130589
2022-11-29 12:00:00,0.21085576644750445,0.23385762
2022-11-29 13:00:00,0.3038653186122483,0.32028288
2022-11-29 14:00:00,0.2590404416325518,0.25687873
2022-11-29 15:00:00,0.3489331348467932,0.31233674
2022-11-29 16:00:00,0.4007205474920399,0.35635155
2022-11-29 17:00:00,0.3042012984327834,0.30153877
2022-11-29 18:00:00,0.19919985113509492,0.21668401
2022-11-29 19:00:00,0.15048277715750735,0.15478033
2022-11-29 20:00:00,0.11774283587644213,0.11519746
2022-11-29 21:00:00,0.08245461687962619,0.07842656
2022-11-29 22:00:00,0.06396021998924865,0.054028764
2022-11-29 23:00:00,0.04197163296530621,0.032642912
2022-11-30 00:00:00,0.01956436339577389,0.011493925
2022-11-30 01:00:00,0.005830542116362735,0.0014873296
2022-11-30 02:00:00,0.0003980068643261796,-0.00097636133
2022-11-30 03:00:00,0.000201587892321052,-0.0010583028
2022-11-30 04:00:00,0.012808584542860688,0.010295279
2022-11-30 05:00:00,0.09798722242897905,0.08243035
2022-11-30 06:00:00,0.1825714344787661,0.22772841
2022-11-30 07:00:00,0.4504042095687053,0.36607528
2022-11-30 08:00:00,0.26265351693338296,0.25566548
2022-11-30 09:00:00,0.2424533763387504,0.250346
2022-11-30 10:00:00,0.17221291816565357,0.2076238
2022-11-30 11:00:00,0.21240127362196587,0.19614485
2022-11-30 12:00:00,0.2655791258321962,0.24672134
2022-11-30 13:00:00,0.3551771905884299,0.33193815
2022-11-30 14:00:00,0.27199892486457433,0.27348974
2022-11-30 15:00:00,0.3529959062151098,0.32353377
2022-11-30 16:00:00,0.3627806723731547,0.3689146
2022-11-30 17:00:00,0.30688396807674817,0.31020296
2022-11-30 18:00:00,0.23955878096183272,0.22516392
2022-11-30 19:00:00,0.15124260844394824,0.17749535
2022-11-30 20:00:00,0.13381817805896706,0.12625816
2022-11-30 21:00:00,0.08077988669726668,0.09047277
2022-11-30 22:00:00,0.07794731836414011,0.061578758
2022-11-30 23:00:00,0.029607575569615022,0.04004241
2022-12-01 00:00:00,0.017982673779101024,0.013411989
2022-12-01 01:00:00,0.0029462845800769136,0.001602184
2022-12-01 02:00:00,3.101352189554646e-05,-0.0013516396
2022-12-01 03:00:00,0.00036699334243063314,-0.0009224415
2022-12-01 04:00:00,0.015982301616838276,0.011154011
2022-12-01 05:00:00,0.07720816275896292,0.08267932
2022-12-01 06:00:00,0.16643923417276602,0.16430286
2022-12-01 07:00:00,0.41543129471116075,0.33600974
2022-12-01 08:00:00,0.230513170408965,0.22192496
2022-12-01 09:00:00,0.2139777943183228,0.20363612
2022-12-01 10:00:00,0.1636893685646942,0.16889925
2022-12-01 11:00:00,0.19296096431377416,0.18068922
2022-12-01 12:00:00,0.23570793532646903,0.22713281
2022-12-01 13:00:00,0.3286192780052103,0.3184452
2022-12-01 14:00:00,0.26830314683868833,0.27095038
2022-12-01 15:00:00,0.34188272753587234,0.32145095
2022-12-01 16:00:00,0.359410536327172,0.33647263
2022-12-01 17:00:00,0.3045217714923707,0.31813335
2022-12-01 18:00:00,0.2695798701567217,0.22944497
2022-12-01 19:00:00,0.19141028821899683,0.19413832
2022-12-01 20:00:00,0.11399019972708102,0.15346715
2022-12-01 21:00:00,0.09548546499607163,0.103208065
2022-12-01 22:00:00,0.0863313071165695,0.07950853
2022-12-01 23:00:00,0.04813298598188811,0.050924487
2022-12-02 00:00:00,0.018266964396476865,0.020527186
2022-12-02 01:00:00,0.004052433527684737,0.0024979785
2022-12-02 02:00:00,1.033784063184882e-05,-0.0013360381
2022-12-02 03:00:00,9.820948600256379e-05,-0.0013178475
2022-12-02 04:00:00,0.013816524004465949,0.010530271
2022-12-02 05:00:00,0.06187197618161519,0.0740249
2022-12-02 06:00:00,0.20322127114088412,0.12551919
2022-12-02 07:00:00,0.4391566389612538,0.44549102
2022-12-02 08:00:00,0.23804428730926686,0.22113124
2022-12-02 09:00:00,0.19908096596782865,0.20312135
2022-12-02 10:00:00,0.18087602861514288,0.16816768
2022-12-02 11:00:00,0.20847289418186332,0.20159948
2022-12-02 12:00:00,0.2896559566637721,0.25211185
2022-12-02 13:00:00,0.32382768887234836,0.39159757
2022-12-02 14:00:00,0.2839081172724642,0.29044035
2022-12-02 15:00:00,0.30285737915064304,0.30789965
2022-12-02 16:00:00,0.32098478269858993,0.3105123
2022-12-02 17:00:00,0.2775658520448249,0.26855427
2022-12-02 18:00:00,0.23804428730926686,0.23113242
2022-12-02 19:00:00,0.15851527932845388,0.19490625
2022-12-02 20:00:00,0.1662893354836042,0.15356417
2022-12-02 21:00:00,0.11696232890873755,0.117156714
2022-12-02 22:00:00,0.12113881652400448,0.101554915
2022-12-02 23:00:00,0.08156556258528719,0.08230315
2022-12-03 00:00:00,0.023001695405863627,0.027185753
2022-12-03 01:00:00,0.009061117313815491,0.005222149
2022-12-03 02:00:00,0.0005840879956994584,-0.00013124943
2022-12-03 03:00:00,0.00033081090021916225,-0.0014722832
2022-12-03 04:00:00,0.015909936732415333,0.0037578233
2022-12-03 05:00:00,0.03512798246702229,0.027313342
2022-12-03 06:00:00,0.036115246247363855,0.030506294
2022-12-03 07:00:00,0.05133771657776124,0.034625698
2022-12-03 08:00:00,0.08310073191911674,0.0836156
2022-12-03 09:00:00,0.12447277012777572,0.13826758
2022-12-03 10:00:00,0.162267915477815,0.16386014
2022-12-03 11:00:00,0.18965802423189845,0.17975001
2022-12-03 12:00:00,0.21119691518835548,0.20093346
2022-12-03 13:00:00,0.21844374147128148,0.22338717
2022-12-03 14:00:00,0.26981764049125423,0.22573574
2022-12-03 15:00:00,0.29119112599760166,0.24699508
2022-12-03 16:00:00,0.2788270686019105,0.2687018
2022-12-03 17:00:00,0.25540669065045696,0.2603137
2022-12-03 18:00:00,0.25971757019393793,0.2511773
2022-12-03 19:00:00,0.21711016002977299,0.22616364
2022-12-03 20:00:00,0.1649764297233594,0.18438415
2022-12-03 21:00:00,0.16685274779803996,0.13960251
2022-12-03 22:00:00,0.1364336517388248,0.12438062
2022-12-03 23:00:00,0.11330273332506308,0.10822961
2022-12-04 00:00:00,0.05990261754124799,0.060044337
2022-12-04 01:00:00,0.04505747839391308,0.028495332
2022-12-04 02:00:00,0.019419633626928008,0.015449427
2022-12-04 03:00:00,0.012586320969275939,0.006039936
2022-12-04 04:00:00,0.015977132696522352,0.0076193437
2022-12-04 05:00:00,0.023130918413761737,0.016362853
2022-12-04 06:00:00,0.025172641938551878,0.01729132
2022-12-04 07:00:00,0.032957035934334036,0.019395828
2022-12-04 08:00:00,0.03319997518918249,0.03284701
2022-12-04 09:00:00,0.04391514700409379,0.06258249
2022-12-04 10:00:00,0.07248893851052393,0.07148491
2022-12-04 11:00:00,0.09145887606996651,0.09705716
2022-12-04 12:00:00,0.09484968779721292,0.10398264
2022-12-04 13:00:00,0.12776020344870365,0.11087522
2022-12-04 14:00:00,0.12873196046809743,0.13249479
2022-12-04 15:00:00,0.1409409502543109,0.14073527
2022-12-04 16:00:00,0.13261381962535668,0.14669387
2022-12-04 17:00:00,0.13783959806475624,0.14203677
2022-12-04 18:00:00,0.13044804201298435,0.13495508
2022-12-04 19:00:00,0.09361431584170699,0.11695652
2022-12-04 20:00:00,0.08233056279204401,0.08848578
2022-12-04 21:00:00,0.05633606252326014,0.058469765
2022-12-04 22:00:00,0.043579167183558705,0.033115666
2022-12-04 23:00:00,0.016411322003060003,0.027337361
2022-12-05 00:00:00,0.056630690981267835,0.021843296
2022-12-05 01:00:00,0.03924244303849812,0.0273114
2022-12-05 02:00:00,0.020846255634123147,0.012968652
2022-12-05 03:00:00,0.005773683992887566,0.0049740076
2022-12-05 04:00:00,0.010973617830707523,0.009089433
2022-12-05 05:00:00,0.0741326551709879,0.07154252
2022-12-05 06:00:00,0.1985589050159203,0.17504014
2022-12-05 07:00:00,0.4350163337881984,0.39655942
2022-12-05 08:00:00,0.21246330066575694,0.21086971
2022-12-05 09:00:00,0.1981143778687508,0.18737519
2022-12-05 10:00:00,0.14389757267501965,0.16280985
2022-12-05 11:00:00,0.16448538229334658,0.17600021
2022-12-05 12:00:00,0.1841634619360708,0.20778279
2022-12-05 13:00:00,0.2713011206219245,0.2987609
2022-12-05 14:00:00,0.23237398172269777,0.24323992
2022-12-05 15:00:00,0.33055245420336604,0.30388975
2022-12-05 16:00:00,0.36401604432866064,0.33761787
2022-12-05 17:00:00,0.3099232932225117,0.26686066
2022-12-05 18:00:00,0.21358495637431255,0.1993047
2022-12-05 19:00:00,0.1472315262787909,0.15475613
2022-12-05 20:00:00,0.10508931894305919,0.12047617
2022-12-05 21:00:00,0.08636748955878097,0.07589513
2022-12-05 22:00:00,0.06197018566761775,0.053007666
2022-12-05 23:00:00,0.032553860149691936,0.03607262
2022-12-06 00:00:00,0.010094901377000374,0.013764791
2022-12-06 01:00:00,0.0031065211098705706,0.0012050681
2022-12-06 02:00:00,0.0005530744738039119,-0.0013972484
2022-12-06 03:00:00,8.787164537071497e-05,-0.001423642
2022-12-06 04:00:00,0.014876152669230452,0.007960752
2022-12-06 05:00:00,0.0829870156721664,0.084865615
2022-12-06 06:00:00,0.19831596576107186,0.18693301
2022-12-06 07:00:00,0.4741967497829054,0.42574406
2022-12-06 08:00:00,0.24805131704089653,0.24507631
2022-12-06 09:00:00,0.21992205268163587,0.22863868
2022-12-06 10:00:00,0.18217859653475582,0.1760938
2022-12-06 11:00:00,0.21597816648058554,0.20014195
2022-12-06 12:00:00,0.2561923665384775,0.2457164
2022-12-06 13:00:00,0.3049662986395402,0.3390597
2022-12-06 14:00:00,0.254925981061076,0.264115
2022-12-06 15:00:00,0.3160484637968821,0.31454092
2022-12-06 16:00:00,0.38666625315304143,0.35160232
2022-12-06 17:00:00,0.3057519745275607,0.30526876
2022-12-06 18:00:00,0.24117148410040112,0.22077353
2022-12-06 19:00:00,0.15903217136004633,0.1775888
2022-12-06 20:00:00,0.12695385187941943,0.13023293
2022-12-06 21:00:00,0.09945519579870157,0.08879407
2022-12-06 22:00:00,0.07071082992184594,0.066404104
2022-12-06 23:00:00,0.04280899805648596,0.04164747
2022-12-07 00:00:00,0.016173551668527478,0.017714817
2022-12-07 01:00:00,0.004248852499689865,0.0027072132
2022-12-07 02:00:00,0.0005479055534879874,-0.0008254461
2022-12-07 03:00:00,0.00039283794401025516,-0.0010081418
2022-12-07 04:00:00,0.01537753793987512,0.0101148635
2022-12-07 05:00:00,0.08755634123144358,0.08484151
2022-12-07 06:00:00,0.18063825828061036,0.18752007
2022-12-07 07:00:00,0.40745048174337345,0.36324787
2022-12-07 08:00:00,0.23177438696605054,0.23924129
2022-12-07 09:00:00,0.22370570235289255,0.2232614
2022-12-07 10:00:00,0.19028346359012532,0.17829812
2022-12-07 11:00:00,0.20711346813877518,0.20011191
2022-12-07 12:00:00,0.24960716205598976,0.23841034
2022-12-07 13:00:00,0.35579746102634086,0.3254906
2022-12-07 14:00:00,0.2413989165943018,0.27705652
2022-12-07 15:00:00,0.2974920398627135,0.30338776
2022-12-07 16:00:00,0.3219306951164041,0.33002156
2022-12-07 17:00:00,0.29915643220444116,0.28241366
2022-12-07 18:00:00,0.20517512302030352,0.21671657
2022-12-07 19:00:00,0.14159740313443328,0.16266271
2022-12-07 20:00:00,0.12797729810197248,0.11816767
2022-12-07 21:00:00,0.09828701980730266,0.0860001
2022-12-07 22:00:00,0.07044721498573378,0.066014595
2022-12-07 23:00:00,0.039537071496505816,0.038112286
2022-12-08 00:00:00,0.01932659306124137,0.014541514
2022-12-08 01:00:00,0.0045589877186453295,0.0018686317
2022-12-08 02:00:00,0.0004135136252739528,-0.00096242875
2022-12-08 03:00:00,0.0001498986891618079,-0.001046963
2022-12-08 04:00:00,0.007929123764628045,0.008410998
2022-12-08 05:00:00,0.07056093123268413,0.07038812
2022-12-08 06:00:00,0.1860863002935947,0.15607822
2022-12-08 07:00:00,0.437502584460158,0.41511852
2022-12-08 08:00:00,0.2399826324277385,0.23368366
2022-12-08 09:00:00,0.22604205433569038,0.20933588
2022-12-08 10:00:00,0.17122048546499608,0.18429944
2022-12-08 11:00:00,0.20699975189182485,0.20615876
2022-12-08 12:00:00,0.2410370921721871,0.24439593
2022-12-08 13:00:00,0.314621841789687,0.32250595
2022-12-08 14:00:00,0.27052578257453586,0.27188346
2022-12-08 15:00:00,0.33123475168506805,0.33153844
2022-12-08 16:00:00,0.3337726915601869,0.35326618
2022-12-08 17:00:00,0.2957346069552992,0.30222702
2022-12-08 18:00:00,0.22181904643758013,0.22170968
2022-12-08 19:00:00,0.16377724021006493,0.17043689
2022-12-08 20:00:00,0.14389757267501965,0.13017637
2022-12-08 21:00:00,0.10157962204854651,0.099159524
2022-12-08 22:00:00,0.09809060083529753,0.07770248
2022-12-08 23:00:00,0.052423189844105364,0.057289645
2022-12-09 00:00:00,0.0186132820576438,0.020546274
2022-12-09 01:00:00,0.0036647645039904067,0.0029362366
2022-12-09 02:00:00,5.16892031592441e-05,-0.0011647046
2022-12-09 03:00:00,0.0005375677128561387,-0.0012758747
2022-12-09 04:00:00,0.013697638837199686,0.009142518
2022-12-09 05:00:00,0.07546623661249639,0.07188779
2022-12-09 06:00:00,0.16679072075424886,0.16122974
2022-12-09 07:00:00,0.4110325435223091,0.34534824
2022-12-09 08:00:00,0.21369350370094697,0.21692362
2022-12-09 09:00:00,0.1794597444485796,0.19080412
2022-12-09 10:00:00,0.15677852210230328,0.15844736
2022-12-09 11:00:00,0.19352954554852583,0.18354475
2022-12-09 12:00:00,0.2547812512922301,0.24023129
2022-12-09 13:00:00,0.3257091758673449,0.35766226
2022-12-09 14:00:00,0.29291754538312037,0.27422285
2022-12-09 15:00:00,0.3163534300955217,0.29871023
2022-12-09 16:00:00,0.3059483934995658,0.30346924
2022-12-09 17:00:00,0.27532770954802965,0.26062423
2022-12-09 18:00:00,0.25845118471653644,0.22704004
2022-12-09 19:00:00,0.16741616011247573,0.20227376
2022-12-09 20:00:00,0.1557395691188025,0.15717447
2022-12-09 21:00:00,0.1235371955505934,0.11665067
2022-12-09 22:00:00,0.10655729231278172,0.09883155
2022-12-09 23:00:00,0.08518380680643428,0.08045347
2022-12-10 00:00:00,0.02907000785675888,0.025896247
2022-12-10 01:00:00,0.00691601538270686,0.0052019022
2022-12-10 02:00:00,0.00034114874085101107,-0.00023578107
2022-12-10 03:00:00,0.0022122978952156475,-0.0015476122
2022-12-10 04:00:00,0.023823553736095605,0.0032550208
2022-12-10 05:00:00,0.03824484141752471,0.026727904
2022-12-10 06:00:00,0.03762457097961378,0.033298105
2022-12-10 07:00:00,0.06064177314642518,0.038163614
2022-12-10 08:00:00,0.09007877434561469,0.09517984
2022-12-10 09:00:00,0.12844250093040566,0.14412196
2022-12-10 10:00:00,0.18219927221601953,0.16548423
2022-12-10 11:00:00,0.18843299011702436,0.19812138
2022-12-10 12:00:00,0.23279266426828765,0.20088123
2022-12-10 13:00:00,0.24964334449820125,0.23878603
2022-12-10 14:00:00,0.28716970599181246,0.25140637
2022-12-10 15:00:00,0.2953314311706571,0.25745264
2022-12-10 16:00:00,0.3154075176777075,0.26750898
2022-12-10 17:00:00,0.3059225488979862,0.27256432
2022-12-10 18:00:00,0.2642300376297399,0.28023636
2022-12-10 19:00:00,0.19479593102592732,0.23890968
2022-12-10 20:00:00,0.1853678203696812,0.17858651
2022-12-10 21:00:00,0.15442666335855768,0.13982423
2022-12-10 22:00:00,0.10449489310672787,0.12339581
2022-12-10 23:00:00,0.0866724558574205,0.10417284
2022-12-11 00:00:00,0.07543522309060084,0.043107502
2022-12-11 01:00:00,0.041614977463507424,0.027228158
2022-12-11 02:00:00,0.024583385022536496,0.01654186
2022-12-11 03:00:00,0.010425712277219536,0.0068075135
2022-12-11 04:00:00,0.00955216474382831,0.007051058
2022-12-11 05:00:00,0.007024562709341273,0.013666011
2022-12-11 06:00:00,0.018380680643427204,0.012240741
2022-12-11 07:00:00,0.022464127693007485,0.014273424
2022-12-11 08:00:00,0.026356324690898568,0.025266545
2022-12-11 09:00:00,0.05366373071992723,0.049355417
2022-12-11 10:00:00,0.07345035768928587,0.076774776
2022-12-11 11:00:00,0.09947070255964935,0.09538522
2022-12-11 12:00:00,0.11836310631435307,0.1129449
2022-12-11 13:00:00,0.142574329074143,0.13030472
2022-12-11 14:00:00,0.14791899268080885,0.15262578
2022-12-11 15:00:00,0.16735930198900056,0.15373854
2022-12-11 16:00:00,0.1677934912955382,0.16693394
2022-12-11 17:00:00,0.15533639333416038,0.17216474
2022-12-11 18:00:00,0.1441818632923955,0.16194098
2022-12-11 19:00:00,0.10247384526320143,0.13247983
2022-12-11 20:00:00,0.10089215564652856,0.09698286
2022-12-11 21:00:00,0.06827626845304553,0.071619764
2022-12-11 22:00:00,0.042054335690361,0.047464587
2022-12-11 23:00:00,0.027483149319770087,0.031126963
2022-12-12 00:00:00,0.06829694413430923,0.026040975
2022-12-12 01:00:00,0.04087582185833023,0.03089383
2022-12-12 02:00:00,0.026811189678699915,0.013256116
2022-12-12 03:00:00,0.0067247653310176575,0.0048966855
2022-12-12 04:00:00,0.017972335938469173,0.009068474
2022-12-12 05:00:00,0.0964313774138858,0.086366706
2022-12-12 06:00:00,0.18652048960013234,0.22171724
2022-12-12 07:00:00,0.46137782739941285,0.3762002
2022-12-12 08:00:00,0.2729810197245999,0.22469519
2022-12-12 09:00:00,0.20020779059670019,0.23181735
2022-12-12 10:00:00,0.19365876855642394,0.1773085
2022-12-12 11:00:00,0.2042602241243849,0.20168355
2022-12-12 12:00:00,0.2653310176570318,0.23810582
2022-12-12 13:00:00,0.333493569863127,0.3377564
2022-12-12 14:00:00,0.2734772360749287,0.28215235
2022-12-12 15:00:00,0.3153403217136005,0.33092475
2022-12-12 16:00:00,0.3618089153537609,0.33920628
2022-12-12 17:00:00,0.30817102923541334,0.29312456
2022-12-12 18:00:00,0.20192387214158708,0.22282179
2022-12-12 19:00:00,0.14064115287598727,0.16317923
2022-12-12 20:00:00,0.11003080676508292,0.1203457
2022-12-12 21:00:00,0.06963569449613366,0.07805167
2022-12-12 22:00:00,0.05441322416573627,0.04501629
2022-12-12 23:00:00,0.035763759665880995,0.029993154
2022-12-13 00:00:00,0.013340983335400902,0.0116583
2022-12-13 01:00:00,0.002636149361121449,0.0008492209
2022-12-13 02:00:00,0.0001033784063184882,-0.0014085472
2022-12-13 03:00:00,4.652028284331969e-05,-0.0016659088
2022-12-13 04:00:00,0.005065541909605922,0.008343387
2022-12-13 05:00:00,0.043403423892817275,0.070585325
2022-12-13 06:00:00,0.15283463590125296,0.12000181
2022-12-13 07:00:00,0.4133223752222636,0.335118
2022-12-13 08:00:00,0.1866858950502419,0.19874103
2022-12-13 09:00:00,0.17363954017284872,0.16380303
2022-12-13 10:00:00,0.17988359591448538,0.13987127
2022-12-13 11:00:00,0.19008704461812018,0.18231751
2022-12-13 12:00:00,0.20656039366497128,0.22421654
2022-12-13 13:00:00,0.2681067278666832,0.3046338
2022-12-13 14:00:00,0.23148492742835877,0.23349355
2022-12-13 15:00:00,0.33030951494851757,0.2831037
2022-12-13 16:00:00,0.3343722863168342,0.33352256
2022-12-13 17:00:00,0.2859550097175702,0.2637605
2022-12-13 18:00:00,0.18591572592316918,0.19875959
2022-12-13 19:00:00,0.13220547492039864,0.14403354
2022-12-13 20:00:00,0.10448972418641195,0.10574622
2022-12-13 21:00:00,0.06313836165901666,0.068933964
2022-12-13 22:00:00,0.06407393623619899,0.04218687
2022-12-13 23:00:00,0.0315304139271389,0.031343076
2022-12-14 00:00:00,0.014385105239217634,0.010970876
2022-12-14 01:00:00,0.0007494934458090395,0.0008592196
2022-12-14 02:00:00,0.0,-0.001661595
2022-12-14 03:00:00,9.820948600256379e-05,-0.0012132525
2022-12-14 04:00:00,0.013542571227721954,0.008822598
2022-12-14 05:00:00,0.07776640615308275,0.08248819
2022-12-14 06:00:00,0.1934158293015755,0.17803298
2022-12-14 07:00:00,0.48284435347144694,0.41671205
2022-12-14 08:00:00,0.27428875656452884,0.24044795
2022-12-14 09:00:00,0.22019083653806396,0.23782241
2022-12-14 10:00:00,0.1842668403423893,0.18070424
2022-12-14 11:00:00,0.15143385849563745,0.20831352
2022-12-14 12:00:00,0.246924492412025,0.20980945
2022-12-14 13:00:00,0.3561902989703511,0.3236717
2022-12-14 14:00:00,0.30703386676590994,0.27529603
2022-12-14 15:00:00,0.35944154984906757,0.33990324
2022-12-14 16:00:00,0.3833633130711657,0.3539849
2022-12-14 17:00:00,0.29849481040400283,0.3003918
2022-12-14 18:00:00,0.21342988876483482,0.2254937
2022-12-14 19:00:00,0.17151511392300378,0.16987453
2022-12-14 20:00:00,0.1277498656080718,0.13486601
2022-12-14 21:00:00,0.0895928958359178,0.0925632
2022-12-14 22:00:00,0.07863478476615805,0.06883016
2022-12-14 23:00:00,0.0389426456601745,0.04350238
2022-12-15 00:00:00,0.015770375883885374,0.016389314
2022-12-15 01:00:00,0.0039542240416821734,0.0026392713
2022-12-15 02:00:00,0.00012922300789811026,-0.00084008276
2022-12-15 03:00:00,0.00018091221105735435,-0.0008257888
2022-12-15 04:00:00,0.009934664847206716,0.011879601
2022-12-15 05:00:00,0.06402224703303974,0.07262527
2022-12-15 06:00:00,0.19050055824339412,0.13903695
2022-12-15 07:00:00,0.4615587396104702,0.4270407
2022-12-15 08:00:00,0.2912169705991813,0.24614514
2022-12-15 09:00:00,0.2372275978993508,0.2285952
2022-12-15 10:00:00,0.1998718107761651,0.1935914
2022-12-15 11:00:00,0.2061417111193814,0.23314194
2022-12-15 12:00:00,0.25725716412355787,0.25705314
2022-12-15 13:00:00,0.3196873836992929,0.33930933
2022-12-15 14:00:00,0.2637958483232023,0.2844357
2022-12-15 15:00:00,0.2747746350742257,0.33742082
2022-12-15 16:00:00,0.25451763635611796,0.3207435
2022-12-15 17:00:00,0.27064983666211806,0.2591501
2022-12-15 18:00:00,0.2201391473349047,0.20721354
2022-12-15 19:00:00,0.16968531613116652,0.17662424
2022-12-15 20:00:00,0.10563205557623125,0.1439132
2022-12-15 21:00:00,0.09385725509655544,0.09097828
2022-12-15 22:00:00,0.0631228548980689,0.07015009
2022-12-15 23:00:00,0.051833932928089986,0.042776953
2022-12-16 00:00:00,0.02160091800024811,0.021103403
2022-12-16 01:00:00,0.0017212504652028286,0.0029276349
2022-12-16 02:00:00,0.0,-0.0011377111
2022-12-16 03:00:00,8.270272505479056e-05,-0.0013141632
2022-12-16 04:00:00,0.013883719968572966,0.007298149
2022-12-16 05:00:00,0.06508704461812018,0.07225429
2022-12-16 06:00:00,0.16371004424595792,0.14262158
2022-12-16 07:00:00,0.362284456022826,0.35033828
2022-12-16 08:00:00,0.2177872885911591,0.19065219
2022-12-16 09:00:00,0.2009159326799818,0.18994832
2022-12-16 10:00:00,0.157414299301162,0.17107417
2022-12-16 11:00:00,0.18239052226770874,0.18630715
2022-12-16 12:00:00,0.2509045610552868,0.23158234
2022-12-16 13:00:00,0.2928348426580656,0.34227008
2022-12-16 14:00:00,0.23000144729768848,0.2731604
2022-12-16 15:00:00,0.2615370301451433,0.26929623
2022-12-16 16:00:00,0.30472335938469175,0.2767132
2022-12-16 17:00:00,0.29290720754248856,0.26082325
2022-12-16 18:00:00,0.2313815490220403,0.24287717
2022-12-16 19:00:00,0.14317392383079022,0.190666
2022-12-16 20:00:00,0.11472935533225821,0.13867965
2022-12-16 21:00:00,0.08845573336641444,0.09330255
2022-12-16 22:00:00,0.10129533143117067,0.07117574
2022-12-16 23:00:00,0.05980957697556135,0.061541397
2022-12-17 00:00:00,0.025265682504238517,0.019977909
2022-12-17 01:00:00,0.007717198031675144,0.003140144
2022-12-17 02:00:00,0.00016540545010958112,-0.00081372634
2022-12-17 03:00:00,0.0004703717487491213,-0.0016465113
2022-12-17 04:00:00,0.005055204068974073,0.0027504042
2022-12-17 05:00:00,0.02242277633048009,0.01815691
2022-12-17 06:00:00,0.03428544845552661,0.021944765
2022-12-17 07:00:00,0.04442170119505438,0.028634775
2022-12-17 08:00:00,0.0574473803911839,0.06913534
2022-12-17 09:00:00,0.101409047678121,0.09913491
2022-12-17 10:00:00,0.12682462887152132,0.13038602
2022-12-17 11:00:00,0.17523673655046934,0.14667153
2022-12-17 12:00:00,0.18189947483769592,0.1771695
2022-12-17 13:00:00,0.2288642848281851,0.19549304
2022-12-17 14:00:00,0.2524293925484845,0.2219495
2022-12-17 15:00:00,0.26968324856304016,0.23271024
2022-12-17 16:00:00,0.20350039283794402,0.24890955
2022-12-17 17:00:00,0.28842058470826615,0.22079743
2022-12-17 18:00:00,0.2724589587726916,0.25150228
2022-12-17 19:00:00,0.22017532977711618,0.22671676
2022-12-17 20:00:00,0.14099263945747015,0.18339898
2022-12-17 21:00:00,0.13926622007195139,0.134509
2022-12-17 22:00:00,0.08916387544969608,0.11386802
2022-12-17 23:00:00,0.07201339784145888,0.09276439
2022-12-18 00:00:00,0.05748873175371129,0.04162665
2022-12-18 01:00:00,0.03192842079146508,0.022283012
2022-12-18 02:00:00,0.011526692304511435,0.010691699
2022-12-18 03:00:00,0.0073295290079808135,0.0040253475
2022-12-18 04:00:00,0.012245172228424927,0.0068745613
2022-12-18 05:00:00,0.020577471777695075,0.01330249
2022-12-18 06:00:00,0.018582268535748254,0.01555807
2022-12-18 07:00:00,0.016938551875284293,0.016242001
2022-12-18 08:00:00,0.025834263738990202,0.024420701
2022-12-18 09:00:00,0.046654674771533726,0.047938164
2022-12-18 10:00:00,0.06310734813712113,0.06811973
2022-12-18 11:00:00,0.0841500227432494,0.08405535
2022-12-18 12:00:00,0.10163648017202168,0.10259801
2022-12-18 13:00:00,0.11810982921887277,0.113481715
2022-12-18 14:00:00,0.13797398999297028,0.1249475
2022-12-18 15:00:00,0.15745565066368938,0.13721986
2022-12-18 16:00:00,0.15001757432907414,0.16038634
2022-12-18 17:00:00,0.14221767357234422,0.15410343
2022-12-18 18:00:00,0.13371479965264857,0.13527353
2022-12-18 19:00:00,0.10842327254683043,0.114843406
2022-12-18 20:00:00,0.11267729396683622,0.09316877
2022-12-18 21:00:00,0.07060228259521152,0.07704494
2022-12-18 22:00:00,0.04890832402927677,0.05129015
2022-12-18 23:00:00,0.025394905512136627,0.034528073
2022-12-19 00:00:00,0.05072261506016624,0.02633043
2022-12-19 01:00:00,0.02458855394285242,0.027822673
2022-12-19 02:00:00,0.01728486953645123,0.010232005
2022-12-19 03:00:00,0.005784021833519415,0.0033897832
2022-12-19 04:00:00,0.01637513956084853,0.007987585
2022-12-19 05:00:00,0.06693751809122112,0.074738845
2022-12-19 06:00:00,0.19501302567919615,0.14843638
2022-12-19 07:00:00,0.4722532357441178,0.4013232
2022-12-19 08:00:00,0.28332919819708063,0.22935314
2022-12-19 09:00:00,0.227778811561841,0.21653834
2022-12-19 10:00:00,0.17592420295248729,0.18705238
2022-12-19 11:00:00,0.19651718149113015,0.20547873
2022-12-19 12:00:00,0.2740509862299963,0.24055786
2022-12-19 13:00:00,0.30726646818012654,0.34193105
2022-12-19 14:00:00,0.259640036389199,0.27682287
2022-12-19 15:00:00,0.35746702228838445,0.32736444
2022-12-19 16:00:00,0.38294979944589175,0.37746477
2022-12-19 17:00:00,0.31675143695984787,0.31730157
2022-12-19 18:00:00,0.23863354422528224,0.22860222
2022-12-19 19:00:00,0.1642372741181822,0.17472173
2022-12-19 20:00:00,0.12395070917586735,0.13131812
2022-12-19 21:00:00,0.10327502791216972,0.0898474
2022-12-19 22:00:00,0.055235082495968243,0.068538815
2022-12-19 23:00:00,0.04562605962866477,0.036450416
2022-12-20 00:00:00,0.011816151842203202,0.014461076
2022-12-20 01:00:00,0.002444899309432246,0.001595147
2022-12-20 02:00:00,0.0001033784063184882,-0.0015069582
2022-12-20 03:00:00,9.304056568663938e-05,-0.0018900894
2022-12-20 04:00:00,0.013728652359095234,0.006568514
2022-12-20 05:00:00,0.07719782491833106,0.08546477
2022-12-20 06:00:00,0.1603399081999752,0.17880648
2022-12-20 07:00:00,0.3595294214944383,0.30951405
2022-12-20 08:00:00,0.22181387751726422,0.20763545
2022-12-20 09:00:00,0.20981164454368773,0.20101966
2022-12-20 10:00:00,0.17408406732001822,0.175353
2022-12-20 11:00:00,0.327270189802754,0.18976673
2022-12-20 12:00:00,0.2727329115494356,0.2809732
2022-12-20 13:00:00,0.2993218376545507,0.3336069
2022-12-20 14:00:00,0.2823109208948435,0.27424866
2022-12-20 15:00:00,0.30604143406525247,0.32690775
2022-12-20 16:00:00,0.3672207749245338,0.34571612
2022-12-20 17:00:00,0.32462887152131664,0.32597864
2022-12-20 18:00:00,0.25022743249390067,0.23897286
2022-12-20 19:00:00,0.18679961129719225,0.19770944
2022-12-20 20:00:00,0.16565355828474548,0.15722466
2022-12-20 21:00:00,0.11717942356200638,0.12305054
2022-12-20 22:00:00,0.07332113468138776,0.093973
2022-12-20 23:00:00,0.05471819046437581,0.051051676
2022-12-21 00:00:00,0.021507877434561472,0.026543844
2022-12-21 01:00:00,0.004796758053177853,0.006418444
2022-12-21 02:00:00,0.0,-9.922311e-05
2022-12-21 03:00:00,0.0003514865814828599,-0.00053346157
2022-12-21 04:00:00,0.021662945044039202,0.010391749
2022-12-21 05:00:00,0.07440143902741596,0.094824225
2022-12-21 06:00:00,0.12616817599139893,0.1272633
2022-12-21 07:00:00,0.2181232684116942,0.17824025
2022-12-21 08:00:00,0.17466298639540173,0.17635326
2022-12-21 09:00:00,0.19556093123268414,0.18558611
2022-12-21 10:00:00,0.18428751602365298,0.18554284
2022-12-21 11:00:00,0.2250496216350329,0.18766537
2022-12-21 12:00:00,0.22923644709093166,0.24240652
2022-12-21 13:00:00,0.2726295331431171,0.26565948
2022-12-21 14:00:00,0.2845955836744821,0.27446336
2022-12-21 15:00:00,0.2867355166852748,0.30661172
2022-12-21 16:00:00,0.36174171938965394,0.33068866
2022-12-21 17:00:00,0.3411797543729066,0.32621753
2022-12-21 18:00:00,0.25798598188810323,0.25047356
2022-12-21 19:00:00,0.17909275110614897,0.19404301
2022-12-21 20:00:00,0.16246950337013605,0.14336729
2022-12-21 21:00:00,0.12678844642930986,0.10942977
2022-12-21 22:00:00,0.075150932473225,0.08795415
2022-12-21 23:00:00,0.06222346276309805,0.05162666
2022-12-22 00:00:00,0.03512281354670636,0.025698436
2022-12-22 01:00:00,0.009050779473183642,0.00704002
2022-12-22 02:00:00,0.0002584460157962205,0.0006281175
2022-12-22 03:00:00,0.00017057437042550553,-0.0004396513
2022-12-22 04:00:00,0.013816524004465949,0.01055038
2022-12-22 05:00:00,0.06672042343795229,0.081506915
2022-12-22 06:00:00,0.121717735599388,0.1311711
2022-12-22 07:00:00,0.19166356531447712,0.18268417
2022-12-22 08:00:00,0.1593836579415292,0.1656523
2022-12-22 09:00:00,0.16848095769755614,0.17498185
2022-12-22 10:00:00,0.19642930984575943,0.16844827
2022-12-22 11:00:00,0.21589029483521482,0.19037549
2022-12-22 12:00:00,0.20161890584294753,0.22612117
2022-12-22 13:00:00,0.2541816565355829,0.24233954
2022-12-22 14:00:00,0.2576189885456726,0.25321147
2022-12-22 15:00:00,0.28365484017698384,0.29877412
2022-12-22 16:00:00,0.3038239672497209,0.30218834
2022-12-22 17:00:00,0.32170843154281936,0.29460412
2022-12-22 18:00:00,0.2665974031344333,0.23991354
2022-12-22 19:00:00,0.14914919571599886,0.21164756
2022-12-22 20:00:00,0.15565169747343177,0.14233322
2022-12-22 21:00:00,0.10219989248645743,0.10763015
2022-12-22 22:00:00,0.08257867096720838,0.08276451
2022-12-22 23:00:00,0.04518153248149527,0.05164302
2022-12-23 00:00:00,0.035427779845345904,0.020217916
2022-12-23 01:00:00,0.00736054252987636,0.0064283684
2022-12-23 02:00:00,0.00012405408758218585,-5.4433942e-05
2022-12-23 03:00:00,0.0005323987925402142,-0.00090205297
2022-12-23 04:00:00,0.012839598064756234,0.009950977
2022-12-23 05:00:00,0.05924099574080966,0.08346182
2022-12-23 06:00:00,0.10336806847785636,0.12073734
2022-12-23 07:00:00,0.12670574370425505,0.15074694
2022-12-23 08:00:00,0.12062192449241203,0.14253196
2022-12-23 09:00:00,0.15844808336434688,0.14919825
2022-12-23 10:00:00,0.15803973865938883,0.17104337
2022-12-23 11:00:00,0.17141690443700122,0.16509841
2022-12-23 12:00:00,0.2279080345697391,0.18916471
2022-12-23 13:00:00,0.2718231815738329,0.24127209
2022-12-23 14:00:00,0.2622089897862135,0.28688237
2022-12-23 15:00:00,0.2546571972046479,0.2793362
2022-12-23 16:00:00,0.2527188520861763,0.28690672
2022-12-23 17:00:00,0.24945726336682797,0.2470077
2022-12-23 18:00:00,0.2691560186908159,0.21107312
2022-12-23 19:00:00,0.18339846172931398,0.20666046
2022-12-23 20:00:00,0.15091179754372908,0.16511744
2022-12-23 21:00:00,0.11792374808749949,0.12257318
2022-12-23 22:00:00,0.08350390770375885,0.10314539
2022-12-23 23:00:00,0.06197018566761775,0.07432386
2022-12-24 00:00:00,0.034631766116693545,0.023436692
2022-12-24 01:00:00,0.010306827109953273,0.0044543855
2022-12-24 02:00:00,0.00034114874085101107,-0.0001023002
2022-12-24 03:00:00,0.00027912169705991815,-0.0013675205
2022-12-24 04:00:00,0.01090125294628458,0.0032632947
2022-12-24 05:00:00,0.02488318240086011,0.02371106
2022-12-24 06:00:00,0.03333436711739652,0.02859446
2022-12-24 07:00:00,0.03881342265227639,0.03128998
2022-12-24 08:00:00,0.05955629988008106,0.06556662
2022-12-24 09:00:00,0.10008063515692843,0.10468082
2022-12-24 10:00:00,0.12920750113716248,0.13102403
2022-12-24 11:00:00,0.12317020220816277,0.14870118
2022-12-24 12:00:00,0.12395070917586735,0.14303394
2022-12-24 13:00:00,0.15836021171897616,0.14270267
2022-12-24 14:00:00,0.14283277508993922,0.16152766
2022-12-24 15:00:00,0.1104288136294091,0.1530366
2022-12-24 16:00:00,0.10078360831989415,0.13688909
2022-12-24 17:00:00,0.10308377786048051,0.12359284
2022-12-24 18:00:00,0.05313650084770294,0.11047243
2022-12-24 19:00:00,0.04653062068395154,0.06456435
2022-12-24 20:00:00,0.044287309266840345,0.03295671
2022-12-24 21:00:00,0.03979034859198611,0.019012667
2022-12-24 22:00:00,0.03602737460199314,0.016441673
2022-12-24 23:00:00,0.021595749079932187,0.017339516
2022-12-25 00:00:00,0.04647376256047637,0.012434863
2022-12-25 01:00:00,0.03168031261630071,0.007573571
2022-12-25 02:00:00,0.02325497250134392,0.0051341094
2022-12-25 03:00:00,0.01147500310135219,0.003685154
2022-12-25 04:00:00,0.0035510482570400696,0.0029791668
2022-12-25 05:00:00,0.009795103998676757,0.006678324
2022-12-25 06:00:00,0.014602199892486458,0.009077255
2022-12-25 07:00:00,0.013258280610346111,0.0087264925
2022-12-25 08:00:00,0.015320679816399951,0.011415783
2022-12-25 09:00:00,0.028439399578216104,0.026145011
2022-12-25 10:00:00,0.042488524996898654,0.042581446
2022-12-25 11:00:00,0.06774903858082125,0.060433425
2022-12-25 12:00:00,0.07742008849191581,0.07403864
2022-12-25 13:00:00,0.07429289170078154,0.08922857
2022-12-25 14:00:00,0.11220692221808709,0.0912396
2022-12-25 15:00:00,0.09713435057685152,0.11081883
2022-12-25 16:00:00,0.11309597651242609,0.1124133
2022-12-25 17:00:00,0.12045651904230245,0.11362984
2022-12-25 18:00:00,0.09871604019352438,0.1163889
2022-12-25 19:00:00,0.0913710044245958,0.09313493
2022-12-25 20:00:00,0.07513542571227723,0.07407699
2022-12-25 21:00:00,0.0624457263366828,0.047377862
2022-12-25 22:00:00,0.05163234503576893,0.031146899
2022-12-25 23:00:00,0.03658044907579705,0.027800884
2022-12-26 00:00:00,0.01678348426580656,0.02501645
2022-12-26 01:00:00,0.006853988338915768,0.01717721
2022-12-26 02:00:00,0.002682669643964769,0.003909275
2022-12-26 03:00:00,0.0013025679196129512,0.0014622137
2022-12-26 04:00:00,0.007510441219038168,0.0046237335
2022-12-26 05:00:00,0.017005747839391308,0.055642713
2022-12-26 06:00:00,0.019683248563040153,0.05383016
2022-12-26 07:00:00,0.01707811272381425,0.010477625
2022-12-26 08:00:00,0.02265537774469669,0.0077383816
2022-12-26 09:00:00,0.040286564942314855,0.043405537
2022-12-26 10:00:00,0.055173055452177155,0.032848753
2022-12-26 11:00:00,0.08382954968366209,0.08138853
2022-12-26 12:00:00,0.09034755820204277,0.102164686
2022-12-26 13:00:00,0.0987005334325766,0.10736278
2022-12-26 14:00:00,0.11753091014348924,0.117920645
2022-12-26 15:00:00,0.0986126617872059,0.12637517
2022-12-26 16:00:00,0.12497415539842038,0.115410835
2022-12-26 17:00:00,0.12733118306248192,0.11418989
2022-12-26 18:00:00,0.1029545548525824,0.108148225
2022-12-26 19:00:00,0.07816958193772486,0.08677036
2022-12-26 20:00:00,0.06296778728859116,0.061466582
2022-12-26 21:00:00,0.06085369887937808,0.0344302
2022-12-26 22:00:00,0.03947504445271472,0.029562691
2022-12-26 23:00:00,0.03254352230906009,0.02309528
2022-12-27 00:00:00,0.026035851631311255,0.0146759935
2022-12-27 01:00:00,0.012291692511268248,0.008455664
2022-12-27 02:00:00,0.007034900549973122,0.0046020932
2022-12-27 03:00:00,0.003416656328826035,0.002167821
2022-12-27 04:00:00,0.01301017243518174,0.003493525
2022-12-27 05:00:00,0.04026072034073523,0.061689414
2022-12-27 06:00:00,0.07647417607410165,0.11170778
2022-12-27 07:00:00,0.09033722036141091,0.100884944
2022-12-27 08:00:00,0.08693090187321673,0.09386709
2022-12-27 09:00:00,0.11600090972997561,0.1144519
2022-12-27 10:00:00,0.15080841913741058,0.12729171
2022-12-27 11:00:00,0.2023477236074929,0.15994032
2022-12-27 12:00:00,0.1961708638299632,0.21357648
2022-12-27 13:00:00,0.22636769631559361,0.21263953
2022-12-27 14:00:00,0.26222449654716123,0.24518175
2022-12-27 15:00:00,0.2525792912376463,0.26683366
2022-12-27 16:00:00,0.2837737253442501,0.2890089
2022-12-27 17:00:00,0.2492970268370343,0.2705313
2022-12-27 18:00:00,0.21824215357896046,0.19947849
2022-12-27 19:00:00,0.1723628168548154,0.16652253
2022-12-27 20:00:00,0.12273084398130919,0.13919649
2022-12-27 21:00:00,0.08665694909647273,0.093081504
2022-12-27 22:00:00,0.06920667410991192,0.06386641
2022-12-27 23:00:00,0.053637886118347605,0.040517766
2022-12-28 00:00:00,0.028201629243683583,0.020395994
2022-12-28 01:00:00,0.00574267047099202,0.0050136186
2022-12-28 02:00:00,5.16892031592441e-05,-0.00029659644
2022-12-28 03:00:00,0.00013439192821403467,-0.00083714724
2022-12-28 04:00:00,0.010265475747425878,0.006724965
2022-12-28 05:00:00,0.04449406607947732,0.07656533
2022-12-28 06:00:00,0.07411714841004012,0.084901795
2022-12-28 07:00:00,0.09468428234710334,0.06607036
2022-12-28 08:00:00,0.08665694909647273,0.09948178
2022-12-28 09:00:00,0.12376979696481,0.114677
2022-12-28 10:00:00,0.17158747880742672,0.13750799
2022-12-28 11:00:00,0.20188768969937562,0.18119857
2022-12-28 12:00:00,0.20498904188893025,0.21485804
2022-12-28 13:00:00,0.21464975395939298,0.21270669
2022-12-28 14:00:00,0.24393168754910477,0.230202
2022-12-28 15:00:00,0.24734317495761488,0.24937952
2022-12-28 16:00:00,0.2698486540131498,0.27975297
2022-12-28 17:00:00,0.24934871604019354,0.26409513
2022-12-28 18:00:00,0.203092048132986,0.20125812
2022-12-28 19:00:00,0.15340838605632057,0.16649745
2022-12-28 20:00:00,0.10823719141545715,0.12952462
2022-12-28 21:00:00,0.08631580035562172,0.0820674
2022-12-28 22:00:00,0.08768556423934169,0.061134327
2022-12-28 23:00:00,0.056723731546954474,0.043682635
2022-12-29 00:00:00,0.03596534755820205,0.020162236
2022-12-29 01:00:00,0.013211760327502792,0.005866386
2022-12-29 02:00:00,0.0003721622627465575,0.0009209737
2022-12-29 03:00:00,6.719596410701733e-05,6.843731e-05
2022-12-29 04:00:00,0.010229293305214408,0.007959776
2022-12-29 05:00:00,0.04262808584542861,0.06676476
2022-12-29 06:00:00,0.06888620105032461,0.08986753
2022-12-29 07:00:00,0.093340363064963,0.045535315
2022-12-29 08:00:00,0.08035086631104496,0.10523875
2022-12-29 09:00:00,0.10425195385187942,0.11513842
2022-12-29 10:00:00,0.11374209155191664,0.12509038
2022-12-29 11:00:00,0.15796220485464998,0.13040426
2022-12-29 12:00:00,0.17889633213414383,0.16994943
2022-12-29 13:00:00,0.1909812678327751,0.1854001
2022-12-29 14:00:00,0.24405574163668695,0.1993253
2022-12-29 15:00:00,0.2553136500847703,0.23817733
2022-12-29 16:00:00,0.2584253401149568,0.25736475
2022-12-29 17:00:00,0.19804718190464377,0.24430455
2022-12-29 18:00:00,0.20102448000661624,0.17861502
2022-12-29 19:00:00,0.15030186494645,0.15659624
2022-12-29 20:00:00,0.10205516271761156,0.1266152
2022-12-29 21:00:00,0.07816441301740892,0.08433593
2022-12-29 22:00:00,0.07919302816027789,0.060969163
2022-12-29 23:00:00,0.0437704172352479,0.04010102
2022-12-30 00:00:00,0.04633420171194641,0.017610006
2022-12-30 01:00:00,0.008756151015175951,0.0062827542
2022-12-30 02:00:00,0.00083219617086383,0.0007629171
2022-12-30 03:00:00,0.0002636149361121449,-0.0005443767
2022-12-30 04:00:00,0.0142507133110036,0.004187368
2022-12-30 05:00:00,0.04500062027043791,0.060956378
2022-12-30 06:00:00,0.06695819377248481,0.084495686
2022-12-30 07:00:00,0.08119856924285655,0.057901274
2022-12-30 08:00:00,0.07968924451060663,0.10506848
2022-12-30 09:00:00,0.11782036968118101,0.12145534
2022-12-30 10:00:00,0.15152689906132408,0.14474472
2022-12-30 11:00:00,0.16951474176074102,0.15807657
2022-12-30 12:00:00,0.1777023115411653,0.18320431
2022-12-30 13:00:00,0.22263573584749619,0.19066761
2022-12-30 14:00:00,0.22508580407724435,0.22027576
2022-12-30 15:00:00,0.2395174295993053,0.2240137
2022-12-30 16:00:00,0.22612475706074517,0.24088004
2022-12-30 17:00:00,0.21167762477773644,0.22651912
2022-12-30 18:00:00,0.1766013315138734,0.1931156
2022-12-30 19:00:00,0.13685233428441468,0.15215874
2022-12-30 20:00:00,0.10260823719141547,0.11529836
2022-12-30 21:00:00,0.0913710044245958,0.078628875
2022-12-30 22:00:00,0.07690319646032337,0.06318735
2022-12-30 23:00:00,0.054304676839101854,0.042552665
2022-12-31 00:00:00,0.03683889509159327,0.018963574
2022-12-31 01:00:00,0.010616962328908738,0.0035948642
2022-12-31 02:00:00,0.0008011826489682835,-0.00040194392
2022-12-31 03:00:00,0.0003101352189554646,-0.0014826208
2022-12-31 04:00:00,0.003918041599470703,0.0015722401
2022-12-31 05:00:00,0.0195023363519828,0.016262611
2022-12-31 06:00:00,0.018938924037547038,0.020009104
2022-12-31 07:00:00,0.02796902782946698,0.025085675
2022-12-31 08:00:00,0.043367241450605803,0.046006918
2022-12-31 09:00:00,0.08307488731753712,0.07789324
2022-12-31 10:00:00,0.0955009717570194,0.10942119
2022-12-31 11:00:00,0.11882314022247034,0.12001467
2022-12-31 12:00:00,0.136283753049663,0.13286568
2022-12-31 13:00:00,0.13559111772732912,0.1475789
2022-12-31 14:00:00,0.16490923375925237,0.15374735
2022-12-31 15:00:00,0.14510193110863004,0.1559677
2022-12-31 16:00:00,0.13087189347889014,0.15959993
2022-12-31 17:00:00,0.15392010916759707,0.15021075
2022-12-31 18:00:00,0.1516819666708018,0.14934522
2022-12-31 19:00:00,0.12308233056279205,0.13264564
2022-12-31 20:00:00,0.10340425092006783,0.10715531
2022-12-31 21:00:00,0.08660009097299756,0.08058833
2022-12-31 22:00:00,0.04181139643551255,0.061888967
2022-12-31 23:00:00,0.019207707893975107,0.037316114
2023-01-01 00:00:00,0.03874105776785346,0.026098924
2023-01-01 01:00:00,0.024386966050531367,0.016885843
2023-01-01 02:00:00,0.009624529628251251,0.0061743446
2023-01-01 03:00:00,0.02431977008642435,0.002894923
2023-01-01 04:00:00,0.01741409254434934,0.0052474476
2023-01-01 05:00:00,0.03671484100401109,0.011845902
2023-01-01 06:00:00,0.029674771533722038,0.017483905
2023-01-01 07:00:00,0.01944547822850763,0.018786235
2023-01-01 08:00:00,0.02518814869949965,0.025107862
2023-01-01 09:00:00,0.030455278501426625,0.052227948
2023-01-01 10:00:00,0.036601124757060746,0.053880364
2023-01-01 11:00:00,0.06058491502295001,0.056752622
2023-01-01 12:00:00,0.07474258776826698,0.06507428
2023-01-01 13:00:00,0.09951205392217674,0.08877352
2023-01-01 14:00:00,0.09508745813174545,0.10511407
2023-01-01 15:00:00,0.1074205020055411,0.10482843
2023-01-01 16:00:00,0.1042467849315635,0.11534828
2023-01-01 17:00:00,0.11318384815779681,0.1117071
2023-01-01 18:00:00,0.08711698300459,0.105330914
2023-01-01 19:00:00,0.0711915395112269,0.08206249
2023-01-01 20:00:00,0.06311251705743705,0.06072627
2023-01-01 21:00:00,0.04287102510027706,0.030635893
2023-01-01 22:00:00,0.03551565149071662,0.023430819
2023-01-01 23:00:00,0.02372017532977712,0.022112511
2023-01-02 00:00:00,0.021357978745399662,0.02066635
2023-01-02 01:00:00,0.054346028201629246,0.01535698
2023-01-02 02:00:00,0.03948021337303064,0.010446571
2023-01-02 03:00:00,0.019486829591035027,0.008474849
2023-01-02 04:00:00,0.011201050324608197,0.011515681
2023-01-02 05:00:00,0.05090352727122359,0.054217756
2023-01-02 06:00:00,0.094503370136046,0.13004372
2023-01-02 07:00:00,0.12818922383492537,0.17752767
2023-01-02 08:00:00,0.11469317289004674,0.1153841
2023-01-02 09:00:00,0.11522557168258694,0.1214032
2023-01-02 10:00:00,0.15743497498242567,0.1262604
2023-01-02 11:00:00,0.17959413637679364,0.15899265
2023-01-02 12:00:00,0.20100380432535253,0.20120995
2023-01-02 13:00:00,0.20875718479923916,0.22352426
2023-01-02 14:00:00,0.23771864532936363,0.24130231
2023-01-02 15:00:00,0.25341665632882604,0.2512359
2023-01-02 16:00:00,0.24473287019807305,0.29315388
2023-01-02 17:00:00,0.2399619567464748,0.24429235
2023-01-02 18:00:00,0.16861018070545425,0.19019626
2023-01-02 19:00:00,0.1253153041392714,0.14063548
2023-01-02 20:00:00,0.11042364470909317,0.10131797
2023-01-02 21:00:00,0.06958917421329033,0.07186572
2023-01-02 22:00:00,0.05924099574080966,0.043240678
2023-01-02 23:00:00,0.030837778604805032,0.03108097
2023-01-03 00:00:00,0.01758983583509077,0.012434062
2023-01-03 01:00:00,0.006140677335318199,0.0015849397
2023-01-03 02:00:00,4.652028284331969e-05,-0.0012378469
2023-01-03 03:00:00,4.652028284331969e-05,-0.0013952963
2023-01-03 04:00:00,0.012694868295910352,0.005364202
2023-01-03 05:00:00,0.049781871562667994,0.075332664
2023-01-03 06:00:00,0.09019249059256504,0.11837306
2023-01-03 07:00:00,0.13174027209196543,0.12354866
2023-01-03 08:00:00,0.1216298639540173,0.11573972
2023-01-03 09:00:00,0.12168672207749247,0.13426936
2023-01-03 10:00:00,0.1374932804035893,0.13184296
2023-01-03 11:00:00,0.13514659058015963,0.14379297
2023-01-03 12:00:00,0.1649971054046231,0.15560508
2023-01-03 13:00:00,0.20221333167927885,0.18185632
2023-01-03 14:00:00,0.20605383947401068,0.21112931
2023-01-03 15:00:00,0.22023218790059135,0.21848825
2023-01-03 16:00:00,0.24507918785924,0.24362446
2023-01-03 17:00:00,0.22870921721870738,0.21736039
2023-01-03 18:00:00,0.20382086589753134,0.17477833
2023-01-03 19:00:00,0.12636459496340405,0.15452081
2023-01-03 20:00:00,0.08691022619195303,0.106935136
2023-01-03 21:00:00,0.0714034652441798,0.06333014
2023-01-03 22:00:00,0.055235082495968243,0.039759822
2023-01-03 23:00:00,0.034182070049208126,0.027671743
2023-01-04 00:00:00,0.018199768432369846,0.010279439
2023-01-04 01:00:00,0.0042953727825331845,0.0017469451
2023-01-04 02:00:00,0.00011888516726626143,-0.0009317957
2023-01-04 03:00:00,6.202704379109292e-05,-0.0009487234
2023-01-04 04:00:00,0.009055948393499566,0.0055711456
2023-01-04 05:00:00,0.046432411197948976,0.07116178
2023-01-04 06:00:00,0.10596803539676633,0.114033476
2023-01-04 07:00:00,0.14139581524211223,0.18327446
2023-01-04 08:00:00,0.12589422321465493,0.12553118
2023-01-04 09:00:00,0.12065293801430758,0.13568813
2023-01-04 10:00:00,0.12848385229293305,0.13194807
2023-01-04 11:00:00,0.15111338543605013,0.1376119
2023-01-04 12:00:00,0.16949923499979325,0.16722941
2023-01-04 13:00:00,0.20166542612579086,0.18311557
2023-01-04 14:00:00,0.19011805814001573,0.20817794
2023-01-04 15:00:00,0.19923603357730638,0.2066344
2023-01-04 16:00:00,0.25500351486581485,0.2263984
2023-01-04 17:00:00,0.24015320679816402,0.22826828
2023-01-04 18:00:00,0.20484431212008436,0.18660547
2023-01-04 19:00:00,0.1426001736757226,0.15545422
2023-01-04 20:00:00,0.11370590910970517,0.114200085
2023-01-04 21:00:00,0.08272340073605426,0.07855264
2023-01-04 22:00:00,0.057013191084646246,0.056693695
2023-01-04 23:00:00,0.04027105818136708,0.03712792
2023-01-05 00:00:00,0.027772608857461856,0.018546626
2023-01-05 01:00:00,0.007272670884505645,0.0046467967
2023-01-05 02:00:00,0.00018091221105735435,0.0004577823
2023-01-05 03:00:00,0.00034114874085101107,-0.0001151599
2023-01-05 04:00:00,0.017155646528553118,0.0060736835
2023-01-05 05:00:00,0.06148430715792086,0.076698326
2023-01-05 06:00:00,0.09482901211594923,0.13697958
2023-01-05 07:00:00,0.1259097299756027,0.11718375
2023-01-05 08:00:00,0.12013087706239922,0.12550586
2023-01-05 09:00:00,0.1385684158293016,0.13998735
2023-01-05 10:00:00,0.15444733903982139,0.15053278
2023-01-05 11:00:00,0.17057437042550552,0.15870315
2023-01-05 12:00:00,0.19626390439564986,0.18366964
2023-01-05 13:00:00,0.21401397676053427,0.20921473
2023-01-05 14:00:00,0.25816172517884467,0.22935231
2023-01-05 15:00:00,0.2684995658106935,0.26114085
2023-01-05 16:00:00,0.28353595500971757,0.30342406
2023-01-05 17:00:00,0.2614336517388248,0.27869144
2023-01-05 18:00:00,0.21889343753876692,0.20844902
2023-01-05 19:00:00,0.1615701112351652,0.16898789
2023-01-05 20:00:00,0.13900777405615516,0.12972043
2023-01-05 21:00:00,0.09533556630690981,0.097770005
2023-01-05 22:00:00,0.08085742050200555,0.07566586
2023-01-05 23:00:00,0.06398606459082827,0.0446877
2023-01-06 00:00:00,0.028625480709589382,0.02242393
2023-01-06 01:00:00,0.006533515279328455,0.0049768277
2023-01-06 02:00:00,0.00029462845800769136,-0.0004273057
2023-01-06 03:00:00,0.002155439771740479,-0.0011470914
2023-01-06 04:00:00,0.0075828061034611096,0.00732686
2023-01-06 05:00:00,0.015067402720919656,0.0572982
2023-01-06 06:00:00,0.020262167638423687,0.036431763
2023-01-06 07:00:00,0.032026630277467646,0.030978043
2023-01-06 08:00:00,0.03465761071827317,0.055780455
2023-01-06 09:00:00,0.05884815779679941,0.078422725
2023-01-06 10:00:00,0.08419137410577679,0.08462857
2023-01-06 11:00:00,0.10130050035148659,0.10972175
2023-01-06 12:00:00,0.11466215936815119,0.122965515
2023-01-06 13:00:00,0.1295279741967498,0.12837942
2023-01-06 14:00:00,0.14265703179919778,0.13909876
2023-01-06 15:00:00,0.15186287888185918,0.1411641
2023-01-06 16:00:00,0.140796220485465,0.15002629
2023-01-06 17:00:00,0.17211987759996694,0.13730696
2023-01-06 18:00:00,0.15293801430757145,0.13872553
2023-01-06 19:00:00,0.12457097961377829,0.123306446
2023-01-06 20:00:00,0.08896228755737502,0.10325843
2023-01-06 21:00:00,0.0788777240210065,0.06792144
2023-01-06 22:00:00,0.0795135012198652,0.04981598
2023-01-06 23:00:00,0.058910184840590504,0.04441026
2023-01-07 00:00:00,0.05328123061654882,0.028810933
2023-01-07 01:00:00,0.02614956787826159,0.013924994
2023-01-07 02:00:00,0.01814291030889468,0.0069125034
2023-01-07 03:00:00,0.0070659140718686685,0.0027883872
2023-01-07 04:00:00,0.011635239631145848,0.0038674846
2023-01-07 05:00:00,0.03189223834925361,0.01710387
2023-01-07 06:00:00,0.037185212752760204,0.024001772
2023-01-07 07:00:00,0.035376090642186664,0.030850511
2023-01-07 08:00:00,0.057375015506760954,0.057846237
2023-01-07 09:00:00,0.09677769507505272,0.09398982
2023-01-07 10:00:00,0.12490179051399744,0.12743163
2023-01-07 11:00:00,0.15692325187114917,0.14811623
2023-01-07 12:00:00,0.17581565562585288,0.16820395
2023-01-07 13:00:00,0.21616424761195882,0.18614498
2023-01-07 14:00:00,0.20193937890253486,0.21039099
2023-01-07 15:00:00,0.20554728528305008,0.20396098
2023-01-07 16:00:00,0.22823367654964233,0.20990762
2023-01-07 17:00:00,0.21637617334491174,0.21541904
2023-01-07 18:00:00,0.19030930819170494,0.20919292
2023-01-07 19:00:00,0.15154240582227185,0.17134486
2023-01-07 20:00:00,0.1367334491171484,0.12993918
2023-01-07 21:00:00,0.08707563164206261,0.10130613
2023-01-07 22:00:00,0.0883626928007278,0.080391705
2023-01-07 23:00:00,0.060099036513253115,0.06429364
2023-01-08 00:00:00,0.03785200347351445,0.039284334
2023-01-08 01:00:00,0.02338419550924203,0.018376196
2023-01-08 02:00:00,0.01121655708555597,0.0065060556
2023-01-08 03:00:00,0.005355001447297689,0.0018305779
2023-01-08 04:00:00,0.005892569160153827,0.0034851208
2023-01-08 05:00:00,0.014157672745316959,0.009858992
2023-01-08 06:00:00,0.013764834801306703,0.01152746
2023-01-08 07:00:00,0.016830004548649878,0.01240015
2023-01-08 08:00:00,0.027353926311871977,0.020858578
2023-01-08 09:00:00,0.037795145350039284,0.04595352
2023-01-08 10:00:00,0.059535624198817354,0.0599858
2023-01-08 11:00:00,0.07138795848323203,0.07678594
2023-01-08 12:00:00,0.07255613447463094,0.08616103
2023-01-08 13:00:00,0.10074742587768268,0.09051017
2023-01-08 14:00:00,0.09865918207004921,0.10862194
2023-01-08 15:00:00,0.1163989165943018,0.109418236
2023-01-08 16:00:00,0.12476222966546749,0.12623253
2023-01-08 17:00:00,0.12568229748170204,0.12563592
2023-01-08 18:00:00,0.11531861224827358,0.11717456
2023-01-08 19:00:00,0.08117789356159286,0.101815015
2023-01-08 20:00:00,0.07945147417607411,0.07557562
2023-01-08 21:00:00,0.06457532150684366,0.049755983
2023-01-08 22:00:00,0.03598085431914982,0.03225903
2023-01-08 23:00:00,0.025643013687301,0.025368381
2023-01-09 00:00:00,0.05704420460654179,0.021511381
2023-01-09 01:00:00,0.028728859115907873,0.026976954
2023-01-09 02:00:00,0.01632861927800521,0.011537932
2023-01-09 03:00:00,0.007081420832816442,0.0049474984
2023-01-09 04:00:00,0.015351693338295499,0.008757886
2023-01-09 05:00:00,0.06872596452053095,0.07359767
2023-01-09 06:00:00,0.18884650374229833,0.15513332
2023-01-09 07:00:00,0.4670016127031386,0.38127345
2023-01-09 08:00:00,0.24507918785924,0.22281496
2023-01-09 09:00:00,0.18633440846875907,0.19780861
2023-01-09 10:00:00,0.15306723731546956,0.16315493
2023-01-09 11:00:00,0.17151511392300378,0.18084098
2023-01-09 12:00:00,0.1994893106727867,0.21512559
2023-01-09 13:00:00,0.3311830624819088,0.31614393
2023-01-09 14:00:00,0.2898627134764091,0.26559466
2023-01-09 15:00:00,0.34953272960344045,0.32874304
2023-01-09 16:00:00,0.36634722739114256,0.35957718
2023-01-09 17:00:00,0.2886583550427987,0.2833383
2023-01-09 18:00:00,0.22266674936939174,0.20105234
2023-01-09 19:00:00,0.12949696067485425,0.15718073
2023-01-09 20:00:00,0.08464623909357814,0.11152853
2023-01-09 21:00:00,0.06524728114791382,0.06514874
2023-01-09 22:00:00,0.04664433693090188,0.036939442
2023-01-09 23:00:00,0.023859736178307077,0.025578195
2023-01-10 00:00:00,0.010580779886697268,0.008297782
2023-01-10 01:00:00,0.0017160815448869042,-0.00032694265
2023-01-10 02:00:00,2.067568126369764e-05,-0.0019324645
2023-01-10 03:00:00,0.00019125005168920317,-0.0016118288
2023-01-10 04:00:00,0.015289666294504406,0.008354448
2023-01-10 05:00:00,0.06073998263242774,0.082549706
2023-01-10 06:00:00,0.19581937724848036,0.16102314
2023-01-10 07:00:00,0.5228879791589133,0.40680468
2023-01-10 08:00:00,0.25140077740561556,0.2379404
2023-01-10 09:00:00,0.18809184137617335,0.20254275
2023-01-10 10:00:00,0.16173034776495887,0.16392604
2023-01-10 11:00:00,0.18760079394616055,0.19001083
2023-01-10 12:00:00,0.2262591489889592,0.23554301
2023-01-10 13:00:00,0.28651325311169007,0.31128645
2023-01-10 14:00:00,0.22601620973411077,0.2511577
2023-01-10 15:00:00,0.29117561923665386,0.2893582
2023-01-10 16:00:00,0.3537143861390233,0.3248127
2023-01-10 17:00:00,0.2808119340032254,0.27788782
2023-01-10 18:00:00,0.21952921473762563,0.2055048
2023-01-10 19:00:00,0.13637679361534963,0.16065304
2023-01-10 20:00:00,0.08935512550138527,0.11287336
2023-01-10 21:00:00,0.07758032502170947,0.06609437
2023-01-10 22:00:00,0.050650250175743296,0.04419207
2023-01-10 23:00:00,0.03775896290782781,0.03074975
2023-01-11 00:00:00,0.011702435595252865,0.011193667
2023-01-11 01:00:00,0.0031943927552412856,0.0009272322
2023-01-11 02:00:00,2.584460157962205e-05,-0.0013319254
2023-01-11 03:00:00,5.16892031592441e-05,-0.001144208
2023-01-11 04:00:00,0.012875780506967706,0.009847492
2023-01-11 05:00:00,0.08653806392920647,0.08003925
2023-01-11 06:00:00,0.1979438034983253,0.19536166
2023-01-11 07:00:00,0.5202311541165282,0.42739648
2023-01-11 08:00:00,0.24380246454120666,0.24754705
2023-01-11 09:00:00,0.18758011826489684,0.21961486
2023-01-11 10:00:00,0.1494593309349543,0.16239196
2023-01-11 11:00:00,0.18977690939916472,0.1752863
2023-01-11 12:00:00,0.23191911673489643,0.22374894
2023-01-11 13:00:00,0.3391845511309598,0.32308644
2023-01-11 14:00:00,0.22804759541826905,0.26022744
2023-01-11 15:00:00,0.3130608278542778,0.2947495
2023-01-11 16:00:00,0.30346731174792213,0.32720584
2023-01-11 17:00:00,0.25767067774883184,0.25760025
2023-01-11 18:00:00,0.18644295579539347,0.18936639
2023-01-11 19:00:00,0.14957304718190464,0.1410794
2023-01-11 20:00:00,0.08556113798949676,0.1134951
2023-01-11 21:00:00,0.06894305917379978,0.068961576
2023-01-11 22:00:00,0.052412852003473516,0.044319894
2023-01-11 23:00:00,0.03070855559690692,0.028525617
2023-01-12 00:00:00,0.012550138527064467,0.009999812
2023-01-12 01:00:00,0.003525203655460448,0.000127431
2023-01-12 02:00:00,0.00013956084852995908,-0.0016547441
2023-01-12 03:00:00,0.000403175784642104,-0.0013228022
2023-01-12 04:00:00,0.018137741388578755,0.008623879
2023-01-12 05:00:00,0.07241657362610099,0.080914624
2023-01-12 06:00:00,0.22939668362072532,0.16384602
2023-01-12 07:00:00,0.502532770954803,0.4918251
2023-01-12 08:00:00,0.23744469255261963,0.22370888
2023-01-12 09:00:00,0.19312120084356782,0.21214223
2023-01-12 10:00:00,0.15477814994004055,0.16619846
2023-01-12 11:00:00,0.19155501798784272,0.18390268
2023-01-12 12:00:00,0.2161384030103792,0.225563
2023-01-12 13:00:00,0.34163461936070794,0.32465565
2023-01-12 14:00:00,0.2635839225902494,0.26828614
2023-01-12 15:00:00,0.30707521812843735,0.32907027
2023-01-12 16:00:00,0.3512126287061159,0.32965398
2023-01-12 17:00:00,0.301766736963983,0.2885436
2023-01-12 18:00:00,0.2063329611710706,0.22038153
2023-01-12 19:00:00,0.13449013770003723,0.16043453
2023-01-12 20:00:00,0.10695013025679197,0.11496298
2023-01-12 21:00:00,0.08008208245461688,0.075335726
2023-01-12 22:00:00,0.05876028615142869,0.057007898
2023-01-12 23:00:00,0.03426477277426292,0.036060143
2023-01-13 00:00:00,0.014540172848695366,0.012219511
2023-01-13 01:00:00,0.004217838977794318,0.00032573193
2023-01-13 02:00:00,9.820948600256379e-05,-0.0015351102
2023-01-13 03:00:00,0.000201587892321052,-0.0013177618
2023-01-13 04:00:00,0.010885746185336808,0.011905018
2023-01-13 05:00:00,0.06372761857503205,0.07333959
2023-01-13 06:00:00,0.17853967663234505,0.145796
2023-01-13 07:00:00,0.5131032130008685,0.40439326
2023-01-13 08:00:00,0.22344725633709633,0.21735275
2023-01-13 09:00:00,0.18491295538187985,0.19170322
2023-01-13 10:00:00,0.15182152751933178,0.16634345
2023-01-13 11:00:00,0.19330211305462516,0.19351527
2023-01-13 12:00:00,0.2622813546706364,0.25279224
2023-01-13 13:00:00,0.41681139643551257,0.37923348
2023-01-13 14:00:00,0.28549497580945293,0.29885608
2023-01-13 15:00:00,0.32181697886945376,0.31493104
2023-01-13 16:00:00,0.33193255592771786,0.30837387
2023-01-13 17:00:00,0.2748831824008601,0.2768159
2023-01-13 18:00:00,0.23212587354753342,0.22720993
2023-01-13 19:00:00,0.1806485961212422,0.18589431
2023-01-13 20:00:00,0.14223834925360793,0.15193228
2023-01-13 21:00:00,0.10727577223669521,0.11184915
2023-01-13 22:00:00,0.10586465699044785,0.093836844
2023-01-13 23:00:00,0.07235971550262582,0.070598185
2023-01-14 00:00:00,0.019367944423768765,0.02134349
2023-01-14 01:00:00,0.008347806310217922,0.0032240115
2023-01-14 02:00:00,0.0,-0.0005796328
2023-01-14 03:00:00,0.0005685812347516851,-0.0017096996
2023-01-14 04:00:00,0.009562502584460158,0.0016426705
2023-01-14 05:00:00,0.03288983997022702,0.018345684
2023-01-14 06:00:00,0.04082413265517099,0.029350853
2023-01-14 07:00:00,0.05063474341479552,0.037865296
2023-01-14 08:00:00,0.0737088037050821,0.08435172
2023-01-14 09:00:00,0.11821320762519126,0.122089565
2023-01-14 10:00:00,0.13870797667783155,0.15088134
2023-01-14 11:00:00,0.16822251168175992,0.15891925
2023-01-14 12:00:00,0.17784187238969526,0.18663906
2023-01-14 13:00:00,0.21744097092999215,0.1927213
2023-01-14 14:00:00,0.2098478269858992,0.22183597
2023-01-14 15:00:00,0.24054087582185835,0.2104301
2023-01-14 16:00:00,0.21485134185171403,0.23335068
2023-01-14 17:00:00,0.2166191125997602,0.21959333
2023-01-14 18:00:00,0.21339370632262336,0.20879309
2023-01-14 19:00:00,0.16973700533432579,0.18574083
2023-01-14 20:00:00,0.1315852044824877,0.1435571
2023-01-14 21:00:00,0.1215678369102262,0.111034244
2023-01-14 22:00:00,0.08570069883802672,0.09495492
2023-01-14 23:00:00,0.06753711284786834,0.07184631
2023-01-15 00:00:00,0.059184137617334494,0.03697946
2023-01-15 01:00:00,0.03725757763718315,0.020924864
2023-01-15 02:00:00,0.02312574949344581,0.009142049
2023-01-15 03:00:00,0.010611793408592814,0.0036455244
2023-01-15 04:00:00,0.006931522143654634,0.006062489
2023-01-15 05:00:00,0.018804532109333003,0.011062112
2023-01-15 06:00:00,0.01388888888888889,0.013316993
2023-01-15 07:00:00,0.018876896993755946,0.013502136
2023-01-15 08:00:00,0.030951494851755367,0.023824345
2023-01-15 09:00:00,0.0488721415870653,0.04970836
2023-01-15 10:00:00,0.056806434272009265,0.07112068
2023-01-15 11:00:00,0.06893789025348386,0.083134346
2023-01-15 12:00:00,0.08726688169375181,0.08219258
2023-01-15 13:00:00,0.10080945292147377,0.09944935
2023-01-15 14:00:00,0.11601641649092338,0.111884266
2023-01-15 15:00:00,0.11710188975726751,0.12497666
2023-01-15 16:00:00,0.12266364801720217,0.12740436
2023-01-15 17:00:00,0.13068064342720093,0.12629291
2023-01-15 18:00:00,0.11473969317289005,0.12389742
2023-01-15 19:00:00,0.09060083529752307,0.10450884
2023-01-15 20:00:00,0.07620539221767358,0.08172271
2023-01-15 21:00:00,0.050474506885001866,0.051495664
2023-01-15 22:00:00,0.04328453872555101,0.030700393
2023-01-15 23:00:00,0.01748645742877228,0.025361191
2023-01-16 00:00:00,0.059887110780300214,0.021010138
2023-01-16 01:00:00,0.036782036968118104,0.028319946
2023-01-16 02:00:00,0.018654633420171197,0.014291782
2023-01-16 03:00:00,0.011511185543563661,0.005704459
2023-01-16 04:00:00,0.022603688541537447,0.010073252
2023-01-16 05:00:00,0.08023715006409461,0.082591034
2023-01-16 06:00:00,0.19074349749824257,0.17712848
2023-01-16 07:00:00,0.484002191622214,0.39548928
2023-01-16 08:00:00,0.20635880577265023,0.22476666
2023-01-16 09:00:00,0.1760327502791217,0.18693176
2023-01-16 10:00:00,0.13220547492039864,0.15642816
2023-01-16 11:00:00,0.18506802299135758,0.16257696
2023-01-16 12:00:00,0.2277012777571021,0.20070903
2023-01-16 13:00:00,0.32520262167638425,0.31153083
2023-01-16 14:00:00,0.2618575032047306,0.25434417
2023-01-16 15:00:00,0.2953314311706571,0.3156219
2023-01-16 16:00:00,0.3088429888764835,0.33356494
2023-01-16 17:00:00,0.2667059504610677,0.25692755
2023-01-16 18:00:00,0.2156318488194186,0.18139112
2023-01-16 19:00:00,0.146745647769094,0.15170479
2023-01-16 20:00:00,0.09586279617913411,0.12121032
2023-01-16 21:00:00,0.07629843278336022,0.07368833
2023-01-16 22:00:00,0.052278460075259485,0.045699976
2023-01-16 23:00:00,0.03124612330976306,0.028871452
2023-01-17 00:00:00,0.010074225695736676,0.01076927
2023-01-17 01:00:00,0.0016540545010958112,0.0004943125
2023-01-17 02:00:00,2.067568126369764e-05,-0.0015639216
2023-01-17 03:00:00,0.00024293925484844726,-0.0015094653
2023-01-17 04:00:00,0.011831658603150975,0.007689014
2023-01-17 05:00:00,0.07304201298432784,0.07879817
2023-01-17 06:00:00,0.22370570235289255,0.18038005
2023-01-17 07:00:00,0.5063939544307985,0.4414963
2023-01-17 08:00:00,0.26952818095356246,0.23019417
2023-01-17 09:00:00,0.21765289666294507,0.21598099
2023-01-17 10:00:00,0.16509531489062565,0.18321306
2023-01-17 11:00:00,0.17506616218004384,0.22133015
2023-01-17 12:00:00,0.22453789852375639,0.23949963
2023-01-17 13:00:00,0.31626038952983504,0.32231218
2023-01-17 14:00:00,0.2668765248314932,0.26464325
2023-01-17 15:00:00,0.3478476615804491,0.31568098
2023-01-17 16:00:00,0.3883668279369806,0.36067253
2023-01-17 17:00:00,0.3155522474465534,0.29962653
2023-01-17 18:00:00,0.21454120663275858,0.22260727
2023-01-17 19:00:00,0.122606789893727,0.16512915
2023-01-17 20:00:00,0.0990778646156391,0.108594954
2023-01-17 21:00:00,0.06428069304883596,0.067764
2023-01-17 22:00:00,0.06308667245585743,0.04104751
2023-01-17 23:00:00,0.029235413306868463,0.03153318
2023-01-18 00:00:00,0.012389901997270811,0.011106942
2023-01-18 01:00:00,0.0039542240416821734,0.0008444153
2023-01-18 02:00:00,0.0,-0.0015614927
2023-01-18 03:00:00,4.652028284331969e-05,-0.0014528185
2023-01-18 04:00:00,0.012033246495472027,0.010521978
2023-01-18 05:00:00,0.07461336476036887,0.086460315
2023-01-18 06:00:00,0.20725302898730516,0.17383052
2023-01-18 07:00:00,0.4905253690609106,0.44952977
2023-01-18 08:00:00,0.23092151511392303,0.24068278
2023-01-18 09:00:00,0.18216308977380807,0.21486504
2023-01-18 10:00:00,0.16790720754248853,0.15771788
2023-01-18 11:00:00,0.18279369805235085,0.18691522
2023-01-18 12:00:00,0.2218759045610553,0.22260688
2023-01-18 13:00:00,0.3415157341934417,0.31705505
2023-01-18 14:00:00,0.2544866228342224,0.26049662
2023-01-18 15:00:00,0.32287143861390233,0.30990505
2023-01-18 16:00:00,0.3377837737253443,0.33545083
2023-01-18 17:00:00,0.31427552412852006,0.27541828
2023-01-18 18:00:00,0.22048029607575573,0.21533458
2023-01-18 19:00:00,0.15723338709010462,0.16530271
2023-01-18 20:00:00,0.11001530000413515,0.12574793
2023-01-18 21:00:00,0.08994438241740066,0.08068556
2023-01-18 22:00:00,0.04932700657486665,0.05971182
2023-01-18 23:00:00,0.036688996402431465,0.035609085
2023-01-19 00:00:00,0.013036017036761362,0.013103163
2023-01-19 01:00:00,0.0019952032419468225,0.0011182129
2023-01-19 02:00:00,1.033784063184882e-05,-0.0016058348
2023-01-19 03:00:00,0.0002584460157962205,-0.0011764169
2023-01-19 04:00:00,0.03227473845263202,0.011260636
2023-01-19 05:00:00,0.14790348591986108,0.110010296
2023-01-19 06:00:00,0.4300128189223835,0.31008214
2023-01-19 07:00:00,1.0,0.9637615
2023-01-19 08:00:00,0.5042798660215855,0.60119617
2023-01-19 09:00:00,0.3504734731009387,0.3089984
2023-01-19 10:00:00,0.2884774428317413,0.37912607
2023-01-19 11:00:00,0.34044576768804535,0.36567867
2023-01-19 12:00:00,0.4388930240251417,0.451311
2023-01-19 13:00:00,0.683196873836993,0.5823612
2023-01-19 14:00:00,0.5151242608443949,0.5975152
2023-01-19 15:00:00,0.6989000537567713,0.6626751
2023-01-19 16:00:00,0.7261609395029567,0.6280904
2023-01-19 17:00:00,0.5763966422693628,0.52278775
2023-01-19 18:00:00,0.4403609973948642,0.4252318
2023-01-19 19:00:00,0.26989000537567714,0.32182044
2023-01-19 20:00:00,0.17469916883761322,0.2203069
2023-01-19 21:00:00,0.16301740892362404,0.15277928
2023-01-19 22:00:00,0.12212091138403011,0.12126461
2023-01-19 23:00:00,0.0805938055658934,0.07716
2023-01-20 00:00:00,0.018411694165322748,0.025795314
2023-01-20 01:00:00,0.0035510482570400696,0.0054549575
2023-01-20 02:00:00,8.270272505479056e-05,-0.0004667975
2023-01-20 03:00:00,0.0001447297688458835,-0.0010071918
2023-01-20 04:00:00,0.020551627176115455,0.018932838
2023-01-20 05:00:00,0.11535996361080099,0.10645458
2023-01-20 06:00:00,0.302722987222429,0.25144875
2023-01-20 07:00:00,0.7808377786048051,0.6570834
2023-01-20 08:00:00,0.3940474713641815,0.3433782
2023-01-20 09:00:00,0.3746743580200968,0.3067882
2023-01-20 10:00:00,0.33030434602820163,0.3079117
2023-01-20 11:00:00,0.40214200057891913,0.34413993
2023-01-20 12:00:00,0.5252760203448704,0.4473157
2023-01-20 13:00:00,0.7385456725799115,0.614322
2023-01-20 14:00:00,0.5416821734276145,0.52545476
2023-01-20 15:00:00,0.5628747467229046,0.6003511
2023-01-20 16:00:00,0.5964107017326221,0.51988846
2023-01-20 17:00:00,0.5786192780052103,0.45967042
2023-01-20 18:00:00,0.4733697225323575,0.39632058
2023-01-20 19:00:00,0.3990303105487326,0.32849038
2023-01-20 20:00:00,0.3172786668320721,0.31635952
2023-01-20 21:00:00,0.2089587726915602,0.2431588
2023-01-20 22:00:00,0.19574701236405742,0.19616105
2023-01-20 23:00:00,0.1529276764669396,0.15241154
2023-01-21 00:00:00,0.04921845924823223,0.08968255
2023-01-21 01:00:00,0.007525947979985941,0.027073361
2023-01-21 02:00:00,0.0,0.009483218
2023-01-21 03:00:00,0.0011319935491874457,0.0031570047
2023-01-21 04:00:00,0.013170408964975396,0.014657687
2023-01-21 05:00:00,0.03547430012818922,0.046048537
2023-01-21 06:00:00,0.042881362940908906,0.06114388
2023-01-21 07:00:00,0.0573440019848654,0.06754036
2023-01-21 08:00:00,0.08545259066286234,0.10957328
2023-01-21 09:00:00,0.121991688376132,0.16148156
2023-01-21 10:00:00,0.14698341810362653,0.17882112
2023-01-21 11:00:00,0.1650229500062027,0.17282367
2023-01-21 12:00:00,0.19758197907621058,0.17510642
2023-01-21 13:00:00,0.2299187445726337,0.20729767
2023-01-21 14:00:00,0.2251168175991399,0.22604634
2023-01-21 15:00:00,0.2619143613282058,0.21713953
2023-01-21 16:00:00,0.2387731050738122,0.22925313
2023-01-21 17:00:00,0.2566213869246992,0.22288303
2023-01-21 18:00:00,0.20428606872596453,0.24051686
2023-01-21 19:00:00,0.17047099201918706,0.1976674
2023-01-21 20:00:00,0.13542571227721956,0.14875942
2023-01-21 21:00:00,0.12190898565107722,0.11286166
2023-01-21 22:00:00,0.10483087292726297,0.0952924
2023-01-21 23:00:00,0.0824132655170988,0.081520215
2023-01-22 00:00:00,0.11240334119009222,0.045014516
2023-01-22 01:00:00,0.07784393995782161,0.032322537
2023-01-22 02:00:00,0.046571972046478935,0.024034044
2023-01-22 03:00:00,0.029033825414547413,0.014937853
2023-01-22 04:00:00,0.014881321589546376,0.015021842
2023-01-22 05:00:00,0.01814291030889468,0.019044606
2023-01-22 06:00:00,0.025151966257288178,0.01715664
2023-01-22 07:00:00,0.02816544680147211,0.01875793
2023-01-22 08:00:00,0.030233014927841875,0.03064425
2023-01-22 09:00:00,0.07091241781416699,0.057180237
2023-01-22 10:00:00,0.07507339866848613,0.09103999
2023-01-22 11:00:00,0.11334925360790639,0.09757833
2023-01-22 12:00:00,0.12825641979903238,0.12364877
2023-01-22 13:00:00,0.13716246950337016,0.14164193
2023-01-22 14:00:00,0.1537547037174875,0.14776486
2023-01-22 15:00:00,0.13862527395277677,0.15568706
2023-01-22 16:00:00,0.18004383244427904,0.15698609
2023-01-22 17:00:00,0.16142021254600342,0.17143543
2023-01-22 18:00:00,0.1352654757474259,0.15676004
2023-01-22 19:00:00,0.1250620270437911,0.12447065
2023-01-22 20:00:00,0.09454472149857339,0.10531649
2023-01-22 21:00:00,0.078433196873837,0.07272597
2023-01-22 22:00:00,0.052324980358102804,0.05150105
2023-01-22 23:00:00,0.027865649423148495,0.0360357
2023-01-23 00:00:00,0.056191332754414264,0.028419722
2023-01-23 01:00:00,0.0348126783277509,0.029931813
2023-01-23 02:00:00,0.027002439730389117,0.01276133
2023-01-23 03:00:00,0.008813009138651118,0.006061379
2023-01-23 04:00:00,0.014431625522060954,0.009368286
2023-01-23 05:00:00,0.06791961295124675,0.07391769
2023-01-23 06:00:00,0.18875346317661168,0.15254976
2023-01-23 07:00:00,0.4332020427573089,0.3936141
2023-01-23 08:00:00,0.23507215812761031,0.21980926
2023-01-23 09:00:00,0.18261278584129348,0.20560957
2023-01-23 10:00:00,0.1224362155233015,0.16102062
2023-01-23 11:00:00,0.15918723896952405,0.15956515
2023-01-23 12:00:00,0.220118471653641,0.18904267
2023-01-23 13:00:00,0.30765930612413683,0.29808062
2023-01-23 14:00:00,0.23928999710540463,0.24873084
2023-01-23 15:00:00,0.32321775627506927,0.30165428
2023-01-23 16:00:00,0.3722346276309805,0.33709627
2023-01-23 17:00:00,0.2562647314229004,0.27725428
2023-01-23 18:00:00,0.203433196873837,0.19068295
2023-01-23 19:00:00,0.13684716536409877,0.14479488
2023-01-23 20:00:00,0.09413120787329943,0.11141526
2023-01-23 21:00:00,0.05396352809825084,0.06876194
2023-01-23 22:00:00,0.04505230947359716,0.036245205
2023-01-23 23:00:00,0.02514162841665633,0.026191661
2023-01-24 00:00:00,0.015331017657031801,0.009865634
2023-01-24 01:00:00,0.004455609312326842,0.00058816373
2023-01-24 02:00:00,7.236488442294174e-05,-0.001726836
2023-01-24 03:00:00,6.719596410701733e-05,-0.0016205199
2023-01-24 04:00:00,0.010487739321010629,0.007766586
2023-01-24 05:00:00,0.0565169747343175,0.074504286
2023-01-24 06:00:00,0.1981608981515941,0.13787577
2023-01-24 07:00:00,0.4759128313277923,0.41983926
2023-01-24 08:00:00,0.23406938758632098,0.22646894
2023-01-24 09:00:00,0.1962742422362817,0.2012889
2023-01-24 10:00:00,0.1544318322788736,0.1595872
2023-01-24 11:00:00,0.1741047430012819,0.17884153
2023-01-24 12:00:00,0.23139705578298808,0.21747294
2023-01-24 13:00:00,0.3043873795641567,0.3191554
2023-01-24 14:00:00,0.2104009014597031,0.2478093
2023-01-24 15:00:00,0.31961501881487,0.2883304
2023-01-24 16:00:00,0.3106262663854774,0.33573532
2023-01-24 17:00:00,0.2918372410370922,0.2589203
2023-01-24 18:00:00,0.20748046148120583,0.19907369
2023-01-24 19:00:00,0.14369081586238266,0.15578108
2023-01-24 20:00:00,0.09970847289418187,0.11514076
2023-01-24 21:00:00,0.07825228466277964,0.07107677
2023-01-24 22:00:00,0.052500723648844234,0.04756424
2023-01-24 23:00:00,0.03583095562998801,0.030782396
2023-01-25 00:00:00,0.010001860811313733,0.012116514
2023-01-25 01:00:00,0.003887028077575156,0.0009406246
2023-01-25 02:00:00,0.00011888516726626143,-0.0012663342
2023-01-25 03:00:00,9.820948600256379e-05,-0.0012315959
2023-01-25 04:00:00,0.011671422073357317,0.008784987
2023-01-25 05:00:00,0.07368295910350246,0.07873225
2023-01-25 06:00:00,0.1901749162634909,0.16573834
2023-01-25 07:00:00,0.49347682256130343,0.41462082
2023-01-25 08:00:00,0.2398534094198404,0.24710432
2023-01-25 09:00:00,0.1856004217838978,0.21620196
2023-01-25 10:00:00,0.1575021709465327,0.159953
2023-01-25 11:00:00,0.17819852789149404,0.18927886
2023-01-25 12:00:00,0.23061654881528348,0.22042178
2023-01-25 13:00:00,0.3635508415002275,0.31371444
2023-01-25 14:00:00,0.2579549683662077,0.26554912
2023-01-25 15:00:00,0.2899144026795683,0.30529225
2023-01-25 16:00:00,0.3453510730678576,0.31152952
2023-01-25 17:00:00,0.30970619856924286,0.27405745
2023-01-25 18:00:00,0.2008694123971385,0.2188717
2023-01-25 19:00:00,0.12647314229003848,0.15799811
2023-01-25 20:00:00,0.09869536451226069,0.107592314
2023-01-25 21:00:00,0.06284373320100897,0.06783721
2023-01-25 22:00:00,0.051797750485878515,0.042538818
2023-01-25 23:00:00,0.03913389571186371,0.031054253
2023-01-26 00:00:00,0.01742959930529711,0.012147799
2023-01-26 01:00:00,0.0034321630897738084,0.0013447367
2023-01-26 02:00:00,0.0001447297688458835,-0.0011687502
2023-01-26 03:00:00,6.202704379109292e-05,-0.00087955594
2023-01-26 04:00:00,0.014715916139436796,0.011334788
2023-01-26 05:00:00,0.07748211553570691,0.08165875
2023-01-26 06:00:00,0.19204606541785554,0.17070578
2023-01-26 07:00:00,0.4909543894471323,0.42468894
2023-01-26 08:00:00,0.2567402720919654,0.22968486
2023-01-26 09:00:00,0.18420998221891413,0.21920311
2023-01-26 10:00:00,0.14520530951494853,0.16363925
2023-01-26 11:00:00,0.16890480916346196,0.17414753
2023-01-26 12:00:00,0.2352117189761403,0.20881945
2023-01-26 13:00:00,0.3352871852127528,0.32258457
2023-01-26 14:00:00,0.244190133564901,0.26705706
2023-01-26 15:00:00,0.29572943803498325,0.31228876
2023-01-26 16:00:00,0.30445457552826366,0.31903547
2023-01-26 17:00:00,0.27726088574618535,0.26364857
2023-01-26 18:00:00,0.23324236033577309,0.20454192
2023-01-26 19:00:00,0.1550262581152049,0.17045225
2023-01-26 20:00:00,0.10660898151594096,0.13027526
2023-01-26 21:00:00,0.07577637183145185,0.08586277
2023-01-26 22:00:00,0.05733883306454948,0.058548525
2023-01-26 23:00:00,0.03343774552371501,0.03625179
2023-01-27 00:00:00,0.018628788818591573,0.014588341
2023-01-27 01:00:00,0.003887028077575156,0.0008632168
2023-01-27 02:00:00,6.719596410701733e-05,-0.0015928671
2023-01-27 03:00:00,0.00012922300789811026,-0.0013956204
2023-01-27 04:00:00,0.01252946284580077,0.0084935725
2023-01-27 05:00:00,0.06010937435388496,0.07265958
2023-01-27 06:00:00,0.16460943638092876,0.13390149
2023-01-27 07:00:00,0.4169406194434107,0.36067742
2023-01-27 08:00:00,0.2258766488855808,0.1942357
2023-01-27 09:00:00,0.16756605880163752,0.1834428
2023-01-27 10:00:00,0.1365628747467229,0.15412158
2023-01-27 11:00:00,0.16572592316916843,0.16949926
2023-01-27 12:00:00,0.2542075011371625,0.22173353
2023-01-27 13:00:00,0.3673241533308523,0.3511219
2023-01-27 14:00:00,0.26411632138278957,0.281807
2023-01-27 15:00:00,0.2762736219658438,0.29281187
2023-01-27 16:00:00,0.28627548277715753,0.28254086
2023-01-27 17:00:00,0.26102013811355085,0.24739818
2023-01-27 18:00:00,0.1953231608981516,0.21749748
2023-01-27 19:00:00,0.16896683620725303,0.16633609
2023-01-27 20:00:00,0.10950874581317455,0.14011434
2023-01-27 21:00:00,0.10877992804862921,0.09594056
2023-01-27 22:00:00,0.0799166770045073,0.080027394
2023-01-27 23:00:00,0.06187714510193111,0.058630668
2023-01-28 00:00:00,0.024805648596121246,0.020776808
2023-01-28 01:00:00,0.007034900549973122,0.0028400943
2023-01-28 02:00:00,4.135136252739528e-05,-0.0006756671
2023-01-28 03:00:00,0.00345800769135343,-0.0017310083
2023-01-28 04:00:00,0.011226894926187819,0.0017806813
2023-01-28 05:00:00,0.024821155357069018,0.017778156
2023-01-28 06:00:00,0.030181325724682632,0.022187646
2023-01-28 07:00:00,0.04759541826903197,0.032865047
2023-01-28 08:00:00,0.0711295124674358,0.07448761
2023-01-28 09:00:00,0.13316172517884464,0.113583
2023-01-28 10:00:00,0.12503618244221149,0.14817625
2023-01-28 11:00:00,0.16814497787702107,0.1518734
2023-01-28 12:00:00,0.1595542323119547,0.16883127
2023-01-28 13:00:00,0.1818787991564322,0.18051893
2023-01-28 14:00:00,0.2055266096017864,0.19692689
2023-01-28 15:00:00,0.2099718810734814,0.19364618
2023-01-28 16:00:00,0.2047667783153455,0.20894313
2023-01-28 17:00:00,0.20613654219906546,0.20481814
2023-01-28 18:00:00,0.2074959682421536,0.19760433
2023-01-28 19:00:00,0.1716701815324815,0.1744091
2023-01-28 20:00:00,0.13616486788239673,0.14135505
2023-01-28 21:00:00,0.10420026464872019,0.109006085
2023-01-28 22:00:00,0.09847310093867594,0.087157205
2023-01-28 23:00:00,0.06774903858082125,0.0722842
2023-01-29 00:00:00,0.0510741016416491,0.041290086
2023-01-29 01:00:00,0.036068725964520536,0.022278868
2023-01-29 02:00:00,0.009722739114253816,0.009541832
2023-01-29 03:00:00,0.002548277715750734,0.0032372363
2023-01-29 04:00:00,0.0013749328040358931,0.0041614026
2023-01-29 05:00:00,0.016576727453169585,0.009334315
2023-01-29 06:00:00,0.01655088285158996,0.012105502
2023-01-29 07:00:00,0.022650208824380767,0.0137057435
2023-01-29 08:00:00,0.03492639457470124,0.022502284
2023-01-29 09:00:00,0.05244386552536907,0.05693352
2023-01-29 10:00:00,0.08164826531034199,0.07544162
2023-01-29 11:00:00,0.0823512384733077,0.10289921
2023-01-29 12:00:00,0.10407104164082208,0.101453036
2023-01-29 13:00:00,0.11217073977587562,0.11692549
2023-01-29 14:00:00,0.13045321093330026,0.12927511
2023-01-29 15:00:00,0.1301482446346607,0.13208461
2023-01-29 16:00:00,0.13926622007195139,0.14168952
2023-01-29 17:00:00,0.1467869991316214,0.14495745
2023-01-29 18:00:00,0.1211233097630567,0.13928534
2023-01-29 19:00:00,0.10595252863581855,0.11257552
2023-01-29 20:00:00,0.07841769011288922,0.09181584
2023-01-29 21:00:00,0.06605880163751396,0.05743286
2023-01-29 22:00:00,0.03960426746061283,0.03507316
2023-01-29 23:00:00,0.026227101683000457,0.027590513
2023-01-30 00:00:00,0.055302278460075266,0.023831442
2023-01-30 01:00:00,0.03433196873836993,0.026461724
2023-01-30 02:00:00,0.018726998304594136,0.010511924
2023-01-30 03:00:00,0.006507670677748832,0.0052619837
2023-01-30 04:00:00,0.0148864905098623,0.009981714
2023-01-30 05:00:00,0.08275958317826573,0.077216655
2023-01-30 06:00:00,0.2009572840425092,0.19074762
2023-01-30 07:00:00,0.4623599222594385,0.42496312
2023-01-30 08:00:00,0.2265537774469669,0.20542733
2023-01-30 09:00:00,0.1972718438572551,0.1967666
2023-01-30 10:00:00,0.14444547822850765,0.16345689
2023-01-30 11:00:00,0.18569863126990035,0.16870806
2023-01-30 12:00:00,0.21042157714096682,0.21711951
2023-01-30 13:00:00,0.27624260844394827,0.31086802
2023-01-30 14:00:00,0.23675205723028575,0.2439141
2023-01-30 15:00:00,0.27407166191126,0.30831563
2023-01-30 16:00:00,0.32136728280196836,0.32195848
2023-01-30 17:00:00,0.24871293884133483,0.25948775
2023-01-30 18:00:00,0.18148596121242197,0.187669
2023-01-30 19:00:00,0.12639043956498366,0.14058992
2023-01-30 20:00:00,0.08425340114956789,0.10339387
2023-01-30 21:00:00,0.07090207997353513,0.060239438
2023-01-30 22:00:00,0.04189409916056734,0.03958541
2023-01-30 23:00:00,0.024511020138113553,0.026759412
2023-01-31 00:00:00,0.012358888475375265,0.0094322935
2023-01-31 01:00:00,0.0018194599512053923,0.0004589446
2023-01-31 02:00:00,7.236488442294174e-05,-0.0016245581
2023-01-31 03:00:00,0.00018608113137327876,-0.0014420524
2023-01-31 04:00:00,0.013485713104246786,0.008144502
2023-01-31 05:00:00,0.08136397469296613,0.07707852
2023-01-31 06:00:00,0.20953252284662782,0.18550527
2023-01-31 07:00:00,0.4504869122937601,0.45155722
2023-01-31 08:00:00,0.21773559938799986,0.21493673
2023-01-31 09:00:00,0.19656370177397348,0.20271315
2023-01-31 10:00:00,0.16196294917917547,0.1592556
2023-01-31 11:00:00,0.16162180043832444,0.1818267
2023-01-31 12:00:00,0.23198631269900344,0.20809129
2023-01-31 13:00:00,0.31128788818591574,0.31604666
2023-01-31 14:00:00,0.2523053384609023,0.25093502
2023-01-31 15:00:00,0.3439141132200306,0.30472136
2023-01-31 16:00:00,0.35799942108092464,0.33735818
2023-01-31 17:00:00,0.29630318819005086,0.26722687
2023-01-31 18:00:00,0.21324380763346154,0.20821744
2023-01-31 19:00:00,0.1499400405243353,0.15855521
2023-01-31 20:00:00,0.10713621138816525,0.11934702
2023-01-31 21:00:00,0.08173613695571269,0.07656916
2023-01-31 22:00:00,0.06374829425629575,0.05233559
2023-01-31 23:00:00,0.03542261092502998,0.034368835
2023-02-01 00:00:00,0.01459186205185461,0.01167246
2023-02-01 01:00:00,0.003173717073977588,0.0013809726
2023-02-01 02:00:00,8.787164537071497e-05,-0.0013084076
2023-02-01 03:00:00,0.00041868254558987723,-0.0011277758
2023-02-01 04:00:00,0.014271388992267296,0.0100438595
2023-02-01 05:00:00,0.0659812678327751,0.08341144
2023-02-01 06:00:00,0.20107616920977547,0.14753953
2023-02-01 07:00:00,0.46323863871314563,0.4327808
2023-02-01 08:00:00,0.2721746681553157,0.23935573
2023-02-01 09:00:00,0.2075424885249969,0.24369521
2023-02-01 10:00:00,0.17580531778522104,0.17419212
2023-02-01 11:00:00,0.18091737997767027,0.19767068
2023-02-01 12:00:00,0.2295620890708349,0.22600822
2023-02-01 13:00:00,0.31357255096555436,0.31397015
2023-02-01 14:00:00,0.2661528759872638,0.26044914
2023-02-01 15:00:00,0.31038849605094493,0.3127498
2023-02-01 16:00:00,0.3284383657941529,0.333153
2023-02-01 17:00:00,0.3027436629036927,0.277901
2023-02-01 18:00:00,0.2304511433651739,0.21501854
2023-02-01 19:00:00,0.1519145680850184,0.172022
2023-02-01 20:00:00,0.11717942356200638,0.12443795
2023-02-01 21:00:00,0.0941260389529835,0.08322795
2023-02-01 22:00:00,0.0654126865980234,0.06289252
2023-02-01 23:00:00,0.04100504486622834,0.039408013
2023-02-02 00:00:00,0.018458214448166067,0.016707929
2023-02-02 01:00:00,0.004181656535582848,0.0024067238
2023-02-02 02:00:00,0.00018091221105735435,-0.0009664595
2023-02-02 03:00:00,7.236488442294174e-05,-0.0009543747
2023-02-02 04:00:00,0.013191084646239094,0.00956269
2023-02-02 05:00:00,0.08003556217177357,0.07782566
2023-02-02 06:00:00,0.18370859694826946,0.17250034
2023-02-02 07:00:00,0.44071248397634705,0.3922121
2023-02-02 08:00:00,0.24132138278956294,0.24396564
2023-02-02 09:00:00,0.21238059794070216,0.22472812
2023-02-02 10:00:00,0.16138403010379193,0.17994246
2023-02-02 11:00:00,0.19500785675888022,0.19320552
2023-02-02 12:00:00,0.22861617665302073,0.2314501
2023-02-02 13:00:00,0.2822644006120002,0.3100555
2023-02-02 14:00:00,0.2318260761692098,0.25728947
2023-02-02 15:00:00,0.3163017408923624,0.2995932
2023-02-02 16:00:00,0.3379750237770335,0.3363266
2023-02-02 17:00:00,0.2559080759211016,0.2926189
2023-02-02 18:00:00,0.23045631228548982,0.20278388
2023-02-02 19:00:00,0.14192821403465244,0.16536768
2023-02-02 20:00:00,0.10641256254393583,0.11989256
2023-02-02 21:00:00,0.07759066286234131,0.08086766
2023-02-02 22:00:00,0.07342451308770624,0.057837147
2023-02-02 23:00:00,0.04651511392300377,0.03943762
2023-02-03 00:00:00,0.0214510193110863,0.01644879
2023-02-03 01:00:00,0.0056961501881487,0.0019279681
2023-02-03 02:00:00,7.753380473886615e-05,-0.00121006
2023-02-03 03:00:00,0.0004652028284331969,-0.0013717003
2023-02-03 04:00:00,0.014085307860894018,0.007826064
2023-02-03 05:00:00,0.07616920977546211,0.068051375
2023-02-03 06:00:00,0.17974920398627137,0.17386767
2023-02-03 07:00:00,0.4058532853657528,0.40202302
2023-02-03 08:00:00,0.21593164619774224,0.20795779
2023-02-03 09:00:00,0.21661394367944425,0.18880232
2023-02-03 10:00:00,0.1717528842575363,0.1755358
2023-02-03 11:00:00,0.20161890584294753,0.20966814
2023-02-03 12:00:00,0.24499131621386927,0.25710642
2023-02-03 13:00:00,0.37229148575445564,0.36178827
2023-02-03 14:00:00,0.2929227143034363,0.30389917
2023-02-03 15:00:00,0.3062430219575735,0.32555813
2023-02-03 16:00:00,0.3028935615928545,0.31264478
2023-02-03 17:00:00,0.2938272753587231,0.27631876
2023-02-03 18:00:00,0.22643489227970062,0.23886345
2023-02-03 19:00:00,0.16579311913327546,0.19381826
2023-02-03 20:00:00,0.15448869040234878,0.14289404
2023-02-03 21:00:00,0.10819584005292976,0.105200104
2023-02-03 22:00:00,0.10593185295455486,0.08984978
2023-02-03 23:00:00,0.09014080138940579,0.0721861
2023-02-04 00:00:00,0.024815986436753094,0.02371063
2023-02-04 01:00:00,0.0025534466360666586,0.004968457
2023-02-04 02:00:00,5.16892031592441e-06,-0.0005103536
2023-02-04 03:00:00,0.002129595170160857,-0.0017003976
2023-02-04 04:00:00,0.008399495513377167,0.003034465
2023-02-04 05:00:00,0.020680850184013565,0.020148389
2023-02-04 06:00:00,0.038368895505106894,0.022303982
2023-02-04 07:00:00,0.04584315428193359,0.0324911
2023-02-04 08:00:00,0.07363126990034322,0.07690151
2023-02-04 09:00:00,0.12947628499359054,0.118609585
2023-02-04 10:00:00,0.14410949840797255,0.16293594
2023-02-04 11:00:00,0.17159264772774263,0.16393821
2023-02-04 12:00:00,0.18674792209403301,0.18329547
2023-02-04 13:00:00,0.22291485754455612,0.20002565
2023-02-04 14:00:00,0.22483252698176406,0.22103392
2023-02-04 15:00:00,0.2361679692345863,0.21882173
2023-02-04 16:00:00,0.21780279535210686,0.22990091
2023-02-04 17:00:00,0.21976181615184223,0.22013214
2023-02-04 18:00:00,0.226750196418972,0.21728007
2023-02-04 19:00:00,0.18156349501716082,0.1959676
2023-02-04 20:00:00,0.15440598767729397,0.15451095
2023-02-04 21:00:00,0.09747549931770252,0.12063283
2023-02-04 22:00:00,0.09533556630690981,0.09798609
2023-02-04 23:00:00,0.07631910846462392,0.0768865
2023-02-05 00:00:00,0.04851031716495059,0.038957704
2023-02-05 01:00:00,0.032207542488525,0.01992786
2023-02-05 02:00:00,0.012570814208328165,0.008798853
2023-02-05 03:00:00,0.015082909481867428,0.0028660744
2023-02-05 04:00:00,0.017341727659926396,0.00631262
2023-02-05 05:00:00,0.025580986643509905,0.014727507
2023-02-05 06:00:00,0.023880411859570776,0.016804675
2023-02-05 07:00:00,0.0218955464582558,0.017506119
2023-02-05 08:00:00,0.03152007608650705,0.024399443
2023-02-05 09:00:00,0.04803994541620147,0.056295685
2023-02-05 10:00:00,0.07435491874457265,0.07269207
2023-02-05 11:00:00,0.0915209031137576,0.09439725
2023-02-05 12:00:00,0.10816482653103421,0.1066065
2023-02-05 13:00:00,0.11416594301782244,0.121421725
2023-02-05 14:00:00,0.0937848902121325,0.12698512
2023-02-05 15:00:00,0.10280465616342059,0.11432448
2023-02-05 16:00:00,0.11434168630856388,0.11570032
2023-02-05 17:00:00,0.12832361576313941,0.121452935
2023-02-05 18:00:00,0.10192593970971345,0.12292345
2023-02-05 19:00:00,0.09121076789480215,0.09859983
2023-02-05 20:00:00,0.0770789397510648,0.07999933
2023-02-05 21:00:00,0.05821754951825663,0.052385792
2023-02-05 22:00:00,0.03455940123227061,0.031606097
2023-02-05 23:00:00,0.027850142662200723,0.024425313
2023-02-06 00:00:00,0.05005065541909606,0.021821368
2023-02-06 01:00:00,0.04061737584253401,0.025325065
2023-02-06 02:00:00,0.01769838316172518,0.012235664
2023-02-06 03:00:00,0.006874664020179466,0.0060747787
2023-02-06 04:00:00,0.01576520696356945,0.0086275
2023-02-06 05:00:00,0.08350907662407477,0.07340588
2023-02-06 06:00:00,0.20507174461398506,0.19246246
2023-02-06 07:00:00,0.45094694620187736,0.42448342
2023-02-06 08:00:00,0.26378551048257043,0.21233113
2023-02-06 09:00:00,0.1811965016747302,0.22211443
2023-02-06 10:00:00,0.14172145722201548,0.16842167
2023-02-06 11:00:00,0.15738845469958238,0.17362443
2023-02-06 12:00:00,0.2139777943183228,0.1994648
2023-02-06 13:00:00,0.31374312533597987,0.3018623
2023-02-06 14:00:00,0.2504858785096969,0.25996214
2023-02-06 15:00:00,0.31002150270851425,0.31179327
2023-02-06 16:00:00,0.34544411363354427,0.3324378
2023-02-06 17:00:00,0.3010947773229128,0.26789248
2023-02-06 18:00:00,0.2091500227432494,0.20250155
2023-02-06 19:00:00,0.16024169871397265,0.15502748
2023-02-06 20:00:00,0.1168227680602076,0.12373416
2023-02-06 21:00:00,0.08280610346110905,0.082705535
2023-02-06 22:00:00,0.0633347806310218,0.055617847
2023-02-06 23:00:00,0.037841665632882604,0.03597607
2023-02-07 00:00:00,0.018933755117231114,0.014438851
2023-02-07 01:00:00,0.002997973783236158,0.0018404648
2023-02-07 02:00:00,6.202704379109292e-05,-0.0012693442
2023-02-07 03:00:00,0.00022226357358474963,-0.0014102161
2023-02-07 04:00:00,0.019817640491254188,0.0081494935
2023-02-07 05:00:00,0.0731608981515941,0.08839862
2023-02-07 06:00:00,0.2143964768639127,0.16857465
2023-02-07 07:00:00,0.48570793532646905,0.45250493
2023-02-07 08:00:00,0.26135094901377004,0.25917923
2023-02-07 09:00:00,0.20600215027085145,0.23840235
2023-02-07 10:00:00,0.16619112599760164,0.17318662
2023-02-07 11:00:00,0.18507836083198942,0.18896046
2023-02-07 12:00:00,0.2408510110408138,0.23252755
2023-02-07 13:00:00,0.31279204399784977,0.32348353
2023-02-07 14:00:00,0.2539128726791548,0.2577901
2023-02-07 15:00:00,0.3350390770375884,0.3067385
2023-02-07 16:00:00,0.39629078278129265,0.349263
2023-02-07 17:00:00,0.33243911011867844,0.29605204
2023-02-07 18:00:00,0.23567175288425757,0.22693264
2023-02-07 19:00:00,0.15993156349501716,0.17462324
2023-02-07 20:00:00,0.10752388041185958,0.12751529
2023-02-07 21:00:00,0.07887255510069058,0.07974522
2023-02-07 22:00:00,0.05942190795186702,0.05181273
2023-02-07 23:00:00,0.038100111648678825,0.03387531
2023-02-08 00:00:00,0.017408923624033415,0.013010839
2023-02-08 01:00:00,0.004843278336021172,0.0016150065
2023-02-08 02:00:00,0.0002481081751643717,-0.000927791
2023-02-08 03:00:00,8.787164537071497e-05,-0.0008766167
2023-02-08 04:00:00,0.01217797626431791,0.012612522
2023-02-08 05:00:00,0.08932411197948974,0.08360702
2023-02-08 06:00:00,0.21533722036141092,0.19921239
2023-02-08 07:00:00,0.45009407434974985,0.47461575
2023-02-08 08:00:00,0.25782057643799366,0.2362421
2023-02-08 09:00:00,0.2335835090766241,0.25318432
2023-02-08 10:00:00,0.16471281478724725,0.18892126
2023-02-08 11:00:00,0.1924595790431295,0.18984671
2023-02-08 12:00:00,0.2860273746019932,0.23020026
2023-02-08 13:00:00,0.3542312781706157,0.34454215
2023-02-08 14:00:00,0.26951267419261465,0.27553457
2023-02-08 15:00:00,0.32141380308481166,0.32117462
2023-02-08 16:00:00,0.3854825704006947,0.33579767
2023-02-08 17:00:00,0.32490799321837655,0.29019856
2023-02-08 18:00:00,0.2464592895835918,0.23453484
2023-02-08 19:00:00,0.16102220568167722,0.18431987
2023-02-08 20:00:00,0.11208803705082084,0.13319054
2023-02-08 21:00:00,0.08185502212297896,0.08552128
2023-02-08 22:00:00,0.0725044452714717,0.05913487
2023-02-08 23:00:00,0.038053591365835505,0.04021626
2023-02-09 00:00:00,0.012395070917586735,0.01571994
2023-02-09 01:00:00,0.003380473886614564,0.0018577836
2023-02-09 02:00:00,6.719596410701733e-05,-0.0011554211
2023-02-09 03:00:00,0.00022226357358474963,-0.0010108128
2023-02-09 04:00:00,0.017336558739610472,0.011874806
2023-02-09 05:00:00,0.0928958359177935,0.08607537
2023-02-09 06:00:00,0.19445478228507632,0.19929834
2023-02-09 07:00:00,0.4945674647479635,0.41590106
2023-02-09 08:00:00,0.2720144316255221,0.24389534
2023-02-09 09:00:00,0.2008280610346111,0.2431724
2023-02-09 10:00:00,0.17033143117065708,0.17475136
2023-02-09 11:00:00,0.22025286358185503,0.19310378
2023-02-09 12:00:00,0.24591138403010382,0.24395813
2023-02-09 13:00:00,0.3517088450564446,0.34394813
2023-02-09 14:00:00,0.27842389281726837,0.28461283
2023-02-09 15:00:00,0.3173510317164951,0.34341675
2023-02-09 16:00:00,0.3680116197328702,0.34862804
2023-02-09 17:00:00,0.29171318694951,0.31546932
2023-02-09 18:00:00,0.20253380473886617,0.22573291
2023-02-09 19:00:00,0.1705847082661374,0.16140911
2023-02-09 20:00:00,0.11237749658851261,0.13156894
2023-02-09 21:00:00,0.08938613902328083,0.08769685
2023-02-09 22:00:00,0.07181180994913783,0.066153266
2023-02-09 23:00:00,0.05125501385270645,0.041500986
2023-02-10 00:00:00,0.023420377951453502,0.01829561
2023-02-10 01:00:00,0.0029049332175495185,0.002451554
2023-02-10 02:00:00,8.787164537071497e-05,-0.001264941
2023-02-10 03:00:00,0.000289459537691767,-0.0013695322
2023-02-10 04:00:00,0.01400777405615515,0.009351026
2023-02-10 05:00:00,0.0746443782822644,0.07321442
2023-02-10 06:00:00,0.17015568787991567,0.15978068
2023-02-10 07:00:00,0.4042354133068685,0.35334355
2023-02-10 08:00:00,0.22639870983748916,0.20848764
2023-02-10 09:00:00,0.1795217714923707,0.19668353
2023-02-10 10:00:00,0.15507794731836416,0.15990695
2023-02-10 11:00:00,0.1879936318901708,0.18493822
2023-02-10 12:00:00,0.2933620725302899,0.23755024
2023-02-10 13:00:00,0.36886966050531367,0.36965662
2023-02-10 14:00:00,0.30745254931149985,0.29159164
2023-02-10 15:00:00,0.34546478931480795,0.2998504
2023-02-10 16:00:00,0.30720961005665137,0.3150851
2023-02-10 17:00:00,0.24413844436174173,0.26605308
2023-02-10 18:00:00,0.21045775958317828,0.21589842
2023-02-10 19:00:00,0.15966794855890504,0.17301063
2023-02-10 20:00:00,0.1379378075507588,0.14421794
2023-02-10 21:00:00,0.12565645288012242,0.103957
2023-02-10 22:00:00,0.11532895008890544,0.092952445
2023-02-10 23:00:00,0.0793015754869123,0.07939098
2023-02-11 00:00:00,0.02492970268370343,0.024979092
2023-02-11 01:00:00,0.008771657776123725,0.0041983314
2023-02-11 02:00:00,0.0003514865814828599,-0.00039356947
2023-02-11 03:00:00,0.0008528718521275277,-0.0016130209
2023-02-11 04:00:00,0.009945002687838565,0.0024496168
2023-02-11 05:00:00,0.016798991026754334,0.020525642
2023-02-11 06:00:00,0.035458793367241455,0.022825208
2023-02-11 07:00:00,0.041263490882024564,0.029986586
2023-02-11 08:00:00,0.07084522185005997,0.06412602
2023-02-11 09:00:00,0.1163368895505107,0.118736625
2023-02-11 10:00:00,0.14521564735558037,0.15299991
2023-02-11 11:00:00,0.1567216639788281,0.16453052
2023-02-11 12:00:00,0.18938407145515446,0.17103978
2023-02-11 13:00:00,0.1905574163668693,0.19840969
2023-02-11 14:00:00,0.21805607244758715,0.20076703
2023-02-11 15:00:00,0.1987036347847662,0.20806515
2023-02-11 16:00:00,0.21963776206426003,0.20728782
2023-02-11 17:00:00,0.22766509531489065,0.21096744
2023-02-11 18:00:00,0.2090673200181946,0.21525003
2023-02-11 19:00:00,0.1652503825001034,0.18453923
2023-02-11 20:00:00,0.12023942438903362,0.14205128
2023-02-11 21:00:00,0.08761836827523467,0.10332221
2023-02-11 22:00:00,0.09131931522143655,0.07945116
2023-02-11 23:00:00,0.07246826282926024,0.06577295
2023-02-12 00:00:00,0.07315056031096225,0.040853143
2023-02-12 01:00:00,0.02509510813381301,0.024361633
2023-02-12 02:00:00,0.0142507133110036,0.009597179
2023-02-12 03:00:00,0.009624529628251251,0.0032243356
2023-02-12 04:00:00,0.009609022867303479,0.0055199713
2023-02-12 05:00:00,0.020215647355580367,0.012372512
2023-02-12 06:00:00,0.017626018277302237,0.014327651
2023-02-12 07:00:00,0.021280444940660795,0.015006257
2023-02-12 08:00:00,0.02669747343174958,0.021752538
2023-02-12 09:00:00,0.0563050490013646,0.049711615
2023-02-12 10:00:00,0.07202373568209074,0.07758835
2023-02-12 11:00:00,0.08409316461977423,0.09458607
2023-02-12 12:00:00,0.11900922135384362,0.10488577
2023-02-12 13:00:00,0.10896084025968657,0.12503645
2023-02-12 14:00:00,0.12638527064466776,0.124441594
2023-02-12 15:00:00,0.12767750072364886,0.13541105
2023-02-12 16:00:00,0.14381486994996487,0.13897783
2023-02-12 17:00:00,0.14393892403754704,0.1459911
2023-02-12 18:00:00,0.14106500434189306,0.14091772
2023-02-12 19:00:00,0.09577492453376339,0.12423377
2023-02-12 20:00:00,0.08403113757598314,0.09246522
2023-02-12 21:00:00,0.058176198155729233,0.06093762
2023-02-12 22:00:00,0.038193152214365464,0.033324156
2023-02-12 23:00:00,0.021709465326882522,0.028165944
2023-02-13 00:00:00,0.046313526030682714,0.024290495
2023-02-13 01:00:00,0.03010896084025969,0.025506083
2023-02-13 02:00:00,0.012922300789811025,0.011744767
2023-02-13 03:00:00,0.009479799859405369,0.004203975
2023-02-13 04:00:00,0.013801017243518175,0.009245351
2023-02-13 05:00:00,0.07798350080635158,0.07226948
2023-02-13 06:00:00,0.2074546168796262,0.17774336
2023-02-13 07:00:00,0.46834553198527895,0.4332307
2023-02-13 08:00:00,0.24233966009180005,0.21143109
2023-02-13 09:00:00,0.1915756936691064,0.20873864
2023-02-13 10:00:00,0.15855146177066537,0.16543299
2023-02-13 11:00:00,0.1708896745647769,0.1802475
2023-02-13 12:00:00,0.211434685522888,0.21055654
2023-02-13 13:00:00,0.2940650456932556,0.3120314
2023-02-13 14:00:00,0.23402286730347766,0.25095272
2023-02-13 15:00:00,0.2974920398627135,0.30776012
2023-02-13 16:00:00,0.32189968159450855,0.32305348
2023-02-13 17:00:00,0.2656566596369351,0.2570716
2023-02-13 18:00:00,0.20151035851631313,0.18822007
2023-02-13 19:00:00,0.11965533639333417,0.14754301
2023-02-13 20:00:00,0.08245978579994212,0.10495818
2023-02-13 21:00:00,0.060796840755902914,0.06004472
2023-02-13 22:00:00,0.0462049787040483,0.03463344
2023-02-13 23:00:00,0.030574163668692887,0.026097275
2023-02-14 00:00:00,0.008585576644750445,0.009557035
2023-02-14 01:00:00,0.0038766902369433078,1.5690923e-05
2023-02-14 02:00:00,0.00018608113137327876,-0.0017123073
2023-02-14 03:00:00,0.0003463176611669355,-0.0016718395
2023-02-14 04:00:00,0.01949199851135095,0.0076242834
2023-02-14 05:00:00,0.0913296530620684,0.08448444
2023-02-14 06:00:00,0.21712049787040485,0.20419855
2023-02-14 07:00:00,0.44778356696853167,0.47333282
2023-02-14 08:00:00,0.2777519331761982,0.21801075
2023-02-14 09:00:00,0.20833333333333334,0.2593962
2023-02-14 10:00:00,0.1666304842244552,0.18353768
2023-02-14 11:00:00,0.18491812430219579,0.19412017
2023-02-14 12:00:00,0.2545589877186453,0.22482666
2023-02-14 13:00:00,0.36357151718149117,0.3285604
2023-02-14 14:00:00,0.2970320059545962,0.27781564
2023-02-14 15:00:00,0.3676239507091759,0.33404016
2023-02-14 16:00:00,0.38623206384650377,0.37989497
2023-02-14 17:00:00,0.34909337137658686,0.31260335
2023-02-14 18:00:00,0.28087912996733244,0.2372366
2023-02-14 19:00:00,0.18488711078030023,0.20087135
2023-02-14 20:00:00,0.13736405739569119,0.14966449
2023-02-14 21:00:00,0.08526134061117314,0.10186763
2023-02-14 22:00:00,0.07805586569077452,0.0674335
2023-02-14 23:00:00,0.055974238101145435,0.04237049
2023-02-15 00:00:00,0.016985072158127612,0.02036142
2023-02-15 01:00:00,0.003545879336724145,0.0032271668
2023-02-15 02:00:00,0.0002997973783236158,-0.00089807063
2023-02-15 03:00:00,2.584460157962205e-05,-0.0011694245
2023-02-15 04:00:00,0.016602572054749205,0.009265367
2023-02-15 05:00:00,0.08573171235992226,0.09002117
2023-02-15 06:00:00,0.21851093743538852,0.19128281
2023-02-15 07:00:00,0.4545600215027086,0.4713922
2023-02-15 08:00:00,0.2608960840259687,0.2599501
2023-02-15 09:00:00,0.21510461894719432,0.25725806
2023-02-15 10:00:00,0.1676435926063764,0.18172944
2023-02-15 11:00:00,0.18226646818012654,0.1928895
2023-02-15 12:00:00,0.24990179051399747,0.22460571
2023-02-15 13:00:00,0.3309246164661126,0.32763404
2023-02-15 14:00:00,0.23192945457552827,0.26562256
2023-02-15 15:00:00,0.30597423810114543,0.29630202
2023-02-15 16:00:00,0.34412603895298355,0.32987332
2023-02-15 17:00:00,0.29121180167886535,0.28190845
2023-02-15 18:00:00,0.20054377041723526,0.21157983
2023-02-15 19:00:00,0.14192304511433654,0.15548156
2023-02-15 20:00:00,0.09282863995368648,0.113842264
2023-02-15 21:00:00,0.06616734896414837,0.068363234
2023-02-15 22:00:00,0.04704751271554398,0.043956295
2023-02-15 23:00:00,0.0328846710499111,0.030293586
2023-02-16 00:00:00,0.021947235661415047,0.010230634
2023-02-16 01:00:00,0.004145474093371377,0.0010930486
2023-02-16 02:00:00,0.00017574329074142994,-0.0012862161
2023-02-16 03:00:00,0.00033081090021916225,-0.0009984188
2023-02-16 04:00:00,0.016871355911177274,0.011323921
2023-02-16 05:00:00,0.08025265682504239,0.08742006
2023-02-16 06:00:00,0.20193420998221892,0.17407878
2023-02-16 07:00:00,0.42292622916925116,0.44224924
2023-02-16 08:00:00,0.24690898565107722,0.20460235
2023-02-16 09:00:00,0.20189802754000746,0.21639498
2023-02-16 10:00:00,0.16343609146921392,0.17063667
2023-02-16 11:00:00,0.17332423603357733,0.18591702
2023-02-16 12:00:00,0.24689347889012944,0.21698754
2023-02-16 13:00:00,0.2849160567340694,0.32068944
2023-02-16 14:00:00,0.24000330810900222,0.25769836
2023-02-16 15:00:00,0.2847609891245917,0.3007959
2023-02-16 16:00:00,0.33915353760906425,0.31558806
2023-02-16 17:00:00,0.2890822065087045,0.28440583
2023-02-16 18:00:00,0.2224238101145433,0.21776493
2023-02-16 19:00:00,0.1490303105487326,0.16623823
2023-02-16 20:00:00,0.10846979282967374,0.121630594
2023-02-16 21:00:00,0.06929971467559856,0.08183078
2023-02-16 22:00:00,0.06959951205392219,0.056027163
2023-02-16 23:00:00,0.04915126328412522,0.038477138
2023-02-17 00:00:00,0.01945581606913948,0.01662824
2023-02-17 01:00:00,0.004683041806227516,0.0021095164
2023-02-17 02:00:00,0.00019125005168920317,-0.0011967719
2023-02-17 03:00:00,4.652028284331969e-05,-0.0012988411
2023-02-17 04:00:00,0.0113923003762974,0.009333514
2023-02-17 05:00:00,0.07149133688955052,0.069833234
2023-02-17 06:00:00,0.17190795186701402,0.1555293
2023-02-17 07:00:00,0.3561024273249804,0.368806
2023-02-17 08:00:00,0.18810734813712113,0.19622914
2023-02-17 09:00:00,0.18167204234379525,0.17530322
2023-02-17 10:00:00,0.1450915932679982,0.1572593
2023-02-17 11:00:00,0.1701039986767564,0.1788852
2023-02-17 12:00:00,0.2487904726460737,0.2254615
2023-02-17 13:00:00,0.34701029648926934,0.34121478
2023-02-17 14:00:00,0.24716226274655753,0.27615166
2023-02-17 15:00:00,0.2553136500847703,0.28050518
2023-02-17 16:00:00,0.27033970144316255,0.26398098
2023-02-17 17:00:00,0.24804097920026466,0.2390532
2023-02-17 18:00:00,0.2043015754869123,0.21572495
2023-02-17 19:00:00,0.13443327957656206,0.17099574
2023-02-17 20:00:00,0.10561137989496755,0.12360397
2023-02-17 21:00:00,0.07936877145101932,0.083029956
2023-02-17 22:00:00,0.08792850349419014,0.06175352
2023-02-17 23:00:00,0.0692221808708597,0.04559418
2023-02-18 00:00:00,0.028010379191994377,0.020745186
2023-02-18 01:00:00,0.007520779059670016,0.003316857
2023-02-18 02:00:00,0.0007288177645453418,-0.0007126294
2023-02-18 03:00:00,0.0006667907207542489,-0.0016758442
2023-02-18 04:00:00,0.007489765537774471,0.0021707192
2023-02-18 05:00:00,0.023306661704503163,0.0187346
2023-02-18 06:00:00,0.03168031261630071,0.022116594
2023-02-18 07:00:00,0.04456126204358434,0.02674067
2023-02-18 08:00:00,0.07624674358020098,0.06918536
2023-02-18 09:00:00,0.1310321300086838,0.117362544
2023-02-18 10:00:00,0.12964685936401604,0.15323895
2023-02-18 11:00:00,0.1870839019145681,0.1507703
2023-02-18 12:00:00,0.1640046727039656,0.19299765
2023-02-18 13:00:00,0.2122203614109085,0.18941776
2023-02-18 14:00:00,0.19426870115370304,0.21051678
2023-02-18 15:00:00,0.18607596245296285,0.19825722
2023-02-18 16:00:00,0.1889085307860894,0.19646645
2023-02-18 17:00:00,0.1988742091551917,0.1947529
2023-02-18 18:00:00,0.19056258528718523,0.19706115
2023-02-18 19:00:00,0.1608929826737791,0.17015533
2023-02-18 20:00:00,0.13951949716743167,0.13566351
2023-02-18 21:00:00,0.10470164991936486,0.106724784
2023-02-18 22:00:00,0.07277839804821569,0.08671138
2023-02-18 23:00:00,0.05992846214282761,0.064446084
2023-02-19 00:00:00,0.04559504610676922,0.039094694
2023-02-19 01:00:00,0.03250733986684862,0.021229153
2023-02-19 02:00:00,0.01278790886159699,0.009616885
2023-02-19 03:00:00,0.004791589132861928,0.003659878
2023-02-19 04:00:00,0.009588347186039781,0.004203245
2023-02-19 05:00:00,0.01608051110284084,0.010311093
2023-02-19 06:00:00,0.016917876194020593,0.012512498
2023-02-19 07:00:00,0.018008518380680644,0.013802843
2023-02-19 08:00:00,0.02664061530827441,0.023033379
2023-02-19 09:00:00,0.049383864698341814,0.04736571
2023-02-19 10:00:00,0.05690981267832775,0.070561275
2023-02-19 11:00:00,0.08187569780424266,0.07763171
2023-02-19 12:00:00,0.11201567216639789,0.09506069
2023-02-19 13:00:00,0.15319646032336767,0.12217265
2023-02-19 14:00:00,0.10945188768969938,0.15189406
2023-02-19 15:00:00,0.09988938510523923,0.13171984
2023-02-19 16:00:00,0.14000537567712856,0.11934134
2023-02-19 17:00:00,0.1452001405946326,0.13651538
2023-02-19 18:00:00,0.1398813215895464,0.13937303
2023-02-19 19:00:00,0.08649154364636315,0.12320419
2023-02-19 20:00:00,0.07414299301161974,0.08794874
2023-02-19 21:00:00,0.0571941032957036,0.052050218
2023-02-19 22:00:00,0.03859632799900757,0.031228537
2023-02-19 23:00:00,0.0311065624612331,0.025323033
2023-02-20 00:00:00,0.055958731340197666,0.022413615
2023-02-20 01:00:00,0.02952487284456023,0.024936548
2023-02-20 02:00:00,0.015646321796303188,0.012711199
2023-02-20 03:00:00,0.006430136873009966,0.005328145
2023-02-20 04:00:00,0.01173344911714841,0.009264521
2023-02-20 05:00:00,0.05917896869701857,0.07129453
2023-02-20 06:00:00,0.13254145474093373,0.14349714
2023-02-20 07:00:00,0.1776454534176901,0.2567811
2023-02-20 08:00:00,0.15946119174626805,0.14530668
2023-02-20 09:00:00,0.14510710002894597,0.15600295
2023-02-20 10:00:00,0.14277591696646405,0.16017313
2023-02-20 11:00:00,0.18323305627920441,0.15126279
2023-02-20 12:00:00,0.2128354629285035,0.19208886
2023-02-20 13:00:00,0.23887131455981475,0.24121082
2023-02-20 14:00:00,0.19141545713931277,0.24188356
2023-02-20 15:00:00,0.21444816606707193,0.23538844
2023-02-20 16:00:00,0.2809514948517554,0.2588817
2023-02-20 17:00:00,0.2982622089897862,0.25278234
2023-02-20 18:00:00,0.22761857503204733,0.22511145
2023-02-20 19:00:00,0.14429041061902992,0.17552516
2023-02-20 20:00:00,0.11181925319439276,0.12017311
2023-02-20 21:00:00,0.08540090145970311,0.07693214
2023-02-20 22:00:00,0.0650715378571724,0.053878803
2023-02-20 23:00:00,0.04513501219865195,0.035586063
2023-02-21 00:00:00,0.016654261257908448,0.015201671
2023-02-21 01:00:00,0.002997973783236158,0.0026479736
2023-02-21 02:00:00,0.0,-0.00068951026
2023-02-21 03:00:00,0.0,-0.00087381527
2023-02-21 04:00:00,0.031333994955133775,0.008913562
2023-02-21 05:00:00,0.12971922424843899,0.10414041
2023-02-21 06:00:00,0.28988338915767276,0.2837508
2023-02-21 07:00:00,0.3594570566100153,0.6699966
2023-02-21 08:00:00,0.3478063102179217,0.21604341
2023-02-21 09:00:00,0.2776433858495638,0.34323102
2023-02-21 10:00:00,0.28665798288053596,0.27763826
2023-02-21 11:00:00,0.3306661704503164,0.28865755
2023-02-21 12:00:00,0.45292147376256053,0.33688664
2023-02-21 13:00:00,0.5647458958772692,0.43762267
2023-02-21 14:00:00,0.43566761774800483,0.430757
2023-02-21 15:00:00,0.45278708183434646,0.48853737
2023-02-21 16:00:00,0.5797461026340819,0.5056785
2023-02-21 17:00:00,0.5186804780217509,0.4493928
2023-02-21 18:00:00,0.429092751106149,0.35819542
2023-02-21 19:00:00,0.26898027540007446,0.2879547
2023-02-21 20:00:00,0.20526816358599018,0.2149707
2023-02-21 21:00:00,0.16899268080883267,0.15879855
2023-02-21 22:00:00,0.09008394326593062,0.13308635
2023-02-21 23:00:00,0.0626576520696357,0.06965336
2023-02-22 00:00:00,0.024138857875366994,0.032798428
2023-02-22 01:00:00,0.007288177645453418,0.008623213
2023-02-22 02:00:00,0.0,0.0010581017
2023-02-22 03:00:00,0.0003514865814828599,-0.0004926026
2023-02-22 04:00:00,0.0160081462184179,0.01681912
2023-02-22 05:00:00,0.06445126741926147,0.10016728
2023-02-22 06:00:00,0.16667700450729853,0.10947062
2023-02-22 07:00:00,0.2159264772774263,0.32990366
2023-02-22 08:00:00,0.18932204441136338,0.18615748
2023-02-22 09:00:00,0.15670098829756443,0.20364572
2023-02-22 10:00:00,0.16688893024025142,0.16114816
2023-02-22 11:00:00,0.19246991688376133,0.16930354
2023-02-22 12:00:00,0.21394678079642726,0.20656078
2023-02-22 13:00:00,0.22382975644047473,0.24932066
2023-02-22 14:00:00,0.2342864822395898,0.23167078
2023-02-22 15:00:00,0.24878530372575777,0.26265302
2023-02-22 16:00:00,0.2862082868130505,0.2872895
2023-02-22 17:00:00,0.2566058801637514,0.26271772
2023-02-22 18:00:00,0.20458069718397223,0.19868444
2023-02-22 19:00:00,0.14556713393706325,0.15789619
2023-02-22 20:00:00,0.0916036058388124,0.11795899
2023-02-22 21:00:00,0.06763015341355498,0.07051734
2023-02-22 22:00:00,0.06686515320679817,0.04547454
2023-02-22 23:00:00,0.04135136252739528,0.035496183
2023-02-23 00:00:00,0.038932307819542655,0.015283249
2023-02-23 01:00:00,0.009769259397097135,0.0041758344
2023-02-23 02:00:00,0.000578919075383534,5.0336123e-05
2023-02-23 03:00:00,6.719596410701733e-05,-0.00039376318
2023-02-23 04:00:00,0.014958855394285243,0.0074348934
2023-02-23 05:00:00,0.07472191208700327,0.07509241
2023-02-23 06:00:00,0.1601745027498656,0.16880393
2023-02-23 07:00:00,0.21260286151428692,0.31821877
2023-02-23 08:00:00,0.1815583260968449,0.17398784
2023-02-23 09:00:00,0.15131497332837118,0.18919083
2023-02-23 10:00:00,0.1703521068519208,0.1612005
2023-02-23 11:00:00,0.17069842451308773,0.1722521
2023-02-23 12:00:00,0.20978063102179217,0.19340283
2023-02-23 13:00:00,0.22361783070752184,0.25451544
2023-02-23 14:00:00,0.23437952280527646,0.2379639
2023-02-23 15:00:00,0.26394574701236406,0.28265747
2023-02-23 16:00:00,0.3010482570400695,0.29851198
2023-02-23 17:00:00,0.27269156018690816,0.2832892
2023-02-23 18:00:00,0.2278873588884754,0.21110533
2023-02-23 19:00:00,0.1568043667038829,0.17046842
2023-02-23 20:00:00,0.10372989289997106,0.12729326
2023-02-23 21:00:00,0.06330376710912625,0.08374898
2023-02-23 22:00:00,0.06599160567340695,0.054873653
2023-02-23 23:00:00,0.03333953603771245,0.036732502
2023-02-24 00:00:00,0.02357027664061531,0.01458215
2023-02-24 01:00:00,0.0047243931687549106,0.002397202
2023-02-24 02:00:00,0.00021709465326882522,-0.0014764816
2023-02-24 03:00:00,4.135136252739528e-05,-0.0013913214
2023-02-24 04:00:00,0.0100793946160526,0.007539153
2023-02-24 05:00:00,0.05944775255344664,0.07477513
2023-02-24 06:00:00,0.13441260389529835,0.13025181
2023-02-24 07:00:00,0.19058326096844894,0.25869578
2023-02-24 08:00:00,0.14569118802464542,0.15786399
2023-02-24 09:00:00,0.13097527188520863,0.15662262
2023-02-24 10:00:00,0.1405636190712484,0.1476101
2023-02-24 11:00:00,0.16204565190423026,0.15542877
2023-02-24 12:00:00,0.21656742339660093,0.19142768
2023-02-24 13:00:00,0.2465471612289625,0.25665396
2023-02-24 14:00:00,0.24458814042922716,0.23784742
2023-02-24 15:00:00,0.25222780465616346,0.24592222
2023-02-24 16:00:00,0.2953314311706571,0.2593009
2023-02-24 17:00:00,0.24707956002150272,0.25191754
2023-02-24 18:00:00,0.20045072985154863,0.22296149
2023-02-24 19:00:00,0.16356531447711203,0.17065986
2023-02-24 20:00:00,0.13587023942438906,0.13453563
2023-02-24 21:00:00,0.11617148410040112,0.0997183
2023-02-24 22:00:00,0.12058574205020056,0.08527209
2023-02-24 23:00:00,0.07386904023487574,0.07577968
2023-02-25 00:00:00,0.01836517388247943,0.02607286
2023-02-25 01:00:00,0.004770913451598231,0.0042530447
2023-02-25 02:00:00,0.00011371624695033702,-0.0006034784
2023-02-25 03:00:00,0.0003514865814828599,-0.0015910864
2023-02-25 04:00:00,0.00819273870074019,0.0020304024
2023-02-25 05:00:00,0.025834263738990202,0.018003196
2023-02-25 06:00:00,0.02835152793284539,0.024008363
2023-02-25 07:00:00,0.03533990819997519,0.033262063
2023-02-25 08:00:00,0.05847599553405285,0.06354679
2023-02-25 09:00:00,0.1030165818963735,0.10618718
2023-02-25 10:00:00,0.13997436215523304,0.13831002
2023-02-25 11:00:00,0.18015754869122938,0.15809494
2023-02-25 12:00:00,0.18697018566761775,0.18625508
2023-02-25 13:00:00,0.21625728817764547,0.19798298
2023-02-25 14:00:00,0.22057333664144235,0.21565945
2023-02-25 15:00:00,0.22593350700905596,0.21750475
2023-02-25 16:00:00,0.1936897820783195,0.2267398
2023-02-25 17:00:00,0.19255778852913205,0.20901448
2023-02-25 18:00:00,0.1940309308191705,0.19724275
2023-02-25 19:00:00,0.1661446057147583,0.17277655
2023-02-25 20:00:00,0.1246174998966216,0.13906904
2023-02-25 21:00:00,0.10219989248645743,0.10422169
2023-02-25 22:00:00,0.07704792622916926,0.084540516
2023-02-25 23:00:00,0.07235971550262582,0.06462593
2023-02-26 00:00:00,0.045253897365918214,0.04015131
2023-02-26 01:00:00,0.02984017698383162,0.020175021
2023-02-26 02:00:00,0.01319625356655502,0.007591687
2023-02-26 03:00:00,0.009252367365504693,0.001986757
2023-02-26 04:00:00,0.017724227763304803,0.004354961
2023-02-26 05:00:00,0.02482632427738494,0.012124017
2023-02-26 06:00:00,0.021704296406566598,0.015421037
2023-02-26 07:00:00,0.023658148285986023,0.017603941
2023-02-26 08:00:00,0.03361348881445644,0.025635645
2023-02-26 09:00:00,0.05080531778522103,0.059743084
2023-02-26 10:00:00,0.06962018773518588,0.07513565
2023-02-26 11:00:00,0.08902948352148204,0.0939033
2023-02-26 12:00:00,0.11021171897614027,0.10483776
2023-02-26 13:00:00,0.11958297150891123,0.12310515
2023-02-26 14:00:00,0.1285975685398834,0.13120165
2023-02-26 15:00:00,0.13060827854277798,0.13452348
2023-02-26 16:00:00,0.1440991605673407,0.1426219
2023-02-26 17:00:00,0.12174874912128356,0.14537156
2023-02-26 18:00:00,0.11130753008311625,0.12409275
2023-02-26 19:00:00,0.09365566720423439,0.10102371
2023-02-26 20:00:00,0.07303167514369599,0.08092417
2023-02-26 21:00:00,0.04764710747219121,0.0494666
2023-02-26 22:00:00,0.04693379646859364,0.029348064
2023-02-26 23:00:00,0.020200140594632595,0.024768516
2023-02-27 00:00:00,0.05303829136170037,0.019662898
2023-02-27 01:00:00,0.02746247363850639,0.020430423
2023-02-27 02:00:00,0.029705785055617585,0.008663528
2023-02-27 03:00:00,0.0054221974114047064,0.0048064627
2023-02-27 04:00:00,0.023864905098623,0.008614395
2023-02-27 05:00:00,0.08764938179713022,0.08680588
2023-02-27 06:00:00,0.2205785055617583,0.19598661
2023-02-27 07:00:00,0.4357038001902163,0.45598978
2023-02-27 08:00:00,0.21496505809866437,0.20718604
2023-02-27 09:00:00,0.20371231857089692,0.19661929
2023-02-27 10:00:00,0.156251292230079,0.16873854
2023-02-27 11:00:00,0.1742081214076004,0.18026432
2023-02-27 12:00:00,0.22389695240458174,0.21357985
2023-02-27 13:00:00,0.3075921101600298,0.31278265
2023-02-27 14:00:00,0.28343774552371503,0.26092702
2023-02-27 15:00:00,0.36149361121448953,0.32322943
2023-02-27 16:00:00,0.36121965843774556,0.36700118
2023-02-27 17:00:00,0.28242463714179383,0.29415804
2023-02-27 18:00:00,0.2236488442294174,0.20747383
2023-02-27 19:00:00,0.14216598436918498,0.16000429
2023-02-27 20:00:00,0.10782367779018319,0.12109117
2023-02-27 21:00:00,0.0712122151924906,0.07790746
2023-02-27 22:00:00,0.046489269321424144,0.04605971
2023-02-27 23:00:00,0.030429433899847,0.0269662
2023-02-28 00:00:00,0.013087706239920607,0.009227987
2023-02-28 01:00:00,0.004285034941901336,0.00025734678
2023-02-28 02:00:00,2.067568126369764e-05,-0.0016443618
2023-02-28 03:00:00,0.0003463176611669355,-0.0015795752
2023-02-28 04:00:00,0.01217797626431791,0.0083945505
2023-02-28 05:00:00,0.06933589711781003,0.07859512
2023-02-28 06:00:00,0.19438241740065337,0.1682208
2023-02-28 07:00:00,0.4340755902907001,0.41514903
2023-02-28 08:00:00,0.24383864698341812,0.19847067
2023-02-28 09:00:00,0.1745699458297151,0.20303681
2023-02-28 10:00:00,0.13261381962535668,0.15415516
2023-02-28 11:00:00,0.15927511061489477,0.16442955
2023-02-28 12:00:00,0.2167535045279742,0.19509383
2023-02-28 13:00:00,0.30410308894678084,0.3004228
2023-02-28 14:00:00,0.24405574163668695,0.24575026
2023-02-28 15:00:00,0.35171401397676055,0.2999934
2023-02-28 16:00:00,0.3487573915560518,0.3488164
2023-02-28 17:00:00,0.2966443369309019,0.271533
2023-02-28 18:00:00,0.19863126990034324,0.20259185
2023-02-28 19:00:00,0.1352913203490055,0.14913651
2023-02-28 20:00:00,0.09668465450936609,0.10852759
2023-02-28 21:00:00,0.07029214737625605,0.06756197
2023-02-28 22:00:00,0.049549270148451396,0.042597145
2023-02-28 23:00:00,0.03404250920067817,0.029163795
2023-03-01 00:00:00,0.018153248149526527,0.010774568
2023-03-01 01:00:00,0.004925981061075963,0.0011334941
2023-03-01 02:00:00,0.00029462845800769136,-0.0012651309
2023-03-01 03:00:00,6.719596410701733e-05,-0.001199536
2023-03-01 04:00:00,0.013764834801306703,0.009875905
2023-03-01 05:00:00,0.09162945044039202,0.08266999
2023-03-01 06:00:00,0.22578877724021007,0.20444326
2023-03-01 07:00:00,0.48555803663730723,0.5019567
2023-03-01 08:00:00,0.2654757474258777,0.24535719
2023-03-01 09:00:00,0.18414278625480712,0.25620937
2023-03-01 10:00:00,0.15691808295083323,0.16824432
2023-03-01 11:00:00,0.17303477649588556,0.18369065
2023-03-01 12:00:00,0.25435739982632427,0.21322902
2023-03-01 13:00:00,0.3295755282636563,0.32846725
2023-03-01 14:00:00,0.2820111235165199,0.26218072
2023-03-01 15:00:00,0.3455836744820742,0.31966364
2023-03-01 16:00:00,0.371583343671174,0.34699005
2023-03-01 17:00:00,0.3031209940867552,0.2936107
2023-03-01 18:00:00,0.24535314063598399,0.21852052
2023-03-01 19:00:00,0.14827564818260763,0.17578606
2023-03-01 20:00:00,0.10156411528759873,0.12449996
2023-03-01 21:00:00,0.057586941239713856,0.07861519
2023-03-01 22:00:00,0.05911177273291155,0.04598347
2023-03-01 23:00:00,0.03248666418558492,0.03384698
2023-03-02 00:00:00,0.01615287598726378,0.012329578
2023-03-02 01:00:00,0.0037939875118885172,0.0013059452
2023-03-02 02:00:00,6.202704379109292e-05,-0.0016668886
2023-03-02 03:00:00,0.0006151015175950048,-0.0014532208
2023-03-02 04:00:00,0.011237232766819668,0.010357276
2023-03-02 05:00:00,0.0674647479634454,0.08119613
2023-03-02 06:00:00,0.1945581606913948,0.15145893
2023-03-02 07:00:00,0.4277591696646405,0.42596382
2023-03-02 08:00:00,0.24659885043212176,0.20939502
2023-03-02 09:00:00,0.18411177273291157,0.21542563
2023-03-02 10:00:00,0.13597361783070752,0.16268101
2023-03-02 11:00:00,0.16097051647851798,0.16887778
2023-03-02 12:00:00,0.20762519125005172,0.20052384
2023-03-02 13:00:00,0.2820111235165199,0.29596066
2023-03-02 14:00:00,0.23808046975147834,0.24539612
2023-03-02 15:00:00,0.288978828102386,0.30093557
2023-03-02 16:00:00,0.345666377207129,0.3102352
2023-03-02 17:00:00,0.28356179961129724,0.27648002
2023-03-02 18:00:00,0.23672621262870613,0.21228898
2023-03-02 19:00:00,0.16176653020717033,0.1712602
2023-03-02 20:00:00,0.114264152503825,0.13534684
2023-03-02 21:00:00,0.08341603605838813,0.09093779
2023-03-02 22:00:00,0.05986643509903652,0.06587028
2023-03-02 23:00:00,0.049125418682545594,0.039856806
2023-03-03 00:00:00,0.017228011412976058,0.018552294
2023-03-03 01:00:00,0.004191994376214697,0.0023464896
2023-03-03 02:00:00,5.16892031592441e-05,-0.0010460503
2023-03-03 03:00:00,0.0,-0.0012802109
2023-03-03 04:00:00,0.0030289873051317045,0.008777831
2023-03-03 05:00:00,0.02528118926518629,0.060440358
2023-03-03 06:00:00,0.0400849770499938,0.049190048
2023-03-03 07:00:00,0.08070235289252782,0.02300085
2023-03-03 08:00:00,0.057250961419178764,0.095515445
2023-03-03 09:00:00,0.05727163710044247,0.095174484
2023-03-03 10:00:00,0.052185419509572846,0.096226506
2023-03-03 11:00:00,0.07505789190753837,0.08986863
2023-03-03 12:00:00,0.09666914774841832,0.10258423
2023-03-03 13:00:00,0.1181356738204524,0.110766985
2023-03-03 14:00:00,0.06733035603523137,0.12050946
2023-03-03 15:00:00,0.10078877724021007,0.097746626
2023-03-03 16:00:00,0.10374023074060292,0.1063453
2023-03-03 17:00:00,0.11153496257701692,0.09959221
2023-03-03 18:00:00,0.08732890873754291,0.0932947
2023-03-03 19:00:00,0.07245275606831246,0.07834579
2023-03-03 20:00:00,0.05708555596906918,0.06554562
2023-03-03 21:00:00,0.03055865690774511,0.03793259
2023-03-03 22:00:00,0.0339442997146756,0.027051652
2023-03-03 23:00:00,0.025963486746888313,0.024041802
2023-03-04 00:00:00,0.017501964189720054,0.015914587
2023-03-04 01:00:00,0.0030806765082909485,0.007004995
2023-03-04 02:00:00,2.584460157962205e-05,0.0028721727
2023-03-04 03:00:00,0.00017057437042550553,3.201887e-05
2023-03-04 04:00:00,0.00398523756357772,0.00042901188
2023-03-04 05:00:00,0.024138857875366994,0.009947047
2023-03-04 06:00:00,0.02559649340445768,0.016588598
2023-03-04 07:00:00,0.03364967125666791,0.012644023
2023-03-04 08:00:00,0.07350721581276104,0.048797835
2023-03-04 09:00:00,0.13242256957366746,0.1025618
2023-03-04 10:00:00,0.16589649753959393,0.14232045
2023-03-04 11:00:00,0.18684613158003557,0.17707318
2023-03-04 12:00:00,0.20611069759748585,0.194911
2023-03-04 13:00:00,0.21035955009717572,0.21728788
2023-03-04 14:00:00,0.2372896249431419,0.2210878
2023-03-04 15:00:00,0.2237832361576314,0.22824183
2023-03-04 16:00:00,0.22896249431418766,0.22896895
2023-03-04 17:00:00,0.24071145019228385,0.2264474
2023-03-04 18:00:00,0.24250506554190962,0.23298874
2023-03-04 19:00:00,0.17650312202787083,0.21087869
2023-03-04 20:00:00,0.13741574659885045,0.15955296
2023-03-04 21:00:00,0.10800459000124055,0.1176091
2023-03-04 22:00:00,0.0916242815200761,0.09492655
2023-03-04 23:00:00,0.07850039283794402,0.076814994
2023-03-05 00:00:00,0.025580986643509905,0.043759655
2023-03-05 01:00:00,0.012234834387793079,0.018901717
2023-03-05 02:00:00,0.005060372989289998,0.005302664
2023-03-05 03:00:00,0.002517264193855188,0.0009250976
2023-03-05 04:00:00,0.016297605756109664,0.0033107735
2023-03-05 05:00:00,0.0355311582516644,0.011998914
2023-03-05 06:00:00,0.027891494024728118,0.017026221
2023-03-05 07:00:00,0.025518959599718814,0.020006588
2023-03-05 08:00:00,0.042043997849729155,0.03089984
2023-03-05 09:00:00,0.06952714716949925,0.069444515
2023-03-05 10:00:00,0.0959661745854526,0.092016324
2023-03-05 11:00:00,0.09730492494727702,0.11844977
2023-03-05 12:00:00,0.11369557126907333,0.11645486
2023-03-05 13:00:00,0.14810507381218213,0.12753192
2023-03-05 14:00:00,0.13680064508125545,0.15131545
2023-03-05 15:00:00,0.153584129347062,0.14812258
2023-03-05 16:00:00,0.139839970227019,0.16292188
2023-03-05 17:00:00,0.12733118306248192,0.1542805
2023-03-05 18:00:00,0.1251292230078981,0.13111451
2023-03-05 19:00:00,0.10379708886407808,0.111848496
2023-03-05 20:00:00,0.09019765951288096,0.09114948
2023-03-05 21:00:00,0.06213559111772733,0.06486063
2023-03-05 22:00:00,0.05091386511185544,0.038109027
2023-03-05 23:00:00,0.028863251044121907,0.030261284
2023-03-06 00:00:00,0.05863106314353059,0.023794064
2023-03-06 01:00:00,0.033303353595500976,0.023922507
2023-03-06 02:00:00,0.014178348426580657,0.010571808
2023-03-06 03:00:00,0.009288549807716165,0.0033601522
2023-03-06 04:00:00,0.017403754703717488,0.008445479
2023-03-06 05:00:00,0.07979779183724105,0.07315545
2023-03-06 06:00:00,0.1775110614894761,0.17683251
2023-03-06 07:00:00,0.4405315717652897,0.36363077
2023-03-06 08:00:00,0.26135094901377004,0.20908013
2023-03-06 09:00:00,0.18500599594756648,0.20986569
2023-03-06 10:00:00,0.16038642848281853,0.16470835
2023-03-06 11:00:00,0.17664785179671672,0.18016237
2023-03-06 12:00:00,0.20609519083653807,0.21094923
2023-03-06 13:00:00,0.31599160567340695,0.30238307
2023-03-06 14:00:00,0.26328412521192573,0.26277447
2023-03-06 15:00:00,0.3241326551709879,0.31553155
2023-03-06 16:00:00,0.33185502212297896,0.34234828
2023-03-06 17:00:00,0.29084997725675066,0.27240083
2023-03-06 18:00:00,0.20093660836124552,0.20212601
2023-03-06 19:00:00,0.12358888475375264,0.15241084
2023-03-06 20:00:00,0.07881052805689948,0.10946162
2023-03-06 21:00:00,0.06370694289376835,0.060602576
2023-03-06 22:00:00,0.044240788983997026,0.03407547
2023-03-06 23:00:00,0.03165446801472109,0.02550648
2023-03-07 00:00:00,0.01853057933258901,0.009972271
2023-03-07 01:00:00,0.003426994169457884,0.0006641187
2023-03-07 02:00:00,0.0001498986891618079,-0.001654461
2023-03-07 03:00:00,0.0004652028284331969,-0.0015917867
2023-03-07 04:00:00,0.015186287888185917,0.008346669
2023-03-07 05:00:00,0.08725137493280405,0.08123757
2023-03-07 06:00:00,0.20970826613736923,0.19767933
2023-03-07 07:00:00,0.4467963031881901,0.4400369
2023-03-07 08:00:00,0.2642455443906877,0.21959704
2023-03-07 09:00:00,0.17323119546789068,0.21752447
2023-03-07 10:00:00,0.14941797957242692,0.16539037
2023-03-07 11:00:00,0.16739548443121202,0.18497024
2023-03-07 12:00:00,0.2009521151221933,0.21564236
2023-03-07 13:00:00,0.29488173510317167,0.30421484
2023-03-07 14:00:00,0.24363705909109706,0.25127283
2023-03-07 15:00:00,0.31535065955423236,0.30471206
2023-03-07 16:00:00,0.382251995203242,0.33907723
2023-03-07 17:00:00,0.31348467932018365,0.28862554
2023-03-07 18:00:00,0.23601807054542448,0.2157845
2023-03-07 19:00:00,0.15722304924947278,0.17023166
2023-03-07 20:00:00,0.1069139478145805,0.12383756
2023-03-07 21:00:00,0.0659605921515114,0.07910049
2023-03-07 22:00:00,0.07001302567919614,0.04735565
2023-03-07 23:00:00,0.035551833932928094,0.03449557
2023-03-08 00:00:00,0.01573936236198983,0.013054214
2023-03-08 01:00:00,0.0028842575362858208,0.0015457347
2023-03-08 02:00:00,0.00017057437042550553,-0.0011859797
2023-03-08 03:00:00,0.00010854732663441261,-0.0009347722
2023-03-08 04:00:00,0.017331389819294548,0.011843592
2023-03-08 05:00:00,0.08495637431253361,0.089331135
2023-03-08 06:00:00,0.19628974899722948,0.18832071
2023-03-08 07:00:00,0.447349377661994,0.4164434
2023-03-08 08:00:00,0.27546210147624367,0.23766172
2023-03-08 09:00:00,0.19257846421039576,0.26007688
2023-03-08 10:00:00,0.16446470661208287,0.17209603
2023-03-08 11:00:00,0.1965068436504983,0.18763252
2023-03-08 12:00:00,0.24098540296902785,0.22811334
2023-03-08 13:00:00,0.3478218169788695,0.32120866
2023-03-08 14:00:00,0.25864760368854156,0.27016103
2023-03-08 15:00:00,0.2998852499689865,0.3121174
2023-03-08 16:00:00,0.31362940908902953,0.32859832
2023-03-08 17:00:00,0.24160567340693878,0.2705202
2023-03-08 18:00:00,0.19400508621759088,0.18999779
2023-03-08 19:00:00,0.13801017243518174,0.1471416
2023-03-08 20:00:00,0.1224362155233015,0.11132899
2023-03-08 21:00:00,0.0776475209858165,0.08259103
2023-03-08 22:00:00,0.07189451267419263,0.05557286
2023-03-08 23:00:00,0.042043997849729155,0.03780535
2023-03-09 00:00:00,0.01635963279990076,0.015864082
2023-03-09 01:00:00,0.0035355414960922967,0.0019808114
2023-03-09 02:00:00,0.0001550676094777323,-0.0010986254
2023-03-09 03:00:00,0.0003980068643261796,-0.0010883287
2023-03-09 04:00:00,0.018091221105735435,0.0067493804
2023-03-09 05:00:00,0.0894223214654923,0.07575491
2023-03-09 06:00:00,0.19802133730306415,0.19289215
2023-03-09 07:00:00,0.43605011785138326,0.43029422
2023-03-09 08:00:00,0.2600949013770004,0.23207526
2023-03-09 09:00:00,0.18629822602654758,0.24151546
2023-03-09 10:00:00,0.1698042012984328,0.16844279
2023-03-09 11:00:00,0.17767129801926976,0.188304
2023-03-09 12:00:00,0.23228094115701114,0.21672627
2023-03-09 13:00:00,0.3166170450316338,0.31961244
2023-03-09 14:00:00,0.28268308315759005,0.2695889
2023-03-09 15:00:00,0.3534404333622793,0.3359363
2023-03-09 16:00:00,0.36861121448951745,0.3643272
2023-03-09 17:00:00,0.29552785014266225,0.31203437
2023-03-09 18:00:00,0.22864719017491628,0.22323371
2023-03-09 19:00:00,0.1737894388620105,0.16963309
2023-03-09 20:00:00,0.11073894884836456,0.13596556
2023-03-09 21:00:00,0.09489103915974031,0.090918764
2023-03-09 22:00:00,0.07308336434685524,0.07024635
2023-03-09 23:00:00,0.04870156721663979,0.039728515
2023-03-10 00:00:00,0.017713889922672952,0.01641316
2023-03-10 01:00:00,0.0039490551213662494,0.0016181916
2023-03-10 02:00:00,0.0003514865814828599,-0.0013037212
2023-03-10 03:00:00,0.0002532770954802961,-0.0013965666
2023-03-10 04:00:00,0.017775916966464047,0.01081454
2023-03-10 05:00:00,0.06677211264111153,0.079268515
2023-03-10 06:00:00,0.1682380184427077,0.13474165
2023-03-10 07:00:00,0.4067371707397759,0.35938847
2023-03-10 08:00:00,0.20966174585452593,0.20640469
2023-03-10 09:00:00,0.19513191084646242,0.18692167
2023-03-10 10:00:00,0.15232808171029236,0.1619753
2023-03-10 11:00:00,0.18280920481329863,0.18134512
2023-03-10 12:00:00,0.2656825042385147,0.23335318
2023-03-10 13:00:00,0.3624757060745152,0.35895902
2023-03-10 14:00:00,0.29124798412107683,0.288523
2023-03-10 15:00:00,0.2933879171318695,0.30326003
2023-03-10 16:00:00,0.21438613902328083,0.30562454
2023-03-10 17:00:00,0.16056734069387588,0.24006854
2023-03-10 18:00:00,0.21035438117685978,0.17560449
2023-03-10 19:00:00,0.14963507422569575,0.16276701
2023-03-10 20:00:00,0.10495492701484514,0.14690644
2023-03-10 21:00:00,0.07473224992763512,0.09583063
2023-03-10 22:00:00,0.08012860273746021,0.067878306
2023-03-10 23:00:00,0.06379481453913907,0.046511117
2023-03-11 00:00:00,0.021135715171814912,0.02422259
2023-03-11 01:00:00,0.005241285200347352,0.0033953637
2023-03-11 02:00:00,0.00028429061737584254,-0.0007783398
2023-03-11 03:00:00,0.0006874664020179466,-0.0016104802
2023-03-11 04:00:00,0.0067247653310176575,0.0007599145
2023-03-11 05:00:00,0.02751933176198156,0.014403367
2023-03-11 06:00:00,0.03289500889054295,0.02314785
2023-03-11 07:00:00,0.04706301947649175,0.027802587
2023-03-11 08:00:00,0.08281127238142498,0.07271472
2023-03-11 09:00:00,0.11408324029276766,0.11756453
2023-03-11 10:00:00,0.1381910846462391,0.13877273
2023-03-11 11:00:00,0.16441301740892364,0.15595391
2023-03-11 12:00:00,0.174166770045073,0.17700204
2023-03-11 13:00:00,0.2159885043212174,0.19176318
2023-03-11 14:00:00,0.19813505355001448,0.2135136
2023-03-11 15:00:00,0.20216681139643553,0.20089243
2023-03-11 16:00:00,0.22179320183600051,0.20576303
2023-03-11 17:00:00,0.20075052722987224,0.21217167
2023-03-11 18:00:00,0.19848137121118142,0.20210339
2023-03-11 19:00:00,0.18205971136748958,0.17677887
2023-03-11 20:00:00,0.14023280817102923,0.14179903
2023-03-11 21:00:00,0.09684489103915975,0.111360684
2023-03-11 22:00:00,0.09021316627382873,0.08974385
2023-03-11 23:00:00,0.06988380267129803,0.068850875
2023-03-12 00:00:00,0.038803084811644545,0.0385908
2023-03-12 01:00:00,0.02318260761692098,0.018204855
2023-03-12 02:00:00,0.014245544390687674,0.0067369267
2023-03-12 03:00:00,0.004636521523384196,0.0021808334
2023-03-12 04:00:00,0.01432307819542654,0.003341049
2023-03-12 05:00:00,0.022696729107224086,0.010252032
2023-03-12 06:00:00,0.035505313650084774,0.014094166
2023-03-12 07:00:00,0.030574163668692887,0.019031994
2023-03-12 08:00:00,0.03433713765868586,0.035060167
2023-03-12 09:00:00,0.06985795806971841,0.06424636
2023-03-12 10:00:00,0.10474300128189225,0.08858751
2023-03-12 11:00:00,0.1694268701153703,0.12731503
2023-03-12 12:00:00,0.11103357730637226,0.17046192
2023-03-12 13:00:00,0.1146414836868875,0.15054742
2023-03-12 14:00:00,0.12882500103378408,0.13714345
2023-03-12 15:00:00,0.14183000454864989,0.14160922
2023-03-12 16:00:00,0.17137555307447383,0.15948778
2023-03-12 17:00:00,0.15740396146053015,0.17149322
2023-03-12 18:00:00,0.13818074680560727,0.15516494
2023-03-12 19:00:00,0.09888661456394988,0.12609306
2023-03-12 20:00:00,0.09147438283091429,0.09336573
2023-03-12 21:00:00,0.05945292147376256,0.0646362
2023-03-12 22:00:00,0.055126535169333836,0.03658844
2023-03-12 23:00:00,0.028987305131704093,0.031720452
2023-03-13 00:00:00,0.04747136418144978,0.027181244
2023-03-13 01:00:00,0.03648740851011041,0.026315983
2023-03-13 02:00:00,0.02158024231898441,0.011701282
2023-03-13 03:00:00,0.009004259190340322,0.0050285347
2023-03-13 04:00:00,0.01910432948765662,0.009014316
2023-03-13 05:00:00,0.07878468345531986,0.08108335
2023-03-13 06:00:00,0.19806785758590748,0.17876114
2023-03-13 07:00:00,0.43677376669561263,0.40333283
2023-03-13 08:00:00,0.2148048215688707,0.21333478
2023-03-13 09:00:00,0.18312450895257001,0.19306056
2023-03-13 10:00:00,0.14020696356944962,0.15875307
2023-03-13 11:00:00,0.15393561592854485,0.16487588
2023-03-13 12:00:00,0.20806971839722121,0.19840024
2023-03-13 13:00:00,0.29046747715337223,0.30128604
2023-03-13 14:00:00,0.22387110780300212,0.24260129
2023-03-13 15:00:00,0.2480047967580532,0.29429847
2023-03-13 16:00:00,0.2320793532646901,0.2952007
2023-03-13 17:00:00,0.2720609519083654,0.21356954
2023-03-13 18:00:00,0.1715616342058471,0.17970961
2023-03-13 19:00:00,0.12223462763098045,0.13768627
2023-03-13 20:00:00,0.08691539511226895,0.103721336
2023-03-13 21:00:00,0.06441508497705,0.060770255
2023-03-13 22:00:00,0.0503762973989993,0.03675799
2023-03-13 23:00:00,0.02972646073688128,0.02785632
2023-03-14 00:00:00,0.01741409254434934,0.011734575
2023-03-14 01:00:00,0.003313277922507547,0.0011091381
2023-03-14 02:00:00,9.820948600256379e-05,-0.0014698915
2023-03-14 03:00:00,1.033784063184882e-05,-0.0015559644
2023-03-14 04:00:00,0.011159698962080801,0.0064981915
2023-03-14 05:00:00,0.07482012157300584,0.072104275
2023-03-14 06:00:00,0.17897903485919864,0.17759462
2023-03-14 07:00:00,0.4568498532026631,0.38401282
2023-03-14 08:00:00,0.2727329115494356,0.21500191
2023-03-14 09:00:00,0.20209444651201258,0.22143635
2023-03-14 10:00:00,0.15572923127817062,0.1711189
2023-03-14 11:00:00,0.17813650084770294,0.18507862
2023-03-14 12:00:00,0.2167896869701857,0.21888135
2023-03-14 13:00:00,0.34540276227101685,0.30832773
2023-03-14 14:00:00,0.24225695736674524,0.2575935
2023-03-14 15:00:00,0.32538870280775756,0.30807716
2023-03-14 16:00:00,0.37384216184923297,0.3461597
2023-03-14 17:00:00,0.3027178183021131,0.29345858
2023-03-14 18:00:00,0.21472728776413186,0.21569389
2023-03-14 19:00:00,0.15395112268949263,0.16281998
2023-03-14 20:00:00,0.10887813753463177,0.12259862
2023-03-14 21:00:00,0.08759252367365505,0.07817775
2023-03-14 22:00:00,0.0584863333746847,0.055439685
2023-03-14 23:00:00,0.037696935864036725,0.034784853
2023-03-15 00:00:00,0.013475375263614937,0.013777137
2023-03-15 01:00:00,0.0022588181780589674,0.0017071143
2023-03-15 02:00:00,0.00016540545010958112,-0.0011453852
2023-03-15 03:00:00,7.236488442294174e-05,-0.0012385771
2023-03-15 04:00:00,0.009898482404995246,0.009179965
2023-03-15 05:00:00,0.07076251912500517,0.07917141
2023-03-15 06:00:00,0.1778522102303271,0.1591407
2023-03-15 07:00:00,0.3190050862175909,0.3850727
2023-03-15 08:00:00,0.21154323284952242,0.19785754
2023-03-15 09:00:00,0.18295910350246042,0.20749605
2023-03-15 10:00:00,0.13187466402017947,0.16440079
2023-03-15 11:00:00,0.1627951453500393,0.16967191
2023-03-15 12:00:00,0.20720650870446183,0.19474353
2023-03-15 13:00:00,0.2563732787495348,0.26648122
2023-03-15 14:00:00,0.21322830087251377,0.2345729
2023-03-15 15:00:00,0.2743817971302155,0.2647653
2023-03-15 16:00:00,0.2682876400777406,0.2964205
2023-03-15 17:00:00,0.25503969730802634,0.23422095
2023-03-15 18:00:00,0.15835504279866022,0.18606478
2023-03-15 19:00:00,0.12505168920315926,0.12610024
2023-03-15 20:00:00,0.0848478269858992,0.094844475
2023-03-15 21:00:00,0.046044742174254645,0.057018355
2023-03-15 22:00:00,0.036911259976016214,0.035731595
2023-03-15 23:00:00,0.02458855394285242,0.023619102
2023-03-16 00:00:00,0.0197142620849357,0.008027114
2023-03-16 01:00:00,0.004967332423603358,0.0005599223
2023-03-16 02:00:00,5.16892031592441e-05,-0.0012435429
2023-03-16 03:00:00,7.236488442294174e-05,-0.0009587705
2023-03-16 04:00:00,0.011800645081255428,0.007476907
2023-03-16 05:00:00,0.07041103254352231,0.07170041
2023-03-16 06:00:00,0.2013346152255717,0.15989175
2023-03-16 07:00:00,0.5112475706074515,0.4511534
2023-03-16 08:00:00,0.2363798949675392,0.22474277
2023-03-16 09:00:00,0.21432411197948975,0.20267375
2023-03-16 10:00:00,0.17301926973493778,0.16921784
2023-03-16 11:00:00,0.18059690691808297,0.19006607
2023-03-16 12:00:00,0.2551172311127652,0.22596869
2023-03-16 13:00:00,0.35253070338667664,0.34510463
2023-03-16 14:00:00,0.3051678865318613,0.27689546
2023-03-16 15:00:00,0.3502615473679858,0.35231912
2023-03-16 16:00:00,0.3580769548856635,0.3683467
2023-03-16 17:00:00,0.2855053136500848,0.31449682
2023-03-16 18:00:00,0.21854711987759998,0.22634721
2023-03-16 19:00:00,0.1598333540090146,0.17272636
2023-03-16 20:00:00,0.10000827027250549,0.13190049
2023-03-16 21:00:00,0.06770768721829384,0.084228024
2023-03-16 22:00:00,0.05613964355125502,0.055243336
2023-03-16 23:00:00,0.03648740851011041,0.03530691
2023-03-17 00:00:00,0.009510813381300914,0.01335901
2023-03-17 01:00:00,0.003302940081875698,0.00056630746
2023-03-17 02:00:00,0.0001033784063184882,-0.0018965751
2023-03-17 03:00:00,0.00018091221105735435,-0.0016231611
2023-03-17 04:00:00,0.013222098168134641,0.010564607
2023-03-17 05:00:00,0.06795579539345822,0.07865308
2023-03-17 06:00:00,0.17243518173923833,0.15469621
2023-03-17 07:00:00,0.406664805855353,0.36742443
2023-03-17 08:00:00,0.24850618202869787,0.19431834
2023-03-17 09:00:00,0.17369639829632388,0.19798283
2023-03-17 10:00:00,0.17923231195467892,0.16152628
2023-03-17 11:00:00,0.21610738948848365,0.20223066
2023-03-17 12:00:00,0.3079332589008808,0.2555555
2023-03-17 13:00:00,0.3894574701236406,0.37575126
2023-03-17 14:00:00,0.2861152462473639,0.3111565
2023-03-17 15:00:00,0.33227370466856887,0.30248576
2023-03-17 16:00:00,0.3140274159533557,0.31863427
2023-03-17 17:00:00,0.2837375429020386,0.27371597
2023-03-17 18:00:00,0.2583478063102179,0.23936947
2023-03-17 19:00:00,0.16662014638382336,0.20738375
2023-03-17 20:00:00,0.1403103419757681,0.1627464
2023-03-17 21:00:00,0.08287329942521607,0.11300239
2023-03-17 22:00:00,0.06526795682917752,0.08836358
2023-03-17 23:00:00,0.06862258611421247,0.06045667
2023-03-18 00:00:00,0.01916635653144771,0.020115847
2023-03-18 01:00:00,0.006383616590166646,0.002234824
2023-03-18 02:00:00,0.0,-0.00097002834
2023-03-18 03:00:00,0.0007494934458090395,-0.0018971674
2023-03-18 04:00:00,0.016240747632634497,0.003313616
2023-03-18 05:00:00,0.033618657734772364,0.024243448
2023-03-18 06:00:00,0.02946801472108506,0.028219491
2023-03-18 07:00:00,0.061985692428565525,0.0284525
2023-03-18 08:00:00,0.10249968986478106,0.08972849
2023-03-18 09:00:00,0.17077078939751067,0.14284939
2023-03-18 10:00:00,0.1769993383781996,0.18541332
2023-03-18 11:00:00,0.2083850225364926,0.19175921
2023-03-18 12:00:00,0.20852458338502255,0.22248562
2023-03-18 13:00:00,0.2243931687549105,0.23188765
2023-03-18 14:00:00,0.19831596576107186,0.23412408
2023-03-18 15:00:00,0.23630753008311625,0.20899628
2023-03-18 16:00:00,0.20585742050200556,0.22974665
2023-03-18 17:00:00,0.2270861762395071,0.21914601
2023-03-18 18:00:00,0.191467146342472,0.22681403
2023-03-18 19:00:00,0.1947700864243477,0.18411563
2023-03-18 20:00:00,0.13825828061034612,0.16406918
2023-03-18 21:00:00,0.10436567009882977,0.12434314
2023-03-18 22:00:00,0.09910887813753463,0.099346355
2023-03-18 23:00:00,0.08393292808998057,0.077666886
2023-03-19 00:00:00,0.036549435553901506,0.042951148
2023-03-19 01:00:00,0.01929557953934582,0.02137063
2023-03-19 02:00:00,0.014436794442376878,0.007720668
2023-03-19 03:00:00,0.0057685150725716415,0.002457168
2023-03-19 04:00:00,0.011020138113550843,0.0052325465
2023-03-19 05:00:00,0.015279328453872556,0.012211561
2023-03-19 06:00:00,0.02132179630318819,0.012599055
2023-03-19 07:00:00,0.02570504073109209,0.014793567
2023-03-19 08:00:00,0.031168589505024193,0.024240505
2023-03-19 09:00:00,0.06231133440846876,0.054775115
2023-03-19 10:00:00,0.06718045734606956,0.08358525
2023-03-19 11:00:00,0.09077140966794857,0.09188044
2023-03-19 12:00:00,0.12002232973576481,0.10496919
2023-03-19 13:00:00,0.10507381218211141,0.12972079
2023-03-19 14:00:00,0.12449344580903941,0.12453389
2023-03-19 15:00:00,0.12300996567836911,0.12958023
2023-03-19 16:00:00,0.11963466071207048,0.1368306
2023-03-19 17:00:00,0.1465957490799322,0.13157257
2023-03-19 18:00:00,0.12253442500930406,0.13478643
2023-03-19 19:00:00,0.10039593929619982,0.11253829
2023-03-19 20:00:00,0.08354009014597032,0.08983704
2023-03-19 21:00:00,0.0728197494107431,0.059683096
2023-03-19 22:00:00,0.04210602489352024,0.041284442
2023-03-19 23:00:00,0.02570504073109209,0.030039871
2023-03-20 00:00:00,0.05085700698838027,0.024198102
2023-03-20 01:00:00,0.027927676466939586,0.027539803
2023-03-20 02:00:00,0.010942604308811976,0.011473618
2023-03-20 03:00:00,0.008208245461687963,0.004499946
2023-03-20 04:00:00,0.011924699168837614,0.009035863
2023-03-20 05:00:00,0.0742412024976223,0.06105946
2023-03-20 06:00:00,0.1989827564818261,0.17596433
2023-03-20 07:00:00,0.4797481702022082,0.42700016
2023-03-20 08:00:00,0.2600173675722615,0.21793973
2023-03-20 09:00:00,0.23643675309101436,0.21267354
2023-03-20 10:00:00,0.17138072199478974,0.1803408
2023-03-20 11:00:00,0.177175081668941,0.19839846
2023-03-20 12:00:00,0.23459144853822936,0.22723593
2023-03-20 13:00:00,0.3216774180209238,0.32622838
2023-03-20 14:00:00,0.25457966339990906,0.26569456
2023-03-20 15:00:00,0.31319005086217594,0.31678784
2023-03-20 16:00:00,0.35389529835008066,0.34105033
2023-03-20 17:00:00,0.29471116073274617,0.2983095
2023-03-20 18:00:00,0.21398296323863872,0.21235792
2023-03-20 19:00:00,0.14808439813091842,0.16457269
2023-03-20 20:00:00,0.12345449282553861,0.123284996
2023-03-20 21:00:00,0.07269052640284498,0.085024305
2023-03-20 22:00:00,0.052542075011371626,0.05179944
2023-03-20 23:00:00,0.042969234586279624,0.03366571
2023-03-21 00:00:00,0.010115577058264071,0.015402051
2023-03-21 01:00:00,0.0026775007236488446,0.0013514869
2023-03-21 02:00:00,0.0002532770954802961,-0.0015519485
2023-03-21 03:00:00,0.00022743249390067404,-0.0016498491
2023-03-21 04:00:00,0.01235371955505934,0.0072416887
2023-03-21 05:00:00,0.07574018938924038,0.07693236
2023-03-21 06:00:00,0.2098943472687425,0.17476255
2023-03-21 07:00:00,0.4627010710002895,0.44165474
2023-03-21 08:00:00,0.254378075507588,0.23975949
2023-03-21 09:00:00,0.2027922507546624,0.20626491
2023-03-21 10:00:00,0.16555534879874292,0.17296842
2023-03-21 11:00:00,0.17060538394740107,0.2019376
2023-03-21 12:00:00,0.24026175412479844,0.22550306
2023-03-21 13:00:00,0.29877910102137867,0.3265952
2023-03-21 14:00:00,0.24740003308109004,0.25832623
2023-03-21 15:00:00,0.3217807964272423,0.3083673
2023-03-21 16:00:00,0.3530992846214283,0.33305347
2023-03-21 17:00:00,0.2962153165446802,0.27100468
2023-03-21 18:00:00,0.23406938758632098,0.2125775
2023-03-21 19:00:00,0.13958152421122277,0.1715941
2023-03-21 20:00:00,0.10094901377000373,0.11994463
2023-03-21 21:00:00,0.06768701153703015,0.07398161
2023-03-21 22:00:00,0.0514566017450275,0.044565722
2023-03-21 23:00:00,0.03645122606789894,0.030768227
2023-03-22 00:00:00,0.014488483645536121,0.011962291
2023-03-22 01:00:00,0.0029307778191291407,0.0013819188
2023-03-22 02:00:00,4.652028284331969e-05,-0.0013260655
2023-03-22 03:00:00,0.000289459537691767,-0.0012171008
2023-03-22 04:00:00,0.012534631766116695,0.010832071
2023-03-22 05:00:00,0.06823491709051814,0.08584954
2023-03-22 06:00:00,0.15218335194144647,0.14695765
2023-03-22 07:00:00,0.32429289170078157,0.301215
2023-03-22 08:00:00,0.1763480544183931,0.185838
2023-03-22 09:00:00,0.16887896456188234,0.15903082
2023-03-22 10:00:00,0.11817702518297979,0.14119819
2023-03-22 11:00:00,0.15012095273539264,0.14010862
2023-03-22 12:00:00,0.17599139891659432,0.17780337
2023-03-22 13:00:00,0.2401893892403755,0.2375482
2023-03-22 14:00:00,0.2078577926642683,0.2122356
2023-03-22 15:00:00,0.24526010007029733,0.25025767
2023-03-22 16:00:00,0.24467084315428195,0.26955885
2023-03-22 17:00:00,0.2473690195591945,0.21274087
2023-03-22 18:00:00,0.18791609808543194,0.17741498
2023-03-22 19:00:00,0.12890770375883887,0.13886075
2023-03-22 20:00:00,0.09260120745978581,0.103591055
2023-03-22 21:00:00,0.06424967952694041,0.06452264
2023-03-22 22:00:00,0.05546251498986892,0.04214347
2023-03-22 23:00:00,0.03566038125956251,0.031370632
2023-03-23 00:00:00,0.011986726212628708,0.0133469775
2023-03-23 01:00:00,0.004393582268535748,0.0014451556
2023-03-23 02:00:00,4.135136252739528e-05,-0.0009083301
2023-03-23 03:00:00,0.00034114874085101107,-0.00075885653
2023-03-23 04:00:00,0.012457097961377828,0.0067560375
2023-03-23 05:00:00,0.06512322706033165,0.06971676
2023-03-23 06:00:00,0.14916470247694663,0.14265147
2023-03-23 07:00:00,0.37129388413348224,0.3089744
2023-03-23 08:00:00,0.21335752388041188,0.1907084
2023-03-23 09:00:00,0.1636893685646942,0.17992555
2023-03-23 10:00:00,0.12186246536823389,0.14881378
2023-03-23 11:00:00,0.13167307612785842,0.15092501
2023-03-23 12:00:00,0.18279369805235085,0.17346522
2023-03-23 13:00:00,0.23891266592234217,0.26119256
2023-03-23 14:00:00,0.23355249555472854,0.2177067
2023-03-23 15:00:00,0.2671814911301328,0.28568226
2023-03-23 16:00:00,0.2945302485216888,0.28773892
2023-03-23 17:00:00,0.2655377744696688,0.24613497
2023-03-23 18:00:00,0.18277819129140307,0.19715081
2023-03-23 19:00:00,0.12568746640201794,0.14339316
2023-03-23 20:00:00,0.09629181656535583,0.1042857
2023-03-23 21:00:00,0.06058491502295001,0.06879447
2023-03-23 22:00:00,0.046086093536782044,0.042895094
2023-03-23 23:00:00,0.029514535003928383,0.030608017
2023-03-24 00:00:00,0.020494769052640287,0.012083214
2023-03-24 01:00:00,0.003349460364719018,0.0010397434
2023-03-24 02:00:00,7.753380473886615e-05,-0.0014580265
2023-03-24 03:00:00,0.0004238514659058016,-0.0011582635
2023-03-24 04:00:00,0.019192201133027335,0.007910624
2023-03-24 05:00:00,0.0823719141545714,0.080528066
2023-03-24 06:00:00,0.19462535665550182,0.18247283
2023-03-24 07:00:00,0.4287154199230865,0.4268462
2023-03-24 08:00:00,0.12716577761237233,0.19954559
2023-03-24 09:00:00,0.06856055907042137,0.15733409
2023-03-24 10:00:00,0.06148430715792086,0.13661245
2023-03-24 11:00:00,0.14684902617541248,0.1389869
2023-03-24 12:00:00,0.2812306165488153,0.17711163
2023-03-24 13:00:00,0.3932669643964769,0.3181725
2023-03-24 14:00:00,0.3041547781499401,0.26776126
2023-03-24 15:00:00,0.3014410949840797,0.27697906
2023-03-24 16:00:00,0.3015858247529256,0.2553618
2023-03-24 17:00:00,0.2671091262457098,0.2345577
2023-03-24 18:00:00,0.24100090972997562,0.2048961
2023-03-24 19:00:00,0.18492846214282763,0.17905192
2023-03-24 20:00:00,0.14676115453004177,0.16223526
2023-03-24 21:00:00,0.11254290203862218,0.12087008
2023-03-24 22:00:00,0.09452921473762561,0.0974766
2023-03-24 23:00:00,0.07504238514659059,0.07564974
2023-03-25 00:00:00,0.015935781333994956,0.024724195
2023-03-25 01:00:00,0.003478683372617128,0.0040408634
2023-03-25 02:00:00,3.618244221147087e-05,-0.0007121749
2023-03-25 03:00:00,0.0009976016209734112,-0.0016239882
2023-03-25 04:00:00,0.005959765124260845,0.0037051775
2023-03-25 05:00:00,0.03040358929826738,0.021241574
2023-03-25 06:00:00,0.035846462390935786,0.027583305
2023-03-25 07:00:00,0.04766778315345491,0.0347218
2023-03-25 08:00:00,0.07060228259521152,0.078958675
2023-03-25 09:00:00,0.1438252077905967,0.11750391
2023-03-25 10:00:00,0.1597920026464872,0.17020828
2023-03-25 11:00:00,0.1612909895381053,0.17709081
2023-03-25 12:00:00,0.19694103295703594,0.18534002
2023-03-25 13:00:00,0.20289562916098086,0.20500924
2023-03-25 14:00:00,0.21294917917545383,0.22371659
2023-03-25 15:00:00,0.20635880577265023,0.21206316
2023-03-25 16:00:00,0.22853347392796594,0.21413597
2023-03-25 17:00:00,0.22278046561634207,0.20907955
2023-03-25 18:00:00,0.22740664929909443,0.21520196
2023-03-25 19:00:00,0.14711264111152464,0.20247994
2023-03-25 20:00:00,0.14205743704255056,0.148005
2023-03-25 21:00:00,0.10809763056692719,0.115726344
2023-03-25 22:00:00,0.0973204317082248,0.09485681
2023-03-25 23:00:00,0.06647748418310384,0.07379484
2023-03-26 00:00:00,0.04447339039821362,0.036949143
2023-03-26 01:00:00,0.022040276227101686,0.02044856
2023-03-26 02:00:00,0.017930984575941777,0.007931802
2023-03-26 03:00:00,0.007799900756729935,0.0033294782
2023-03-26 04:00:00,0.001612703138568416,0.0045541786
2023-03-26 05:00:00,0.02613406111731382,0.00977562
2023-03-26 06:00:00,0.025710209651408016,0.013815828
2023-03-26 07:00:00,0.024268080883265104,0.015780699
2023-03-26 08:00:00,0.026268453045527853,0.02506822
2023-03-26 09:00:00,0.05205102758135881,0.051866062
2023-03-26 10:00:00,0.057250961419178764,0.0741533
2023-03-26 11:00:00,0.07588491915808626,0.07922219
2023-03-26 12:00:00,0.08464107017326221,0.090888314
2023-03-26 13:00:00,0.11311665219368978,0.10064865
2023-03-26 14:00:00,0.11524624736385065,0.1197675
2023-03-26 15:00:00,0.1154478352561717,0.12283918
2023-03-26 16:00:00,0.1328774345614688,0.12683503
2023-03-26 17:00:00,0.12481908778894266,0.13161144
2023-03-26 18:00:00,0.11860604556920151,0.119630784
2023-03-26 19:00:00,0.09546995823512386,0.10355202
2023-03-26 20:00:00,0.07260265475747427,0.08355981
2023-03-26 21:00:00,0.07049890418889303,0.05059176
2023-03-26 22:00:00,0.04743001281892239,0.033745542
2023-03-26 23:00:00,0.030713724517222846,0.0291262
2023-03-27 00:00:00,0.034280279535210685,0.023173789
2023-03-27 01:00:00,0.0017212504652028286,0.019498851
2023-03-27 02:00:00,0.0,0.0050801933
2023-03-27 03:00:00,0.0,0.001178246
2023-03-27 04:00:00,0.002646487201753298,0.0055228435
2023-03-27 05:00:00,0.006735103171649506,0.049695443
2023-03-27 06:00:00,0.01808605218541951,0.015846312
2023-03-27 07:00:00,0.04083963941611876,0.0070528947
2023-03-27 08:00:00,0.034311293057106236,0.03076243
2023-03-27 09:00:00,0.016943720795600217,0.05155536
2023-03-27 10:00:00,0.023668486126617875,0.035125725
2023-03-27 11:00:00,0.02449551337716578,0.038724937
2023-03-27 12:00:00,0.02854794690485052,0.025380583
2023-03-27 13:00:00,0.03653909771326966,0.00409903
2023-03-27 14:00:00,0.025612000165405453,0.0026391149
2023-03-27 15:00:00,0.03276578588264484,0.0016485378
2023-03-27 16:00:00,0.04750754662366125,0.0006411597
2023-03-27 17:00:00,0.04247301823595088,0.00072419643
2023-03-27 18:00:00,0.03270375883885374,0.0010647103
2023-03-27 19:00:00,0.02538456767150478,0.0011522248
2023-03-27 20:00:00,0.014483314725220197,-0.00073279813
2023-03-27 21:00:00,0.008704461812016707,-0.0017724596
2023-03-27 22:00:00,0.008187569780424266,-0.002063997
2023-03-27 23:00:00,0.004042095687052888,-0.0020628683
2023-03-28 00:00:00,0.007805069677045859,-0.0020242482
2023-03-28 01:00:00,0.0011940205929785387,-0.0018766709
2023-03-28 02:00:00,0.0,-0.002155289
2023-03-28 03:00:00,0.0001498986891618079,-0.0019364879
2023-03-28 04:00:00,0.012079766778315347,-0.0012043118
2023-03-28 05:00:00,0.07404478352561718,0.003050521
2023-03-28 06:00:00,0.1902007608650705,0.16963606
2023-03-28 07:00:00,0.4150487946077824,0.40166712
2023-03-28 08:00:00,0.26445747012364057,0.18065244
2023-03-28 09:00:00,0.20769238721415872,0.21529603
2023-03-28 10:00:00,0.17732498035810282,0.1751062
2023-03-28 11:00:00,0.1724713641814498,0.19921988
2023-03-28 12:00:00,0.24370942397552,0.21655446
2023-03-28 13:00:00,0.303544845552661,0.31598312
2023-03-28 14:00:00,0.2603688541537444,0.25828618
2023-03-28 15:00:00,0.3427769507505273,0.30761963
2023-03-28 16:00:00,0.3792540214200058,0.35344648
2023-03-28 17:00:00,0.28559835421577145,0.29777604
2023-03-28 18:00:00,0.24577699210188977,0.21361448
2023-03-28 19:00:00,0.16211284786833727,0.17544718
2023-03-28 20:00:00,0.1062368192531944,0.13145095
2023-03-28 21:00:00,0.07739941281065212,0.08193431
2023-03-28 22:00:00,0.06103978001075136,0.053282287
2023-03-28 23:00:00,0.041645990985402975,0.035410613
2023-03-29 00:00:00,0.0027550345283877107,0.013376998
2023-03-29 01:00:00,0.0009562502584460159,0.0007813908
2023-03-29 02:00:00,0.0,-0.001513496
2023-03-29 03:00:00,0.0005582433941198363,-0.0012796707
2023-03-29 04:00:00,0.017259024934871605,0.010215782
2023-03-29 05:00:00,0.08269755613447463,0.08509
2023-03-29 06:00:00,0.1890119091924079,0.17963277
2023-03-29 07:00:00,0.4637813753463177,0.40179992
2023-03-29 08:00:00,0.2577637183145185,0.23496117
2023-03-29 09:00:00,0.21884174833560768,0.22193934
2023-03-29 10:00:00,0.19518360004962165,0.18126494
2023-03-29 11:00:00,0.21351776041020554,0.22349441
2023-03-29 12:00:00,0.23316999545135014,0.2534727
2023-03-29 13:00:00,0.3510213786544267,0.31135523
2023-03-29 14:00:00,0.2494882768887235,0.28451508
2023-03-29 15:00:00,0.32585390563619077,0.3120123
2023-03-29 16:00:00,0.36069242856552125,0.34646505
2023-03-29 17:00:00,0.30895153620311794,0.30655903
2023-03-29 18:00:00,0.21374002398379027,0.22420533
2023-03-29 19:00:00,0.13720898978621346,0.16629532
2023-03-29 20:00:00,0.10040110821651574,0.11343023
2023-03-29 21:00:00,0.07042653930447008,0.071263865
2023-03-29 22:00:00,0.059008394326593064,0.04625084
2023-03-29 23:00:00,0.03132365711450193,0.03288938
2023-03-30 00:00:00,0.018184261671422074,0.012226969
2023-03-30 01:00:00,0.005809866435099037,0.0011562034
2023-03-30 02:00:00,0.0003566555017987843,-0.0011628121
2023-03-30 03:00:00,0.0003566555017987843,-0.0010019802
2023-03-30 04:00:00,0.015046727039655958,0.01189097
2023-03-30 05:00:00,0.0804439068767316,0.081517145
2023-03-30 06:00:00,0.1853264690071538,0.17566241
2023-03-30 07:00:00,0.4441911673489642,0.4108503
2023-03-30 08:00:00,0.2497467229045197,0.215831
2023-03-30 09:00:00,0.21732725468304182,0.21707307
2023-03-30 10:00:00,0.17765062233800605,0.17491259
2023-03-30 11:00:00,0.19764400612000166,0.19360383
2023-03-30 12:00:00,0.27916304842244555,0.23871481
2023-03-30 13:00:00,0.35534776495885545,0.337408
2023-03-30 14:00:00,0.2895319025761899,0.280738
2023-03-30 15:00:00,0.35120229086548405,0.33902526
2023-03-30 16:00:00,0.36391266592234217,0.36131132
2023-03-30 17:00:00,0.30758694123971386,0.3140875
2023-03-30 18:00:00,0.25561344746309395,0.22999762
2023-03-30 19:00:00,0.16247984121076792,0.1858609
2023-03-30 20:00:00,0.12458648637472605,0.13663512
2023-03-30 21:00:00,0.08796468593640161,0.09558768
2023-03-30 22:00:00,0.06715978166480586,0.07044666
2023-03-30 23:00:00,0.048200181945995124,0.041411508
2023-03-31 00:00:00,0.016623247736012904,0.017886713
2023-03-31 01:00:00,0.00613033949468635,0.0017343387
2023-03-31 02:00:00,6.202704379109292e-05,-0.0012769289
2023-03-31 03:00:00,6.202704379109292e-05,-0.0014689043
2023-03-31 04:00:00,0.012555307447380391,0.009995148
2023-03-31 05:00:00,0.07540937848902123,0.07484353
2023-03-31 06:00:00,0.16435615928544847,0.1640834
2023-03-31 07:00:00,0.4508073853533474,0.35562897
2023-03-31 08:00:00,0.22478083777860483,0.21527545
2023-03-31 09:00:00,0.1922941735930199,0.18986301
2023-03-31 10:00:00,0.18738369929289173,0.16228636
2023-03-31 11:00:00,0.2225943844849688,0.20451486
2023-03-31 12:00:00,0.2966029855683745,0.262657
2023-03-31 13:00:00,0.3592244551957987,0.36593515
2023-03-31 14:00:00,0.2840321713600463,0.28388187
2023-03-31 15:00:00,0.29258673448290123,0.324831
2023-03-31 16:00:00,0.3222666749369392,0.31132376
2023-03-31 17:00:00,0.24363189017078116,0.28605074
2023-03-31 18:00:00,0.23144357606583138,0.22261605
2023-03-31 19:00:00,0.16637203820865898,0.18339752
2023-03-31 20:00:00,0.13501219865194558,0.1390954
2023-03-31 21:00:00,0.09333002522433115,0.10203518
2023-03-31 22:00:00,0.076929041061903,0.081447534
2023-03-31 23:00:00,0.0799580283670347,0.056683265
2023-04-01 00:00:00,0.016395815242112227,0.021645106
2023-04-01 01:00:00,0.005654798825621305,0.0029985756
2023-04-01 02:00:00,0.00017574329074142994,-0.00085740164
2023-04-01 03:00:00,0.00037733118306248196,-0.0018715449
2023-04-01 04:00:00,0.006042467849315635,0.0023047104
2023-04-01 05:00:00,0.026072034073522724,0.019571697
2023-04-01 06:00:00,0.03178885994293512,0.025149943
2023-04-01 07:00:00,0.047755654798825625,0.03411299
2023-04-01 08:00:00,0.08263036017036762,0.06957844
2023-04-01 09:00:00,0.13080469751478313,0.112730116
2023-04-01 10:00:00,0.1813257246826283,0.14502095
2023-04-01 11:00:00,0.23887131455981475,0.1901343
2023-04-01 12:00:00,0.20966174585452593,0.23512515
2023-04-01 13:00:00,0.2349377661993963,0.23525853
2023-04-01 14:00:00,0.25991398916594305,0.2469088
2023-04-01 15:00:00,0.2469451680932887,0.25473785
2023-04-01 16:00:00,0.2606893272133317,0.2530617
2023-04-01 17:00:00,0.24971054046230826,0.24900657
2023-04-01 18:00:00,0.23581131373278752,0.24452968
2023-04-01 19:00:00,0.19599512053922177,0.20825417
2023-04-01 20:00:00,0.16519869329694414,0.1755013
2023-04-01 21:00:00,0.12374395236323038,0.13537914
2023-04-01 22:00:00,0.10346627796385892,0.11198304
2023-04-01 23:00:00,0.09836455361204152,0.089543
2023-04-02 00:00:00,0.057897076458669317,0.048927516
2023-04-02 01:00:00,0.030041764876152673,0.026284404
2023-04-02 02:00:00,0.015181118967869993,0.0121761
2023-04-02 03:00:00,0.014798618864491585,0.0044329986
2023-04-02 04:00:00,0.012911962949179177,0.0072327517
2023-04-02 05:00:00,0.022407269569532318,0.014857208
2023-04-02 06:00:00,0.017491626349088202,0.015682824
2023-04-02 07:00:00,0.020660174502749866,0.01606434
2023-04-02 08:00:00,0.02899764297233594,0.02612362
2023-04-02 09:00:00,0.053193358971178106,0.05278979
2023-04-02 10:00:00,0.06954265393044701,0.07661543
2023-04-02 11:00:00,0.10181222346276311,0.090497956
2023-04-02 12:00:00,0.11930901873216723,0.11357958
2023-04-02 13:00:00,0.14838419550924203,0.13113254
2023-04-02 14:00:00,0.15937848902121327,0.15101422
2023-04-02 15:00:00,0.16191642889633215,0.15898636
2023-04-02 16:00:00,0.16102220568167722,0.1705827
2023-04-02 17:00:00,0.16352913203490058,0.16561294
2023-04-02 18:00:00,0.13750361824422117,0.1545662
2023-04-02 19:00:00,0.11126617872058885,0.12495637
2023-04-02 20:00:00,0.10887296861431585,0.09821502
2023-04-02 21:00:00,0.0883626928007278,0.07623454
2023-04-02 22:00:00,0.06758880205102759,0.061453037
2023-04-02 23:00:00,0.033303353595500976,0.042295694
2023-04-03 00:00:00,0.053208865732125875,0.032236077
2023-04-03 01:00:00,0.029519703924244307,0.028281014
2023-04-03 02:00:00,0.023130918413761737,0.010919765
2023-04-03 03:00:00,0.010885746185336808,0.0048327595
2023-04-03 04:00:00,0.019729768845883473,0.009834036
2023-04-03 05:00:00,0.09100401108216516,0.07222355
2023-04-03 06:00:00,0.16890480916346196,0.2118281
2023-04-03 07:00:00,0.2797678120994087,0.36418545
2023-04-03 08:00:00,0.24533246495472028,0.17553708
2023-04-03 09:00:00,0.2221291816565356,0.21216793
2023-04-03 10:00:00,0.20396559566637723,0.2173207
2023-04-03 11:00:00,0.22345759417772817,0.20206708
2023-04-03 12:00:00,0.2708979448372824,0.2400753
2023-04-03 13:00:00,0.2918372410370922,0.3047291
2023-04-03 14:00:00,0.32691353430095527,0.2997201
2023-04-03 15:00:00,0.32903279163048427,0.345797
2023-04-03 16:00:00,0.37370776992101895,0.3708014
2023-04-03 17:00:00,0.33212380597940705,0.3351819
2023-04-03 18:00:00,0.24693999917297277,0.25274938
2023-04-03 19:00:00,0.17916511599057192,0.19131245
2023-04-03 20:00:00,0.14647686391266593,0.14988844
2023-04-03 21:00:00,0.10600938675929372,0.10698883
2023-04-03 22:00:00,0.08209279245751148,0.079078406
2023-04-03 23:00:00,0.04583798536161767,0.048529476
2023-04-04 00:00:00,0.017848281850886986,0.023022175
2023-04-04 01:00:00,0.004693379646859365,0.0041417778
2023-04-04 02:00:00,0.0001033784063184882,-0.0007128008
2023-04-04 03:00:00,0.0002481081751643717,-0.0012001321
2023-04-04 04:00:00,0.016917876194020593,0.00822942
2023-04-04 05:00:00,0.0783298184675185,0.09039888
2023-04-04 06:00:00,0.1811758259934665,0.165841
2023-04-04 07:00:00,0.27618058140015717,0.37927055
2023-04-04 08:00:00,0.2349791175619237,0.21404536
2023-04-04 09:00:00,0.20344353471446885,0.23580493
2023-04-04 10:00:00,0.1997270810073192,0.1972698
2023-04-04 11:00:00,0.20251312905760246,0.20784372
2023-04-04 12:00:00,0.25292043997849734,0.23068509
2023-04-04 13:00:00,0.286037712442625,0.30331725
2023-04-04 14:00:00,0.28412004300541704,0.27168646
2023-04-04 15:00:00,0.32477877021047846,0.32289302
2023-04-04 16:00:00,0.3690454037960551,0.3619634
2023-04-04 17:00:00,0.31463217963031886,0.32661313
2023-04-04 18:00:00,0.26256047636769636,0.2344483
2023-04-04 19:00:00,0.1787619402059298,0.19356458
2023-04-04 20:00:00,0.13250527229872225,0.14626186
2023-04-04 21:00:00,0.09974465533639335,0.09847214
2023-04-04 22:00:00,0.08728238845469959,0.07121312
2023-04-04 23:00:00,0.0541030889467808,0.04757668
2023-04-05 00:00:00,0.02178699913162139,0.022927549
2023-04-05 01:00:00,0.005644460984989456,0.0045393035
2023-04-05 02:00:00,0.000289459537691767,-0.00041212887
2023-04-05 03:00:00,9.304056568663938e-05,-0.0009011924
2023-04-05 04:00:00,0.014633213414382005,0.010399137
2023-04-05 05:00:00,0.08117272464127694,0.08770019
2023-04-05 06:00:00,0.16609291651159908,0.1689963
2023-04-05 07:00:00,0.2320793532646901,0.30751938
2023-04-05 08:00:00,0.20606934623495846,0.18821627
2023-04-05 09:00:00,0.1954937352685771,0.21446672
2023-04-05 10:00:00,0.18915147004093785,0.19746192
2023-04-05 11:00:00,0.2069635694496134,0.1941544
2023-04-05 12:00:00,0.22916925112682465,0.22438146
2023-04-05 13:00:00,0.28251250878716455,0.27317846
2023-04-05 14:00:00,0.2790338254145474,0.26857018
2023-04-05 15:00:00,0.318860356448745,0.3095135
2023-04-05 16:00:00,0.33971178100318405,0.35118008
2023-04-05 17:00:00,0.34603853946987556,0.31344533
2023-04-05 18:00:00,0.25747942769714266,0.24839863
2023-04-05 19:00:00,0.17773332506306083,0.19604947
2023-04-05 20:00:00,0.12513439192821404,0.14508998
2023-04-05 21:00:00,0.102913203490055,0.09526617
2023-04-05 22:00:00,0.06859157259231692,0.07169199
2023-04-05 23:00:00,0.044809370218748715,0.04416843
2023-04-06 00:00:00,0.020474093371376588,0.019650735
2023-04-06 01:00:00,0.005959765124260845,0.0034412406
2023-04-06 02:00:00,0.00022743249390067404,-0.0006331876
2023-04-06 03:00:00,0.0001447297688458835,-0.00077074766
2023-04-06 04:00:00,0.021523384195509244,0.011317551
2023-04-06 05:00:00,0.07546106769218046,0.09391465
2023-04-06 06:00:00,0.14629078278129265,0.14948636
2023-04-06 07:00:00,0.19777322912789977,0.26167962
2023-04-06 08:00:00,0.16987656618285574,0.1700061
2023-04-06 09:00:00,0.17663234503576894,0.18288133
2023-04-06 10:00:00,0.16695095728404252,0.17853379
2023-04-06 11:00:00,0.16793822106438408,0.17062277
2023-04-06 12:00:00,0.22496174998966217,0.18887194
2023-04-06 13:00:00,0.23558905015920276,0.25864774
2023-04-06 14:00:00,0.25468821072654346,0.24746105
2023-04-06 15:00:00,0.2839804821568871,0.29534185
2023-04-06 16:00:00,0.30332258197907624,0.31661338
2023-04-06 17:00:00,0.26495885539428526,0.29286724
2023-04-06 18:00:00,0.24536864739693176,0.20881966
2023-04-06 19:00:00,0.18946160525989333,0.18080509
2023-04-06 20:00:00,0.13395256998718108,0.15142988
2023-04-06 21:00:00,0.13258280610346113,0.10737967
2023-04-06 22:00:00,0.08550944878633751,0.09119409
2023-04-06 23:00:00,0.06622937600793946,0.061087016
2023-04-07 00:00:00,0.028025885952942153,0.026027028
2023-04-07 01:00:00,0.007691353430095522,0.0061120577
2023-04-07 02:00:00,0.00028429061737584254,3.9823353e-06
2023-04-07 03:00:00,0.0005117231112765166,-0.0010919161
2023-04-07 04:00:00,0.004166149774635075,0.006489765
2023-04-07 05:00:00,0.010777198858702396,0.051014736
2023-04-07 06:00:00,0.021078857048339745,0.027424108
2023-04-07 07:00:00,0.024381797130215443,0.026209755
2023-04-07 08:00:00,0.031054873258073858,0.0451343
2023-04-07 09:00:00,0.05402038622172601,0.06562304
2023-04-07 10:00:00,0.06282822644006121,0.07118982
2023-04-07 11:00:00,0.10150725716412357,0.08048998
2023-04-07 12:00:00,0.09628664764503991,0.11402081
2023-04-07 13:00:00,0.10462928503494191,0.11355389
2023-04-07 14:00:00,0.12183662076665427,0.11774663
2023-04-07 15:00:00,0.10491874457263367,0.12227604
2023-04-07 16:00:00,0.11131786792374809,0.111838385
2023-04-07 17:00:00,0.10126948682959104,0.103972815
2023-04-07 18:00:00,0.10061820286978457,0.08717494
2023-04-07 19:00:00,0.08520448248769798,0.08187108
2023-04-07 20:00:00,0.08202042757308854,0.06971314
2023-04-07 21:00:00,0.0710623165033288,0.055611208
2023-04-07 22:00:00,0.053643055038663526,0.04252497
2023-04-07 23:00:00,0.04022453789852376,0.035871673
2023-04-08 00:00:00,0.050262581152048964,0.01943446
2023-04-08 01:00:00,0.03092048132985982,0.011137232
2023-04-08 02:00:00,0.011893685646942067,0.006538123
2023-04-08 03:00:00,0.006182028697845595,0.0026318356
2023-04-08 04:00:00,0.005230947359715503,0.0027539432
2023-04-08 05:00:00,0.02529152710581814,0.011980705
2023-04-08 06:00:00,0.02926642682876401,0.01911728
2023-04-08 07:00:00,0.041165281396022005,0.02142301
2023-04-08 08:00:00,0.07829880494562297,0.06393482
2023-04-08 09:00:00,0.10826820493735269,0.11376807
2023-04-08 10:00:00,0.16558119340032254,0.13473554
2023-04-08 11:00:00,0.20812140760038045,0.17911634
2023-04-08 12:00:00,0.2017377910102138,0.21363835
2023-04-08 13:00:00,0.19731836414009843,0.21749313
2023-04-08 14:00:00,0.239744862093206,0.2110298
2023-04-08 15:00:00,0.22175185047347312,0.23250376
2023-04-08 16:00:00,0.21324897655377748,0.23244517
2023-04-08 17:00:00,0.2118171856262664,0.23380996
2023-04-08 18:00:00,0.20291113592192864,0.22362761
2023-04-08 19:00:00,0.14280176156804367,0.18643911
2023-04-08 20:00:00,0.11888516726626143,0.1378324
2023-04-08 21:00:00,0.11648678823967251,0.098063104
2023-04-08 22:00:00,0.10427779845345905,0.08393649
2023-04-08 23:00:00,0.08207728569656371,0.07380761
2023-04-09 00:00:00,0.033530786089401646,0.04415642
2023-04-09 01:00:00,0.0157755448042013,0.021305963
2023-04-09 02:00:00,0.006068312450895257,0.0073669963
2023-04-09 03:00:00,0.004424595790431295,0.0009770691
2023-04-09 04:00:00,0.012043584336103875,0.0035086945
2023-04-09 05:00:00,0.014317909275110617,0.011001579
2023-04-09 06:00:00,0.018959599718810737,0.012174189
2023-04-09 07:00:00,0.021559566637720715,0.013167279
2023-04-09 08:00:00,0.023353181987346486,0.023769308
2023-04-09 09:00:00,0.05423231195467891,0.045989156
2023-04-09 10:00:00,0.07422569573667454,0.07506704
2023-04-09 11:00:00,0.09150539635280983,0.09705164
2023-04-09 12:00:00,0.06639478145804904,0.10641168
2023-04-09 13:00:00,0.08174130587602862,0.09375481
2023-04-09 14:00:00,0.08911218624653683,0.09448959
2023-04-09 15:00:00,0.09831286440888228,0.09889494
2023-04-09 16:00:00,0.1060042178389778,0.11395396
2023-04-09 17:00:00,0.11466215936815119,0.11370513
2023-04-09 18:00:00,0.10954492825538602,0.10977961
2023-04-09 19:00:00,0.09640036389199025,0.09794638
2023-04-09 20:00:00,0.08942749038580822,0.083396435
2023-04-09 21:00:00,0.07424637141793823,0.06301956
2023-04-09 22:00:00,0.07676880453210934,0.045750067
2023-04-09 23:00:00,0.040684571806641034,0.038356196
2023-04-10 00:00:00,0.04409089029483522,0.03160016
2023-04-10 01:00:00,0.023048215688706946,0.028032271
2023-04-10 02:00:00,0.018313484679320185,0.01211489
2023-04-10 03:00:00,0.008187569780424266,0.005905997
2023-04-10 04:00:00,0.003468345531985279,0.008517809
2023-04-10 05:00:00,0.01660774097506513,0.047862813
2023-04-10 06:00:00,0.01703159244097093,0.038672253
2023-04-10 07:00:00,0.01760534259603854,0.014210524
2023-04-10 08:00:00,0.02560683124508953,0.015385328
2023-04-10 09:00:00,0.047114708679651,0.04505367
2023-04-10 10:00:00,0.07129491791754539,0.054321676
2023-04-10 11:00:00,0.09538208658975314,0.101887986
2023-04-10 12:00:00,0.10728611007732705,0.116565764
2023-04-10 13:00:00,0.10512550138527066,0.122254774
2023-04-10 14:00:00,0.1291299673324236,0.12478228
2023-04-10 15:00:00,0.1342523673655047,0.13557166
2023-04-10 16:00:00,0.14490551213662492,0.14624947
2023-04-10 17:00:00,0.135053550014473,0.13972826
2023-04-10 18:00:00,0.14248645742877228,0.11529158
2023-04-10 19:00:00,0.12430736467766614,0.10596834
2023-04-10 20:00:00,0.08050076500020677,0.09428069
2023-04-10 21:00:00,0.08933444982012158,0.05586438
2023-04-10 22:00:00,0.04882045238390605,0.050477795
2023-04-10 23:00:00,0.035717239383037676,0.030815288
2023-04-11 00:00:00,0.029338791713186953,0.015030667
2023-04-11 01:00:00,0.015791051565149074,0.007585883
2023-04-11 02:00:00,0.00837881983211347,0.0027536564
2023-04-11 03:00:00,0.007546623661249639,0.001038447
2023-04-11 04:00:00,0.021208080056237855,0.0044423267
2023-04-11 05:00:00,0.07561096638134226,0.07935406
2023-04-11 06:00:00,0.13637162469503372,0.17942488
2023-04-11 07:00:00,0.1979851548608527,0.2628973
2023-04-11 08:00:00,0.16596369350370097,0.14746258
2023-04-11 09:00:00,0.14204193028160278,0.15995377
2023-04-11 10:00:00,0.15387358888475378,0.14838542
2023-04-11 11:00:00,0.15752801554811233,0.16155025
2023-04-11 12:00:00,0.16498676756399125,0.18148287
2023-04-11 13:00:00,0.21126928007277843,0.20332648
2023-04-11 14:00:00,0.228119960302692,0.2128248
2023-04-11 15:00:00,0.24568395153620315,0.24674901
2023-04-11 16:00:00,0.3067909275110615,0.27083826
2023-04-11 17:00:00,0.2756016623247736,0.24724714
2023-04-11 18:00:00,0.2213641814497788,0.19957514
2023-04-11 19:00:00,0.17183041806227517,0.16473906
2023-04-11 20:00:00,0.13875966588099078,0.13129085
2023-04-11 21:00:00,0.09792002646487202,0.09557421
2023-04-11 22:00:00,0.06657052474879048,0.070167765
2023-04-11 23:00:00,0.04497477566885829,0.041237913
2023-04-12 00:00:00,0.024299094405160652,0.01851308
2023-04-12 01:00:00,0.005634123144357607,0.0043832734
2023-04-12 02:00:00,5.16892031592441e-05,-0.00043214485
2023-04-12 03:00:00,0.0003618244221147087,-0.0012629181
2023-04-12 04:00:00,0.01758983583509077,0.006685883
2023-04-12 05:00:00,0.07620022329735765,0.083498955
2023-04-12 06:00:00,0.14787764131828146,0.16703102
2023-04-12 07:00:00,0.22710685192077082,0.24164923
2023-04-12 08:00:00,0.1749731216143572,0.18033329
2023-04-12 09:00:00,0.1735309928462143,0.18627502
2023-04-12 10:00:00,0.14899929702683704,0.17053689
2023-04-12 11:00:00,0.17579497994458917,0.16156372
2023-04-12 12:00:00,0.2015310341975768,0.19425806
2023-04-12 13:00:00,0.2524035479469049,0.23759657
2023-04-12 14:00:00,0.23965182152751935,0.23954064
2023-04-12 15:00:00,0.2882086589753133,0.27013904
2023-04-12 16:00:00,0.3413865111855436,0.31187546
2023-04-12 17:00:00,0.2852003473514452,0.29527485
2023-04-12 18:00:00,0.22761857503204733,0.21905766
2023-04-12 19:00:00,0.16716805193731135,0.17432614
2023-04-12 20:00:00,0.12081317454410123,0.1315704
2023-04-12 21:00:00,0.09905202001405947,0.0895492
2023-04-12 22:00:00,0.08392775916966465,0.068582885
2023-04-12 23:00:00,0.06703055865690775,0.043272495
2023-04-13 00:00:00,0.02348757391556052,0.021479446
2023-04-13 01:00:00,0.0077585493942025395,0.0050737523
2023-04-13 02:00:00,6.719596410701733e-05,0.00023969263
2023-04-13 03:00:00,8.787164537071497e-05,-0.00085361674
2023-04-13 04:00:00,0.011862672125046521,0.008922692
2023-04-13 05:00:00,0.07289211429516604,0.06996234
2023-04-13 06:00:00,0.14393892403754704,0.16302317
2023-04-13 07:00:00,0.21428792953727827,0.2826074
2023-04-13 08:00:00,0.20076086507050409,0.17624535
2023-04-13 09:00:00,0.16883761319935492,0.19623947
2023-04-13 10:00:00,0.18524893520241492,0.1724772
2023-04-13 11:00:00,0.17749555472852832,0.18994738
2023-04-13 12:00:00,0.22459992556754746,0.20603462
2023-04-13 13:00:00,0.2622968614315842,0.26491106
2023-04-13 14:00:00,0.2642093619484762,0.25876138
2023-04-13 15:00:00,0.3032450481743374,0.29531974
2023-04-13 16:00:00,0.33033019062978125,0.33408004
2023-04-13 17:00:00,0.3273167100855974,0.30191296
2023-04-13 18:00:00,0.24685729644791798,0.2394404
2023-04-13 19:00:00,0.17442004714055329,0.18958381
2023-04-13 20:00:00,0.1309907786461564,0.14262748
2023-04-13 21:00:00,0.10152276392507134,0.09966416
2023-04-13 22:00:00,0.07721850059959476,0.07657233
2023-04-13 23:00:00,0.04839143199768433,0.047386937
2023-04-14 00:00:00,0.028537609064218667,0.02035613
2023-04-14 01:00:00,0.007789562916098086,0.0036518648
2023-04-14 02:00:00,0.00029462845800769136,-0.0006832965
2023-04-14 03:00:00,8.270272505479056e-05,-0.0010616332
2023-04-14 04:00:00,0.01384236860604557,0.010418057
2023-04-14 05:00:00,0.06711843030227846,0.079249546
2023-04-14 06:00:00,0.13606665839639417,0.13849056
2023-04-14 07:00:00,0.18142393416863087,0.25034642
2023-04-14 08:00:00,0.13780858454286068,0.16824661
2023-04-14 09:00:00,0.1663100111648679,0.16017114
2023-04-14 10:00:00,0.15194041268659803,0.17132913
2023-04-14 11:00:00,0.19529214737625605,0.17108624
2023-04-14 12:00:00,0.22247549931770252,0.21655793
2023-04-14 13:00:00,0.25505003514865815,0.25809246
2023-04-14 14:00:00,0.24056672042343796,0.25677326
2023-04-14 15:00:00,0.25691601538270686,0.26373392
2023-04-14 16:00:00,0.2827296034404334,0.27179122
2023-04-14 17:00:00,0.26349605094487866,0.26096845
2023-04-14 18:00:00,0.19065562585287188,0.24134935
2023-04-14 19:00:00,0.1709258570069884,0.17683299
2023-04-14 20:00:00,0.12733635198279783,0.13895117
2023-04-14 21:00:00,0.09223421411735518,0.09761877
2023-04-14 22:00:00,0.08302319811437787,0.079302475
2023-04-14 23:00:00,0.07031799197783567,0.05588498
2023-04-15 00:00:00,0.024407641731795066,0.021856083
2023-04-15 01:00:00,0.007531116900301865,0.0039899647
2023-04-15 02:00:00,0.0002636149361121449,-0.00051262975
2023-04-15 03:00:00,0.0009976016209734112,-0.001413539
2023-04-15 04:00:00,0.014271388992267296,0.0028409287
2023-04-15 05:00:00,0.034802340487119054,0.022260867
2023-04-15 06:00:00,0.036869908613488815,0.026372543
2023-04-15 07:00:00,0.04804511433651739,0.032266535
2023-04-15 08:00:00,0.06846751850473473,0.07747561
2023-04-15 09:00:00,0.13398358350907663,0.11093082
2023-04-15 10:00:00,0.1684499441756606,0.15577656
2023-04-15 11:00:00,0.1804986974320804,0.18321188
2023-04-15 12:00:00,0.17541247984121078,0.19293262
2023-04-15 13:00:00,0.21772526154736802,0.19462563
2023-04-15 14:00:00,0.21038539469875533,0.21896347
2023-04-15 15:00:00,0.22677087210023572,0.21859166
2023-04-15 16:00:00,0.20445664309639006,0.22305124
2023-04-15 17:00:00,0.20416201463838235,0.22259367
2023-04-15 18:00:00,0.22185005995947568,0.21468738
2023-04-15 19:00:00,0.1901128892196998,0.19215028
2023-04-15 20:00:00,0.15416821734276145,0.16230679
2023-04-15 21:00:00,0.13559628664764506,0.12439014
2023-04-15 22:00:00,0.09673634371252533,0.11002374
2023-04-15 23:00:00,0.07845904147541662,0.08755808
2023-04-16 00:00:00,0.05392217673572345,0.04293926
2023-04-16 01:00:00,0.041604639622875576,0.025177043
2023-04-16 02:00:00,0.01691270727370467,0.014419109
2023-04-16 03:00:00,0.014054294338998472,0.0056825653
2023-04-16 04:00:00,0.00896807674812885,0.007598821
2023-04-16 05:00:00,0.01827213331679279,0.013312092
2023-04-16 06:00:00,0.017507133110035978,0.014285095
2023-04-16 07:00:00,0.020210478435264443,0.013606697
2023-04-16 08:00:00,0.04000744324525493,0.020743374
2023-04-16 09:00:00,0.06116383409833354,0.062919974
2023-04-16 10:00:00,0.08576789480213373,0.0846071
2023-04-16 11:00:00,0.13826344953066205,0.1079841
2023-04-16 12:00:00,0.1352241243848985,0.14447066
2023-04-16 13:00:00,0.11453293636025308,0.15417673
2023-04-16 14:00:00,0.1270313856841583,0.13943273
2023-04-16 15:00:00,0.12200202621676386,0.13775606
2023-04-16 16:00:00,0.19203572757722367,0.14442527
2023-04-16 17:00:00,0.15524335276847373,0.16941658
2023-04-16 18:00:00,0.12254993177025184,0.15820113
2023-04-16 19:00:00,0.10027188520861763,0.1217186
2023-04-16 20:00:00,0.09251333581441509,0.091806844
2023-04-16 21:00:00,0.07065914071868669,0.06553693
2023-04-16 22:00:00,0.05762829260224125,0.044525873
2023-04-16 23:00:00,0.03523136087334078,0.03176125
2023-04-17 00:00:00,0.06474589587726916,0.028294073
2023-04-17 01:00:00,0.03952156473555804,0.030760337
2023-04-17 02:00:00,0.024960716205598976,0.013969056
2023-04-17 03:00:00,0.011573212587354754,0.0067683123
2023-04-17 04:00:00,0.021476863912665924,0.009596162
2023-04-17 05:00:00,0.10239631145846256,0.08259735
2023-04-17 06:00:00,0.22605239217632223,0.22646642
2023-04-17 07:00:00,0.49222594384484974,0.4808029
2023-04-17 08:00:00,0.24522908654840178,0.23221405
2023-04-17 09:00:00,0.2158386056320556,0.22215392
2023-04-17 10:00:00,0.1541578795021296,0.17847912
2023-04-17 11:00:00,0.18681511805814002,0.18345864
2023-04-17 12:00:00,0.221281478724724,0.22047651
2023-04-17 13:00:00,0.3659957408096597,0.32544225
2023-04-17 14:00:00,0.2738183848157797,0.27854657
2023-04-17 15:00:00,0.33789748997229463,0.33107966
2023-04-17 16:00:00,0.36051151635446393,0.35928702
2023-04-17 17:00:00,0.3205919447545797,0.28581613
2023-04-17 18:00:00,0.21148120580573132,0.21344988
2023-04-17 19:00:00,0.15109787867510235,0.16259249
2023-04-17 20:00:00,0.1194485795806972,0.12566257
2023-04-17 21:00:00,0.08928792953727827,0.084145606
2023-04-17 22:00:00,0.06232167224910061,0.059170924
2023-04-17 23:00:00,0.04291754538312038,0.036851168
2023-04-18 00:00:00,0.019569532316089818,0.016474418
2023-04-18 01:00:00,0.004228176818426167,0.0023115426
2023-04-18 02:00:00,0.00033081090021916225,-0.0011411458
2023-04-18 03:00:00,0.0002532770954802961,-0.0014362931
2023-04-18 04:00:00,0.017259024934871605,0.007943861
2023-04-18 05:00:00,0.0941260389529835,0.085628286
2023-04-18 06:00:00,0.21638134226522765,0.20740522
2023-04-18 07:00:00,0.47992908241326554,0.46385312
2023-04-18 08:00:00,0.28660629367737667,0.26000154
2023-04-18 09:00:00,0.20952218500599595,0.27404088
2023-04-18 10:00:00,0.1670078154075177,0.18658362
2023-04-18 11:00:00,0.19434106603812598,0.19653164
2023-04-18 12:00:00,0.2251374932804036,0.23316158
2023-04-18 13:00:00,0.3204472149857338,0.32279038
2023-04-18 14:00:00,0.28561902989703514,0.26726854
2023-04-18 15:00:00,0.34664847206715466,0.33049053
2023-04-18 16:00:00,0.38819108464623914,0.3690909
2023-04-18 17:00:00,0.3276681966670802,0.30916888
2023-04-18 18:00:00,0.2298825621304222,0.22804946
2023-04-18 19:00:00,0.15152173014100817,0.17416121
2023-04-18 20:00:00,0.10435533225819792,0.12433023
2023-04-18 21:00:00,0.08052660960178638,0.076661065
2023-04-18 22:00:00,0.059742381011454335,0.051767267
2023-04-18 23:00:00,0.035143489227970066,0.035056382
2023-04-19 00:00:00,0.017445106066244883,0.013711233
2023-04-19 01:00:00,0.004419426870115371,0.0017925054
2023-04-19 02:00:00,0.0001550676094777323,-0.0011286438
2023-04-19 03:00:00,0.00019641897200512758,-0.0010391399
2023-04-19 04:00:00,0.019786626969358644,0.011536647
2023-04-19 05:00:00,0.08439813091841376,0.09299454
2023-04-19 06:00:00,0.20297833188603567,0.1816859
2023-04-19 07:00:00,0.5207687218293843,0.43641204
2023-04-19 08:00:00,0.2640336186577348,0.26719868
2023-04-19 09:00:00,0.24263428854980773,0.23844878
2023-04-19 10:00:00,0.18686680726129928,0.19045007
2023-04-19 11:00:00,0.2176839101848406,0.20855257
2023-04-19 12:00:00,0.24010151759500478,0.25449154
2023-04-19 13:00:00,0.38904395649836665,0.3392625
2023-04-19 14:00:00,0.2846524417979573,0.2889316
2023-04-19 15:00:00,0.32869164288963326,0.34132224
2023-04-19 16:00:00,0.38251561013935415,0.36146683
2023-04-19 17:00:00,0.3209692759376422,0.3217308
2023-04-19 18:00:00,0.25319956167555724,0.23388918
2023-04-19 19:00:00,0.15660794773187778,0.18830648
2023-04-19 20:00:00,0.1222863168341397,0.13225438
2023-04-19 21:00:00,0.10209651408013895,0.08845772
2023-04-19 22:00:00,0.06308667245585743,0.068504676
2023-04-19 23:00:00,0.0593340363064963,0.04096402
2023-04-20 00:00:00,0.015496423107141381,0.020192795
2023-04-20 01:00:00,0.004972501343919283,0.0030910298
2023-04-20 02:00:00,0.00011888516726626143,-0.0007123761
2023-04-20 03:00:00,0.0,-0.0011702031
2023-04-20 04:00:00,0.01424037547037175,0.011512432
2023-04-20 05:00:00,0.0799580283670347,0.08636933
2023-04-20 06:00:00,0.18429785386428485,0.15786755
2023-04-20 07:00:00,0.4188117685977753,0.39975667
2023-04-20 08:00:00,0.25831679278832237,0.22436662
2023-04-20 09:00:00,0.19446512012570816,0.2286519
2023-04-20 10:00:00,0.12909378489021214,0.16914785
2023-04-20 11:00:00,0.1693183227887359,0.16793384
2023-04-20 12:00:00,0.24321320762519127,0.20521998
2023-04-20 13:00:00,0.3247942769714262,0.31268567
2023-04-20 14:00:00,0.2895370714965058,0.26292986
2023-04-20 15:00:00,0.3167307612785841,0.32958943
2023-04-20 16:00:00,0.37830810900219164,0.33791012
2023-04-20 17:00:00,0.3252594797998594,0.30967653
2023-04-20 18:00:00,0.2564714882355374,0.24213938
2023-04-20 19:00:00,0.14512260678989375,0.19201869
2023-04-20 20:00:00,0.12489662159368152,0.13408466
2023-04-20 21:00:00,0.09990489186618699,0.092463374
2023-04-20 22:00:00,0.06863809287516025,0.07211292
2023-04-20 23:00:00,0.049725013439192826,0.04387344
2023-04-21 00:00:00,0.03060517719058843,0.020268787
2023-04-21 01:00:00,0.005468717694248026,0.004619755
2023-04-21 02:00:00,4.135136252739528e-05,-0.0007520169
2023-04-21 03:00:00,0.00018608113137327876,-0.0011090785
2023-04-21 04:00:00,0.0037836496712566683,0.012483735
2023-04-21 05:00:00,0.01836517388247943,0.0723456
2023-04-21 06:00:00,0.05204068974072696,0.03548853
2023-04-21 07:00:00,0.1497074391101187,0.065829046
2023-04-21 08:00:00,0.08873485506347435,0.14342342
2023-04-21 09:00:00,0.060838192118430306,0.11874622
2023-04-21 10:00:00,0.0692842079146508,0.10209121
2023-04-21 11:00:00,0.10135218955464584,0.10425281
2023-04-21 12:00:00,0.1484617293139809,0.117007576
2023-04-21 13:00:00,0.21780279535210686,0.16391215
2023-04-21 14:00:00,0.1778728859115908,0.1847219
2023-04-21 15:00:00,0.20913968490261756,0.18831973
2023-04-21 16:00:00,0.22180353967663236,0.1942993
2023-04-21 17:00:00,0.20075052722987224,0.18548535
2023-04-21 18:00:00,0.20555762312368195,0.17144506
2023-04-21 19:00:00,0.1716701815324815,0.1539814
2023-04-21 20:00:00,0.14466257288177647,0.13731542
2023-04-21 21:00:00,0.10840776578588265,0.10820663
2023-04-21 22:00:00,0.07137762064260018,0.08914291
2023-04-21 23:00:00,0.06774386966050532,0.055843875
2023-04-22 00:00:00,0.024469668775586158,0.02661577
2023-04-22 01:00:00,0.004615845842120498,0.005708672
2023-04-22 02:00:00,1.033784063184882e-05,0.0002057068
2023-04-22 03:00:00,0.003008311623868007,-0.0012580752
2023-04-22 04:00:00,0.012059091097051649,0.0017673708
2023-04-22 05:00:00,0.03172683289914403,0.019568667
2023-04-22 06:00:00,0.03939751064797586,0.026380364
2023-04-22 07:00:00,0.060972584046644344,0.03425069
2023-04-22 08:00:00,0.08563867179423562,0.09179474
2023-04-22 09:00:00,0.15429744035065956,0.13081175
2023-04-22 10:00:00,0.1783639333416036,0.17462392
2023-04-22 11:00:00,0.1901749162634909,0.19402814
2023-04-22 12:00:00,0.20034735144523014,0.20617065
2023-04-22 13:00:00,0.25093557457718235,0.21926354
2023-04-22 14:00:00,0.29271078857048344,0.24810196
2023-04-22 15:00:00,0.23831307116569492,0.26592612
2023-04-22 16:00:00,0.2749193648430716,0.24118458
2023-04-22 17:00:00,0.2527446966877559,0.24776238
2023-04-22 18:00:00,0.24748273580614483,0.25967884
2023-04-22 19:00:00,0.2049787040482984,0.22976853
2023-04-22 20:00:00,0.21666046396228758,0.18140335
2023-04-22 21:00:00,0.1229634453955258,0.15028454
2023-04-22 22:00:00,0.11861638340983337,0.124390565
2023-04-22 23:00:00,0.09183103833271307,0.09945463
2023-04-23 00:00:00,0.047192242484389864,0.050847903
2023-04-23 01:00:00,0.016302774676425588,0.026554007
2023-04-23 02:00:00,0.01278790886159699,0.011739887
2023-04-23 03:00:00,0.012627672331803334,0.0043751113
2023-04-23 04:00:00,0.00564962990530538,0.005974181
2023-04-23 05:00:00,0.029974568912045654,0.012768235
2023-04-23 06:00:00,0.023461729313980897,0.016069422
2023-04-23 07:00:00,0.02404064838936443,0.018176123
2023-04-23 08:00:00,0.04136686928834305,0.029975781
2023-04-23 09:00:00,0.07637596658809909,0.068357185
2023-04-23 10:00:00,0.10954492825538602,0.098292515
2023-04-23 11:00:00,0.11250671959641072,0.13099529
2023-04-23 12:00:00,0.14309122110573544,0.13438757
2023-04-23 13:00:00,0.15234875739155607,0.14858852
2023-04-23 14:00:00,0.17759893313484681,0.16101919
2023-04-23 15:00:00,0.1737842699416946,0.1750215
2023-04-23 16:00:00,0.16800024810817518,0.1869574
2023-04-23 17:00:00,0.22042343795228053,0.17831846
2023-04-23 18:00:00,0.15768308315759005,0.18996444
2023-04-23 19:00:00,0.1309701029648927,0.14778067
2023-04-23 20:00:00,0.09680353967663236,0.11519163
2023-04-23 21:00:00,0.07459785799942109,0.07636088
2023-04-23 22:00:00,0.05106893272133317,0.050784454
2023-04-23 23:00:00,0.03156659636935037,0.037032723
2023-04-24 00:00:00,0.0663017408923624,0.031012453
2023-04-24 01:00:00,0.04399268080883265,0.033502802
2023-04-24 02:00:00,0.01690236943307282,0.014806045
2023-04-24 03:00:00,0.014824463466071209,0.005628716
2023-04-24 04:00:00,0.016147707066947858,0.012702271
2023-04-24 05:00:00,0.0843412727949386,0.07704398
2023-04-24 06:00:00,0.19837282388454702,0.18663631
2023-04-24 07:00:00,0.43141876524831496,0.4069808
2023-04-24 08:00:00,0.26534652441797957,0.22625858
2023-04-24 09:00:00,0.21993239052226773,0.22526407
2023-04-24 10:00:00,0.1643044700822892,0.18243587
2023-04-24 11:00:00,0.18346048877310508,0.19300373
2023-04-24 12:00:00,0.21289232105197867,0.22632228
2023-04-24 13:00:00,0.3459713435057685,0.3156591
2023-04-24 14:00:00,0.2619608816110491,0.2772445
2023-04-24 15:00:00,0.3277715750733987,0.32419878
2023-04-24 16:00:00,0.3505510069056776,0.3547445
2023-04-24 17:00:00,0.2928606872596452,0.2948047
2023-04-24 18:00:00,0.1993187363023612,0.21682094
2023-04-24 19:00:00,0.14227453169581938,0.16143829
2023-04-24 20:00:00,0.10599904891866188,0.120172046
2023-04-24 21:00:00,0.07504238514659059,0.075169116
2023-04-24 22:00:00,0.054521771492370676,0.046814255
2023-04-24 23:00:00,0.029545548525823927,0.032114457
2023-04-25 00:00:00,0.01756916015382707,0.012616117
2023-04-25 01:00:00,0.004481453913906463,0.0010592565
2023-04-25 02:00:00,8.787164537071497e-05,-0.0012968481
2023-04-25 03:00:00,0.0005737501550676095,-0.0013240278
2023-04-25 04:00:00,0.0170884505644461,0.009323098
2023-04-25 05:00:00,0.09169147748418312,0.081013076
2023-04-25 06:00:00,0.20981681346400366,0.21347442
2023-04-25 07:00:00,0.5063681098292189,0.4606622
2023-04-25 08:00:00,0.20970826613736923,0.23004337
2023-04-25 09:00:00,0.19891039159740315,0.19554777
2023-04-25 10:00:00,0.16729727494520946,0.16364756
2023-04-25 11:00:00,0.1759655543150147,0.19323346
2023-04-25 12:00:00,0.19342099822189143,0.22332716
2023-04-25 13:00:00,0.3020665343423066,0.3104418
2023-04-25 14:00:00,0.25972790803456974,0.25231534
2023-04-25 15:00:00,0.3261485340941984,0.31822503
2023-04-25 16:00:00,0.38706942893768354,0.34962666
2023-04-25 17:00:00,0.33312140760038045,0.29629016
2023-04-25 18:00:00,0.23452942149443826,0.22302605
2023-04-25 19:00:00,0.14989352024149197,0.17360762
2023-04-25 20:00:00,0.12852003473514453,0.123751126
2023-04-25 21:00:00,0.10043729065872721,0.08567963
2023-04-25 22:00:00,0.06950130256791962,0.06494062
2023-04-25 23:00:00,0.05080531778522103,0.040890705
2023-04-26 00:00:00,0.014845139147334907,0.018577568
2023-04-26 01:00:00,0.0029928048629202335,0.0029244795
2023-04-26 02:00:00,3.618244221147087e-05,-0.0007971488
2023-04-26 03:00:00,0.00043935822685357487,-0.0010490902
2023-04-26 04:00:00,0.019879667535045283,0.010982964
2023-04-26 05:00:00,0.0851683000454865,0.0921973
2023-04-26 06:00:00,0.1810310962246206,0.17852744
2023-04-26 07:00:00,0.4745792498862838,0.36883515
2023-04-26 08:00:00,0.24987594591241782,0.26292813
2023-04-26 09:00:00,0.20343836579415292,0.22117954
2023-04-26 10:00:00,0.17527291899268083,0.17262776
2023-04-26 11:00:00,0.19763366827936982,0.19538493
2023-04-26 12:00:00,0.22783050076500022,0.23569366
2023-04-26 13:00:00,0.31071930695116406,0.3196814
2023-04-26 14:00:00,0.2641111524624737,0.25980228
2023-04-26 15:00:00,0.3172424843898607,0.3153301
2023-04-26 16:00:00,0.2818715626679899,0.34188688
2023-04-26 17:00:00,0.25092006781623455,0.26166236
2023-04-26 18:00:00,0.18249390067402724,0.19019271
2023-04-26 19:00:00,0.14542240416821736,0.14211874
2023-04-26 20:00:00,0.11237749658851261,0.11427777
2023-04-26 21:00:00,0.08278025885952943,0.07916865
2023-04-26 22:00:00,0.055307447380391186,0.056119613
2023-04-26 23:00:00,0.030822271843857257,0.03459388
2023-04-27 00:00:00,0.01620973411073895,0.012543995
2023-04-27 01:00:00,0.003292602241243849,0.0012344941
2023-04-27 02:00:00,0.0001550676094777323,-0.0012782887
2023-04-27 03:00:00,0.0003876690236943308,-0.0011418685
2023-04-27 04:00:00,0.013247942769714263,0.0066707768
2023-04-27 05:00:00,0.0716567423396601,0.0711167
2023-04-27 06:00:00,0.1853884960509449,0.1561512
2023-04-27 07:00:00,0.44928772278046564,0.40635973
2023-04-27 08:00:00,0.25201587892321053,0.2260861
2023-04-27 09:00:00,0.21523901087540837,0.22013904
2023-04-27 10:00:00,0.1554656163420585,0.1729008
2023-04-27 11:00:00,0.17727329115494356,0.18115672
2023-04-27 12:00:00,0.19740623578546915,0.21798313
2023-04-27 13:00:00,0.35399350783608324,0.29812866
2023-04-27 14:00:00,0.2950833229954927,0.27637836
2023-04-27 15:00:00,0.30441839308605223,0.345796
2023-04-27 16:00:00,0.3380215440598768,0.3284678
2023-04-27 17:00:00,0.34413637679361536,0.29276758
2023-04-27 18:00:00,0.2353409419840384,0.24301569
2023-04-27 19:00:00,0.1618233883306455,0.18295608
2023-04-27 20:00:00,0.12519641897200515,0.13565734
2023-04-27 21:00:00,0.11752057230285738,0.09331258
2023-04-27 22:00:00,0.07876917669437208,0.0784629
2023-04-27 23:00:00,0.06023342844146715,0.04853918
2023-04-28 00:00:00,0.01675763966422694,0.022497471
2023-04-28 01:00:00,0.005220609519083654,0.0031243786
2023-04-28 02:00:00,0.0,-0.000898622
2023-04-28 03:00:00,7.236488442294174e-05,-0.0012220517
2023-04-28 04:00:00,0.012420915519166357,0.011897258
2023-04-28 05:00:00,0.07732187900591325,0.077987686
2023-04-28 06:00:00,0.15622544762849938,0.15532556
2023-04-28 07:00:00,0.3976140263821693,0.31219745
2023-04-28 08:00:00,0.22608340569821778,0.21381094
2023-04-28 09:00:00,0.192971302154406,0.19829114
2023-04-28 10:00:00,0.17094653268825208,0.16271858
2023-04-28 11:00:00,0.21330583467725264,0.1939948
2023-04-28 12:00:00,0.2629326386304429,0.2533356
2023-04-28 13:00:00,0.3723018235950875,0.36518836
2023-04-28 14:00:00,0.26893892403754704,0.29723465
2023-04-28 15:00:00,0.277219534383658,0.29336247
2023-04-28 16:00:00,0.2747229458710665,0.28608727
2023-04-28 17:00:00,0.24522391762808587,0.2486766
2023-04-28 18:00:00,0.21036988793780756,0.21886258
2023-04-28 19:00:00,0.18802464541206634,0.17910299
2023-04-28 20:00:00,0.14078071372451723,0.16222133
2023-04-28 21:00:00,0.12186246536823389,0.11594532
2023-04-28 22:00:00,0.09184654509366084,0.09608627
2023-04-28 23:00:00,0.08263036017036762,0.07460291
2023-04-29 00:00:00,0.021239093578133403,0.026658861
2023-04-29 01:00:00,0.007722366951991069,0.004382074
2023-04-29 02:00:00,0.0002067568126369764,-0.00040069968
2023-04-29 03:00:00,0.004145474093371377,-0.0016182885
2023-04-29 04:00:00,0.01616321382789563,0.0025761724
2023-04-29 05:00:00,0.046840755902907004,0.022689752
2023-04-29 06:00:00,0.04742484389860646,0.03190757
2023-04-29 07:00:00,0.05480606210974652,0.04288903
2023-04-29 08:00:00,0.08448600256378448,0.083907425
2023-04-29 09:00:00,0.14383554563122855,0.13702454
2023-04-29 10:00:00,0.15278811561840963,0.17588714
2023-04-29 11:00:00,0.21063350287391971,0.17428957
2023-04-29 12:00:00,0.19406711326138198,0.20998162
2023-04-29 13:00:00,0.20769755613447466,0.2192565
2023-04-29 14:00:00,0.23438469172559237,0.22292186
2023-04-29 15:00:00,0.23322168465450938,0.22673105
2023-04-29 16:00:00,0.2036451226067899,0.23092435
2023-04-29 17:00:00,0.23720175329777118,0.2148264
2023-04-29 18:00:00,0.2066534342306579,0.2237566
2023-04-29 19:00:00,0.15513480544183933,0.19204952
2023-04-29 20:00:00,0.175055824339412,0.14422037
2023-04-29 21:00:00,0.1018949261878179,0.1159621
2023-04-29 22:00:00,0.09219286275482778,0.096366554
2023-04-29 23:00:00,0.06452880122400034,0.07546215
2023-04-30 00:00:00,0.050076500020675686,0.039852597
2023-04-30 01:00:00,0.03324649547202581,0.020637821
2023-04-30 02:00:00,0.02599450026878386,0.00927493
2023-04-30 03:00:00,0.011257908448083366,0.004468307
2023-04-30 04:00:00,0.005179258156556259,0.0071426816
2023-04-30 05:00:00,0.01879936318901708,0.011680283
2023-04-30 06:00:00,0.02401480378778481,0.013034573
2023-04-30 07:00:00,0.02063949882148617,0.015498672
2023-04-30 08:00:00,0.03179919778356697,0.027405303
2023-04-30 09:00:00,0.061324070628127204,0.05635936
2023-04-30 10:00:00,0.06862775503452839,0.08328935
2023-04-30 11:00:00,0.09068353802257785,0.0916375
2023-04-30 12:00:00,0.09688107348137122,0.105081335
2023-04-30 13:00:00,0.12276702642352066,0.11335771
2023-04-30 14:00:00,0.1262663854774015,0.12974304
2023-04-30 15:00:00,0.12459165529504199,0.13310212
2023-04-30 16:00:00,0.12409543894471324,0.13755539
2023-04-30 17:00:00,0.14389757267501965,0.13318314
2023-04-30 18:00:00,0.1541372038208659,0.13285047
2023-04-30 19:00:00,0.12936773766695614,0.12794907
2023-04-30 20:00:00,0.08446532688252079,0.11131126
2023-04-30 21:00:00,0.08942749038580822,0.07159777
2023-04-30 22:00:00,0.0859281313319274,0.056274038
2023-04-30 23:00:00,0.06248707769921019,0.050335575
2023-05-01 00:00:00,0.05832092792457512,0.04135616
2023-05-01 01:00:00,0.03334470495802837,0.03625349
2023-05-01 02:00:00,0.01585824752925609,0.016527
2023-05-01 03:00:00,0.010601455567960966,0.006861154
2023-05-01 04:00:00,0.0014628044494066081,0.010130394
2023-05-01 05:00:00,0.019218045734606958,0.04392723
2023-05-01 06:00:00,0.01681966670801803,0.034793194
2023-05-01 07:00:00,0.015527436629036929,0.017403487
2023-05-01 08:00:00,0.033799569945829715,0.018972035
2023-05-01 09:00:00,0.04710437083901915,0.072688445
2023-05-01 10:00:00,0.07406029028656495,0.058469594
2023-05-01 11:00:00,0.0804025555142042,0.09943982
2023-05-01 12:00:00,0.09220836951577555,0.09578667
2023-05-01 13:00:00,0.09116941653227474,0.10499718
2023-05-01 14:00:00,0.09458607286110078,0.1106473
2023-05-01 15:00:00,0.09059566637720713,0.1034429
2023-05-01 16:00:00,0.09841624281520077,0.09714495
2023-05-01 17:00:00,0.10086631104494893,0.09414008
2023-05-01 18:00:00,0.11716908572137452,0.09009888
2023-05-01 19:00:00,0.07786461563908531,0.08926031
2023-05-01 20:00:00,0.07398275648182608,0.0625446
2023-05-01 21:00:00,0.05497663648017203,0.039686136
2023-05-01 22:00:00,0.03631683413968491,0.029419784
2023-05-01 23:00:00,0.028620311789273458,0.021295391
2023-05-02 00:00:00,0.04451474176074102,0.011421453
2023-05-02 01:00:00,0.02553963528098251,0.009348065
2023-05-02 02:00:00,0.009536657982880536,0.0061847344
2023-05-02 03:00:00,0.005561758259934665,0.0023999475
2023-05-02 04:00:00,0.008781995616755573,0.004320897
2023-05-02 05:00:00,0.06626555845015093,0.05740952
2023-05-02 06:00:00,0.15894946863499154,0.16162407
2023-05-02 07:00:00,0.3876328412521193,0.33446532
2023-05-02 08:00:00,0.21966360666583964,0.19062419
2023-05-02 09:00:00,0.18294359674151264,0.18887126
2023-05-02 10:00:00,0.1824680560724476,0.15281379
2023-05-02 11:00:00,0.19786626969358642,0.19454144
2023-05-02 12:00:00,0.25000516892031593,0.23063135
2023-05-02 13:00:00,0.3274252574122318,0.320561
2023-05-02 14:00:00,0.24971054046230826,0.2659274
2023-05-02 15:00:00,0.3125646115039491,0.30411708
2023-05-02 16:00:00,0.3184158293015755,0.34262133
2023-05-02 17:00:00,0.31468903775379403,0.27571675
2023-05-02 18:00:00,0.2216639788281024,0.21700464
2023-05-02 19:00:00,0.15511412976057562,0.17075567
2023-05-02 20:00:00,0.13876483480130672,0.12762265
2023-05-02 21:00:00,0.11160732746143986,0.09383287
2023-05-02 22:00:00,0.08248046148120582,0.075290054
2023-05-02 23:00:00,0.043889302402514166,0.04530378
2023-05-03 00:00:00,0.015382706860191045,0.018551722
2023-05-03 01:00:00,0.004977670264235207,0.0029540397
2023-05-03 02:00:00,0.00032047305958731343,-0.0007155314
2023-05-03 03:00:00,0.00013956084852995908,-0.0008639544
2023-05-03 04:00:00,0.017202166811396438,0.009429
2023-05-03 05:00:00,0.0720185667617748,0.089402616
2023-05-03 06:00:00,0.18380680643427202,0.14754273
2023-05-03 07:00:00,0.3976140263821693,0.37161624
2023-05-03 08:00:00,0.22975850804284004,0.24909216
2023-05-03 09:00:00,0.20286978455940124,0.22222592
2023-05-03 10:00:00,0.19159120043005418,0.1747
2023-05-03 11:00:00,0.2224858371583344,0.20122766
2023-05-03 12:00:00,0.2448672621262871,0.2464277
2023-05-03 13:00:00,0.3631838481577968,0.31394702
2023-05-03 14:00:00,0.2619195302485217,0.2817465
2023-05-03 15:00:00,0.28784683455319854,0.31248218
2023-05-03 16:00:00,0.3371273208452219,0.31047255
2023-05-03 17:00:00,0.33012860273746025,0.27421921
2023-05-03 18:00:00,0.2167483356076583,0.2345045
2023-05-03 19:00:00,0.15649423148492744,0.17388177
2023-05-03 20:00:00,0.14190753835338876,0.12708117
2023-05-03 21:00:00,0.11183475995534053,0.09438433
2023-05-03 22:00:00,0.08351941446470662,0.07697808
2023-05-03 23:00:00,0.049254641690443704,0.043328248
2023-05-04 00:00:00,0.020706694785593185,0.018082071
2023-05-04 01:00:00,0.006838481577967994,0.0035109147
2023-05-04 02:00:00,0.000491047430012819,-0.00041561574
2023-05-04 03:00:00,9.820948600256379e-05,-0.0010693967
2023-05-04 04:00:00,0.014514328247115743,0.011126839
2023-05-04 05:00:00,0.08358144150849771,0.07933674
2023-05-04 06:00:00,0.21646921391059837,0.18636018
2023-05-04 07:00:00,0.4833043873795642,0.4705956
2023-05-04 08:00:00,0.2593815903734028,0.25948346
2023-05-04 09:00:00,0.2409957408096597,0.24403687
2023-05-04 10:00:00,0.18264379936318903,0.190552
2023-05-04 11:00:00,0.20284393995782163,0.20627095
2023-05-04 12:00:00,0.2521140884092131,0.24426077
2023-05-04 13:00:00,0.3603357730637225,0.33318645
2023-05-04 14:00:00,0.2780103791919944,0.27908832
2023-05-04 15:00:00,0.32227701277757104,0.34820735
2023-05-04 16:00:00,0.38817557788529133,0.3590905
2023-05-04 17:00:00,0.32773539263118723,0.3429075
2023-05-04 18:00:00,0.23679340859281314,0.24513869
2023-05-04 19:00:00,0.17005230947359717,0.18213856
2023-05-04 20:00:00,0.12719679113426788,0.1341342
2023-05-04 21:00:00,0.10870239424389035,0.09410579
2023-05-04 22:00:00,0.07813856841582931,0.07789612
2023-05-04 23:00:00,0.05481639995037837,0.0400541
2023-05-05 00:00:00,0.02225737088037051,0.018143523
2023-05-05 01:00:00,0.004905305379812265,0.0027020946
2023-05-05 02:00:00,0.0003514865814828599,-0.00091539323
2023-05-05 03:00:00,0.00024293925484844726,-0.0015424266
2023-05-05 04:00:00,0.01888206591407187,0.011635713
2023-05-05 05:00:00,0.0711295124674358,0.0858334
2023-05-05 06:00:00,0.18381714427490387,0.16721174
2023-05-05 07:00:00,0.43444258363313076,0.4025265
2023-05-05 08:00:00,0.24066492990944052,0.21575366
2023-05-05 09:00:00,0.23660215854112396,0.20474203
2023-05-05 10:00:00,0.1974424182276806,0.18342574
2023-05-05 11:00:00,0.271404499028243,0.22098689
2023-05-05 12:00:00,0.32336248604391515,0.2917347
2023-05-05 13:00:00,0.4116062936773767,0.40918988
2023-05-05 14:00:00,0.32812306165488153,0.32729185
2023-05-05 15:00:00,0.3258073853533474,0.34684926
2023-05-05 16:00:00,0.3279421494438242,0.34070146
2023-05-05 17:00:00,0.30891535376090645,0.2906411
2023-05-05 18:00:00,0.24562192449241205,0.25545448
2023-05-05 19:00:00,0.22185522887979162,0.2114908
2023-05-05 20:00:00,0.17825021709465327,0.191164
2023-05-05 21:00:00,0.1497746350742257,0.1411594
2023-05-05 22:00:00,0.11589236240334119,0.119351536
2023-05-05 23:00:00,0.07462370260100071,0.09542255
2023-05-06 00:00:00,0.031215109787867512,0.025136529
2023-05-06 01:00:00,0.009009428110656246,0.00449929
2023-05-06 02:00:00,0.0001033784063184882,-0.0002645105
2023-05-06 03:00:00,0.0,-0.0014704317
2023-05-06 04:00:00,0.008807840218335194,0.0033847392
2023-05-06 05:00:00,0.036208286813050494,0.023027549
2023-05-06 06:00:00,0.035603523136087334,0.02934315
2023-05-06 07:00:00,0.07330045900012407,0.043129012
2023-05-06 08:00:00,0.10817516437166605,0.10959198
2023-05-06 09:00:00,0.18534197576810157,0.16508156
2023-05-06 10:00:00,0.21892445106066247,0.21575779
2023-05-06 11:00:00,0.3063515692842079,0.23094091
2023-05-06 12:00:00,0.25229500062027044,0.30472773
2023-05-06 13:00:00,0.2808532853657528,0.2835241
2023-05-06 14:00:00,0.2797523053384609,0.2910959
2023-05-06 15:00:00,0.31052288797915895,0.2859008
2023-05-06 16:00:00,0.33669313153868424,0.30483037
2023-05-06 17:00:00,0.28958359177934917,0.3070373
2023-05-06 18:00:00,0.3079952859446719,0.29537946
2023-05-06 19:00:00,0.240427159574908,0.27760845
2023-05-06 20:00:00,0.2005747839391308,0.2221783
2023-05-06 21:00:00,0.1759035272712236,0.16941977
2023-05-06 22:00:00,0.1380205102758136,0.14365464
2023-05-06 23:00:00,0.1106614150436257,0.11982465
2023-05-07 00:00:00,0.053203696811809954,0.051848583
2023-05-07 01:00:00,0.03551565149071662,0.025399417
2023-05-07 02:00:00,0.02481081751643717,0.013865704
2023-05-07 03:00:00,0.019812471570938264,0.0058917254
2023-05-07 04:00:00,0.018122234627630983,0.008201715
2023-05-07 05:00:00,0.02787081834346442,0.016899612
2023-05-07 06:00:00,0.03622379357399826,0.018715806
2023-05-07 07:00:00,0.03442500930405657,0.023514256
2023-05-07 08:00:00,0.07228735061820288,0.041204624
2023-05-07 09:00:00,0.10516168382748213,0.102488205
2023-05-07 10:00:00,0.11970702559649342,0.12229067
2023-05-07 11:00:00,0.13316172517884464,0.14264701
2023-05-07 12:00:00,0.16544680147210852,0.14606895
2023-05-07 13:00:00,0.19272836289955755,0.1723709
2023-05-07 14:00:00,0.19830045900012408,0.19474795
2023-05-07 15:00:00,0.20007339866848614,0.19940841
2023-05-07 16:00:00,0.19163255179258157,0.21135123
2023-05-07 17:00:00,0.18904292271430345,0.20001505
2023-05-07 18:00:00,0.1775369060910557,0.18774545
2023-05-07 19:00:00,0.13050490013645952,0.15573055
2023-05-07 20:00:00,0.14405780920481331,0.1205453
2023-05-07 21:00:00,0.09792519538518794,0.104870215
2023-05-07 22:00:00,0.06165488152834636,0.08127897
2023-05-07 23:00:00,0.034244097092999214,0.0545234
2023-05-08 00:00:00,0.08534921225654386,0.035522625
2023-05-08 01:00:00,0.04397200512756896,0.038691483
2023-05-08 02:00:00,0.03312244138444362,0.016818276
2023-05-08 03:00:00,0.012984327833602118,0.0070557445
2023-05-08 04:00:00,0.016762808584542863,0.012640931
2023-05-08 05:00:00,0.09617293139808958,0.0827691
2023-05-08 06:00:00,0.19571082992184594,0.21520542
2023-05-08 07:00:00,0.3977587561510152,0.40855408
2023-05-08 08:00:00,0.20642083281644133,0.2283196
2023-05-08 09:00:00,0.193038498118513,0.19152601
2023-05-08 10:00:00,0.15916656328826037,0.16747022
2023-05-08 11:00:00,0.1745441012281355,0.17799415
2023-05-08 12:00:00,0.23281850886986727,0.21202387
2023-05-08 13:00:00,0.35882644833147254,0.31750953
2023-05-08 14:00:00,0.27291382376049295,0.268852
2023-05-08 15:00:00,0.3021440681470455,0.3198529
2023-05-08 16:00:00,0.34116424761195885,0.33394825
2023-05-08 17:00:00,0.2719317289004673,0.2741858
2023-05-08 18:00:00,0.21007525947979988,0.19837189
2023-05-08 19:00:00,0.1501519662572882,0.15555221
2023-05-08 20:00:00,0.1035489806889137,0.124223165
2023-05-08 21:00:00,0.07876400777405616,0.07757747
2023-05-08 22:00:00,0.060662448827688877,0.05074539
2023-05-08 23:00:00,0.04026072034073523,0.032993212
2023-05-09 00:00:00,0.02067568126369764,0.01381685
2023-05-09 01:00:00,0.004036926766736964,0.0019310191
2023-05-09 02:00:00,0.0,-0.0013497137
2023-05-09 03:00:00,0.0003514865814828599,-0.0014362186
2023-05-09 04:00:00,0.013940578092048133,0.007213589
2023-05-09 05:00:00,0.08792850349419014,0.07987471
2023-05-09 06:00:00,0.2193793160484638,0.20631482
2023-05-09 07:00:00,0.44816606707191003,0.47723013
2023-05-09 08:00:00,0.2799228797088864,0.22437641
2023-05-09 09:00:00,0.2116052598933135,0.25785545
2023-05-09 10:00:00,0.17246619526113388,0.18693171
2023-05-09 11:00:00,0.18539883389157674,0.20097314
2023-05-09 12:00:00,0.26584790968862426,0.22886772
2023-05-09 13:00:00,0.34726357358474963,0.33444
2023-05-09 14:00:00,0.2745627093412728,0.27417517
2023-05-09 15:00:00,0.32026630277467644,0.32214528
2023-05-09 16:00:00,0.34273559938799986,0.3495521
2023-05-09 17:00:00,0.30931852954554856,0.2875225
2023-05-09 18:00:00,0.2215347558202043,0.22003026
2023-05-09 19:00:00,0.17671504776082372,0.1722438
2023-05-09 20:00:00,0.11248604391514701,0.13325211
2023-05-09 21:00:00,0.06810052516230411,0.0865177
2023-05-09 22:00:00,0.06152565852044825,0.04986566
2023-05-09 23:00:00,0.04528491088781376,0.03158326
2023-05-10 00:00:00,0.022216019517843116,0.012718501
2023-05-10 01:00:00,0.0032977711615597735,0.0019826367
2023-05-10 02:00:00,0.0002636149361121449,-0.001160834
2023-05-10 03:00:00,4.135136252739528e-05,-0.0011114515
2023-05-10 04:00:00,0.010348178472480669,0.009394418
2023-05-10 05:00:00,0.07986498780134806,0.079743996
2023-05-10 06:00:00,0.19800583054211637,0.18254231
2023-05-10 07:00:00,0.48659698962080805,0.42025858
2023-05-10 08:00:00,0.2971302154405988,0.2540431
2023-05-10 09:00:00,0.23335607658272342,0.2705279
2023-05-10 10:00:00,0.18859839556713395,0.19693358
2023-05-10 11:00:00,0.21765289666294507,0.21392529
2023-05-10 12:00:00,0.25873030641359634,0.25452268
2023-05-10 13:00:00,0.39247095066782456,0.33526278
2023-05-10 14:00:00,0.24171422073357318,0.2952451
2023-05-10 15:00:00,0.3027023115411653,0.31531304
2023-05-10 16:00:00,0.3576944547822851,0.32291162
2023-05-10 17:00:00,0.32936877145101934,0.28150287
2023-05-10 18:00:00,0.2657910515651491,0.2336224
2023-05-10 19:00:00,0.17000578919075385,0.1959527
2023-05-10 20:00:00,0.13697121945168095,0.14206645
2023-05-10 21:00:00,0.11779452507960138,0.09874791
2023-05-10 22:00:00,0.07839184551130961,0.079657614
2023-05-10 23:00:00,0.05769548856634826,0.0464306
2023-05-11 00:00:00,0.01853057933258901,0.022913681
2023-05-11 01:00:00,0.0025276020344870364,0.004382517
2023-05-11 02:00:00,0.00018608113137327876,-0.00051438063
2023-05-11 03:00:00,0.0005685812347516851,-0.0013080239
2023-05-11 04:00:00,0.015837571847992393,0.011085972
2023-05-11 05:00:00,0.0905646528553116,0.08495347
2023-05-11 06:00:00,0.19193751809122112,0.1837448
2023-05-11 07:00:00,0.454529007980813,0.3947432
2023-05-11 08:00:00,0.25964520530951496,0.24690829
2023-05-11 09:00:00,0.22730327089277594,0.23638241
2023-05-11 10:00:00,0.1704399784972915,0.18521446
2023-05-11 11:00:00,0.20218748707769924,0.20960368
2023-05-11 12:00:00,0.275234668982343,0.24312203
2023-05-11 13:00:00,0.316947855931853,0.34212035
2023-05-11 14:00:00,0.2506306082785428,0.27740017
2023-05-11 15:00:00,0.34069904478352564,0.32174802
2023-05-11 16:00:00,0.36244986147293556,0.36152142
2023-05-11 17:00:00,0.3457077285696564,0.3227147
2023-05-11 18:00:00,0.24529111359219288,0.24964568
2023-05-11 19:00:00,0.15940433362279288,0.1975456
2023-05-11 20:00:00,0.13106831245089526,0.13916071
2023-05-11 21:00:00,0.10543563660422611,0.096436486
2023-05-11 22:00:00,0.07297481702022082,0.07852378
2023-05-11 23:00:00,0.05019021626762602,0.042961985
2023-05-12 00:00:00,0.026930074845966177,0.017730229
2023-05-12 01:00:00,0.005205102758135881,0.003035497
2023-05-12 02:00:00,7.236488442294174e-05,-0.00066550076
2023-05-12 03:00:00,0.00016023652979365671,-0.0010094754
2023-05-12 04:00:00,0.01596162593557458,0.011290543
2023-05-12 05:00:00,0.0829870156721664,0.08333751
2023-05-12 06:00:00,0.18453045527850145,0.18371773
2023-05-12 07:00:00,0.41521420005789195,0.39283544
2023-05-12 08:00:00,0.23112310300624408,0.22085361
2023-05-12 09:00:00,0.19104846379688212,0.20635466
2023-05-12 10:00:00,0.16437166604639625,0.16629516
2023-05-12 11:00:00,0.20110718273167102,0.19339429
2023-05-12 12:00:00,0.30014369598478274,0.24924235
2023-05-12 13:00:00,0.35035975685398835,0.37954652
2023-05-12 14:00:00,0.2818612248273581,0.29297468
2023-05-12 15:00:00,0.27833602117189765,0.29426736
2023-05-12 16:00:00,0.25391804159947073,0.2904147
2023-05-12 17:00:00,0.24820638465037426,0.24173236
2023-05-12 18:00:00,0.21507360542529877,0.215259
2023-05-12 19:00:00,0.17104474217425467,0.17911561
2023-05-12 20:00:00,0.13967973369722533,0.14962783
2023-05-12 21:00:00,0.09506678245048175,0.110516876
2023-05-12 22:00:00,0.09129863954017285,0.08709666
2023-05-12 23:00:00,0.055607244758714806,0.060878795
2023-05-13 00:00:00,0.018887234834387794,0.018772481
2023-05-13 01:00:00,0.00662138692469917,0.0018257387
2023-05-13 02:00:00,0.00019125005168920317,-0.0010207184
2023-05-13 03:00:00,0.0007650002067568127,-0.0017329007
2023-05-13 04:00:00,0.008559732043170823,0.0015794374
2023-05-13 05:00:00,0.030196832485630404,0.016788315
2023-05-13 06:00:00,0.03553632717198032,0.025442364
2023-05-13 07:00:00,0.06561944341066038,0.03265319
2023-05-13 08:00:00,0.12949696067485425,0.09685949
2023-05-13 09:00:00,0.16831038332713064,0.16430217
2023-05-13 10:00:00,0.21534238928172686,0.18577187
2023-05-13 11:00:00,0.2364832733738577,0.22191875
2023-05-13 12:00:00,0.23873692263160073,0.2495677
2023-05-13 13:00:00,0.2628706115866518,0.2688415
2023-05-13 14:00:00,0.285629367737667,0.2754569
2023-05-13 15:00:00,0.2573450357689286,0.2737078
2023-05-13 16:00:00,0.28223338709010465,0.26561707
2023-05-13 17:00:00,0.27235041144605715,0.26912785
2023-05-13 18:00:00,0.2975333912252409,0.27194536
2023-05-13 19:00:00,0.2223617830707522,0.2587759
2023-05-13 20:00:00,0.22269259397097135,0.20973565
2023-05-13 21:00:00,0.17231629657197206,0.16504984
2023-05-13 22:00:00,0.11368523342844147,0.14206746
2023-05-13 23:00:00,0.11480688913699708,0.115144
2023-05-14 00:00:00,0.0433879171318695,0.056531355
2023-05-14 01:00:00,0.022893148079229212,0.027293118
2023-05-14 02:00:00,0.01998304594136377,0.012912979
2023-05-14 03:00:00,0.00481743373444155,0.0056501366
2023-05-14 04:00:00,0.005959765124260845,0.006958913
2023-05-14 05:00:00,0.020866931315386843,0.01293836
2023-05-14 06:00:00,0.027312574949344585,0.01432848
2023-05-14 07:00:00,0.03005210271678452,0.017775813
2023-05-14 08:00:00,0.0400849770499938,0.031261057
2023-05-14 09:00:00,0.07675846669147748,0.0661382
2023-05-14 10:00:00,0.10183289914402681,0.094467476
2023-05-14 11:00:00,0.12257577637183147,0.12406377
2023-05-14 12:00:00,0.14209878840507795,0.13593873
2023-05-14 13:00:00,0.15116507463920936,0.15251507
2023-05-14 14:00:00,0.16041744200471406,0.16128215
2023-05-14 15:00:00,0.13337881983211347,0.16586325
2023-05-14 16:00:00,0.16317247653310177,0.15992731
2023-05-14 17:00:00,0.15360997394864162,0.16741666
2023-05-14 18:00:00,0.15064301368730101,0.15495217
2023-05-14 19:00:00,0.13866662531530416,0.13426961
2023-05-14 20:00:00,0.12931604846379688,0.11877309
2023-05-14 21:00:00,0.0952063432990117,0.09903192
2023-05-14 22:00:00,0.06420832816441302,0.07891372
2023-05-14 23:00:00,0.03192842079146508,0.052534398
2023-05-15 00:00:00,0.08155522474465535,0.034611635
2023-05-15 01:00:00,0.062430219575735024,0.040143315
2023-05-15 02:00:00,0.027617541247984122,0.022011213
2023-05-15 03:00:00,0.014633213414382005,0.010313705
2023-05-15 04:00:00,0.00998635405036596,0.012119178
2023-05-15 05:00:00,0.04523839060497044,0.063784696
2023-05-15 06:00:00,0.13633027333250633,0.09178489
2023-05-15 07:00:00,0.3234038374064426,0.298128
2023-05-15 08:00:00,0.2140863416449572,0.20081395
2023-05-15 09:00:00,0.17227494520944467,0.18942057
2023-05-15 10:00:00,0.1339112186246537,0.15718405
2023-05-15 11:00:00,0.16047946904850516,0.15720795
2023-05-15 12:00:00,0.21864016044328663,0.18825138
2023-05-15 13:00:00,0.27484183103833276,0.2830925
2023-05-15 14:00:00,0.24817020220816277,0.23535763
2023-05-15 15:00:00,0.2655015920274573,0.28462395
2023-05-15 16:00:00,0.3036533928792954,0.2924363
2023-05-15 17:00:00,0.2534683455319853,0.24460989
2023-05-15 18:00:00,0.18813836165901668,0.18869524
2023-05-15 19:00:00,0.15257618988545674,0.14312772
2023-05-15 20:00:00,0.13172993425133359,0.12091075
2023-05-15 21:00:00,0.08025782574535832,0.09061452
2023-05-15 22:00:00,0.06387234834387794,0.059293248
2023-05-15 23:00:00,0.03928896332134144,0.03686201
2023-05-16 00:00:00,0.01661807881569698,0.015956972
2023-05-16 01:00:00,0.0035975685398833895,0.002075147
2023-05-16 02:00:00,0.00023260141421659844,-0.0012423359
2023-05-16 03:00:00,0.0002997973783236158,-0.0013950318
2023-05-16 04:00:00,0.01278790886159699,0.0053699054
2023-05-16 05:00:00,0.06435822685357483,0.07957576
2023-05-16 06:00:00,0.1649144026795683,0.14955303
2023-05-16 07:00:00,0.41322416573626103,0.33984965
2023-05-16 08:00:00,0.24566327585493944,0.22782764
2023-05-16 09:00:00,0.17525224331141712,0.19876812
2023-05-16 10:00:00,0.1402224703303974,0.15450957
2023-05-16 11:00:00,0.16652710581813673,0.16833785
2023-05-16 12:00:00,0.21134681387751728,0.20292002
2023-05-16 13:00:00,0.28860666583963945,0.29767078
2023-05-16 14:00:00,0.24020489600132328,0.2423833
2023-05-16 15:00:00,0.29159947070255965,0.29406506
2023-05-16 16:00:00,0.3144512674192615,0.30736226
2023-05-16 17:00:00,0.28185605590704216,0.24440284
2023-05-16 18:00:00,0.2307457718231816,0.1983283
2023-05-16 19:00:00,0.16257805069677048,0.16707468
2023-05-16 20:00:00,0.12787391969565398,0.12960626
2023-05-16 21:00:00,0.1005613447463094,0.08994274
2023-05-16 22:00:00,0.07313505355001448,0.067952976
2023-05-16 23:00:00,0.04694930322954142,0.041809708
2023-05-17 00:00:00,0.018602944217011953,0.01713286
2023-05-17 01:00:00,0.0029669602613406113,0.0032826401
2023-05-17 02:00:00,5.16892031592441e-05,-0.0010201931
2023-05-17 03:00:00,0.00019641897200512758,-0.0015758201
2023-05-17 04:00:00,0.01604432866062937,0.0069474354
2023-05-17 05:00:00,0.09146404499028243,0.08541258
2023-05-17 06:00:00,0.20069366910639708,0.20011821
2023-05-17 07:00:00,0.43240602902865655,0.43241328
2023-05-17 08:00:00,0.31080200967621885,0.24195696
2023-05-17 09:00:00,0.2347310093867593,0.2875815
2023-05-17 10:00:00,0.19563329611710709,0.20609887
2023-05-17 11:00:00,0.24894554025555143,0.22346948
2023-05-17 12:00:00,0.29370839019145684,0.2720678
2023-05-17 13:00:00,0.36647128147872476,0.35596782
2023-05-17 14:00:00,0.2988824794276972,0.30132222
2023-05-17 15:00:00,0.33387606996650543,0.35715753
2023-05-17 16:00:00,0.38573067857585913,0.37902355
2023-05-17 17:00:00,0.3197907621056114,0.34194756
2023-05-17 18:00:00,0.2924730182359509,0.24251492
2023-05-17 19:00:00,0.20255448042012986,0.217386
2023-05-17 20:00:00,0.1851352189554646,0.17114511
2023-05-17 21:00:00,0.11810982921887277,0.13490927
2023-05-17 22:00:00,0.10612827192655999,0.09862328
2023-05-17 23:00:00,0.08093495430674441,0.07386924
2023-05-18 00:00:00,0.020820411032543524,0.035938263
2023-05-18 01:00:00,0.004398751188851673,0.009148754
2023-05-18 02:00:00,0.00019641897200512758,0.00045007095
2023-05-18 03:00:00,0.0014162841665632884,-0.0009123683
2023-05-18 04:00:00,0.0094229417359302,0.009653188
2023-05-18 05:00:00,0.03955774717776951,0.07166684
2023-05-18 06:00:00,0.038839267253856016,0.055195913
2023-05-18 07:00:00,0.03529855683744779,0.039634105
2023-05-18 08:00:00,0.06801782243724931,0.065425396
2023-05-18 09:00:00,0.10438634578009347,0.11389619
2023-05-18 10:00:00,0.145856593474755,0.13147423
2023-05-18 11:00:00,0.15719720464789316,0.15714471
2023-05-18 12:00:00,0.17175805317785223,0.16881114
2023-05-18 13:00:00,0.18195633296117109,0.17465366
2023-05-18 14:00:00,0.205144109498408,0.19026265
2023-05-18 15:00:00,0.20937228631683416,0.20231909
2023-05-18 16:00:00,0.228393913079436,0.22470783
2023-05-18 17:00:00,0.2293449944175661,0.22439708
2023-05-18 18:00:00,0.1764100814621842,0.18697603
2023-05-18 19:00:00,0.1835897117810032,0.14252967
2023-05-18 20:00:00,0.14910267543315553,0.14167817
2023-05-18 21:00:00,0.12305648596121244,0.11188729
2023-05-18 22:00:00,0.10431398089567052,0.09334173
2023-05-18 23:00:00,0.06407393623619899,0.074585155
2023-05-19 00:00:00,0.05657383285779267,0.03094155
2023-05-19 01:00:00,0.02639250713311004,0.013528606
2023-05-19 02:00:00,0.010043212173841128,0.0057721473
2023-05-19 03:00:00,0.004522805276433859,0.0019563362
2023-05-19 04:00:00,0.0,0.007529065
2023-05-19 05:00:00,0.0,0.035391383
2023-05-19 06:00:00,0.0,0.02670963
2023-05-19 07:00:00,0.0,0.02599213
2023-05-19 08:00:00,0.0,0.016894959
2023-05-19 09:00:00,0.0,0.00808103
2023-05-19 10:00:00,0.0,0.0023077466
2023-05-19 11:00:00,0.0,-0.001885809
2023-05-19 12:00:00,0.0,-0.001971066
2023-05-19 13:00:00,0.0,-0.0021809377
2023-05-19 14:00:00,0.0,-0.0019480959
2023-05-19 15:00:00,0.0,-0.0020408854
2023-05-19 16:00:00,0.0,-0.0020492673
2023-05-19 17:00:00,0.0,-0.0016622096
2023-05-19 18:00:00,0.0,-0.0020038933
2023-05-19 19:00:00,0.0,-0.00184609
2023-05-19 20:00:00,0.0,-0.002205681
2023-05-19 21:00:00,0.0,-0.0021848008
2023-05-19 22:00:00,0.0,-0.00199873
2023-05-19 23:00:00,0.0,-0.001976557
2023-05-20 00:00:00,0.054082413265517104,-0.001967281
2023-05-20 01:00:00,0.012617334491171485,-0.0008454956
2023-05-20 02:00:00,0.0003463176611669355,-0.00030203164
2023-05-20 03:00:00,0.0005427366331720631,-0.001757022
2023-05-20 04:00:00,0.009722739114253816,-0.002149213
2023-05-20 05:00:00,0.022231526278790888,-0.0013292879
2023-05-20 06:00:00,0.024722945871066455,0.0025104098
2023-05-20 07:00:00,0.04435967415126329,0.0021168888
2023-05-20 08:00:00,0.08505458379853617,0.051823203
2023-05-20 09:00:00,0.11336476036885416,0.112176746
2023-05-20 10:00:00,0.18552288797915892,0.1324451
2023-05-20 11:00:00,0.21587478807426708,0.18251513
2023-05-20 12:00:00,0.23101455567960966,0.21660626
2023-05-20 13:00:00,0.24417462680395322,0.24614286
2023-05-20 14:00:00,0.260529090683538,0.2543946
2023-05-20 15:00:00,0.24976739858578342,0.2524463
2023-05-20 16:00:00,0.2606273001695406,0.2520259
2023-05-20 17:00:00,0.25620787329942524,0.25001156
2023-05-20 18:00:00,0.23656080717859657,0.25093088
2023-05-20 19:00:00,0.17978021750816692,0.2157644
2023-05-20 20:00:00,0.15319129140305174,0.16342406
2023-05-20 21:00:00,0.11818736302361164,0.12337727
2023-05-20 22:00:00,0.09016147707066949,0.103190124
2023-05-20 23:00:00,0.07381735103171651,0.08357614
2023-05-21 00:00:00,0.0008011826489682835,0.042104732
2023-05-21 01:00:00,0.0,0.013957763
2023-05-21 02:00:00,0.0,0.0027655028
2023-05-21 03:00:00,0.0002584460157962205,-0.00045232102
2023-05-21 04:00:00,0.005840879956994584,0.0022025667
2023-05-21 05:00:00,0.01196605053136501,0.009703077
2023-05-21 06:00:00,0.01736757226150602,0.010973394
2023-05-21 07:00:00,0.025213993301079273,0.012439869
2023-05-21 08:00:00,0.041563288260348184,0.022462483
2023-05-21 09:00:00,0.08577306372244967,0.06423092
2023-05-21 10:00:00,0.12609064218666005,0.10290082
2023-05-21 11:00:00,0.1398658148285986,0.14624621
2023-05-21 12:00:00,0.13143013687300997,0.15029861
2023-05-21 13:00:00,0.1391886862672125,0.14786854
2023-05-21 14:00:00,0.13036533928792954,0.15242529
2023-05-21 15:00:00,0.14313257246826283,0.14681792
2023-05-21 16:00:00,0.16698713972625398,0.15968513
2023-05-21 17:00:00,0.1634154157879502,0.17139888
2023-05-21 18:00:00,0.13192635322333873,0.16106668
2023-05-21 19:00:00,0.09436897820783195,0.1297013
2023-05-21 20:00:00,0.09262705206136543,0.0928582
2023-05-21 21:00:00,0.0758073853533474,0.06299692
2023-05-21 22:00:00,0.044897241864119426,0.04594543
2023-05-21 23:00:00,0.01987449861472936,0.029665625
2023-05-22 00:00:00,0.05185977752966961,0.022427171
2023-05-22 01:00:00,0.029674771533722038,0.02383934
2023-05-22 02:00:00,0.012958483232022497,0.009470575
2023-05-22 03:00:00,0.01253980068643262,0.0037570298
2023-05-22 04:00:00,0.01671111938138362,0.0098419525
2023-05-22 05:00:00,0.08023198114377869,0.079193175
2023-05-22 06:00:00,0.2057178596534756,0.18273829
2023-05-22 07:00:00,0.44718397221188444,0.41339153
2023-05-22 08:00:00,0.2439213497084729,0.21231706
2023-05-22 09:00:00,0.18616383409833356,0.1976424
2023-05-22 10:00:00,0.16094467187693837,0.16411608
2023-05-22 11:00:00,0.2178751602365298,0.18494838
2023-05-22 12:00:00,0.23568725964520532,0.23455895
2023-05-22 13:00:00,0.3230730265062234,0.33049136
2023-05-22 14:00:00,0.24712608030434605,0.26767585
2023-05-22 15:00:00,0.32255096555431506,0.31607354
2023-05-22 16:00:00,0.345190836538064,0.34854263
2023-05-22 17:00:00,0.2874798412107679,0.27631396
2023-05-22 18:00:00,0.2146704296406567,0.20178936
2023-05-22 19:00:00,0.1478879791589133,0.15802437
2023-05-22 20:00:00,0.12708307488731754,0.12327849
2023-05-22 21:00:00,0.09757370880370508,0.087669715
2023-05-22 22:00:00,0.06906711326138197,0.06538538
2023-05-22 23:00:00,0.04691312078732995,0.040024213
2023-05-23 00:00:00,0.012333043873795642,0.01840489
2023-05-23 01:00:00,0.002770541289335484,0.00224182
2023-05-23 02:00:00,4.652028284331969e-05,-0.0011539385
2023-05-23 03:00:00,0.00033081090021916225,-0.0015266091
2023-05-23 04:00:00,0.013227267088450565,0.007110197
2023-05-23 05:00:00,0.07586424347682257,0.07839899
2023-05-23 06:00:00,0.191467146342472,0.16998726
2023-05-23 07:00:00,0.44592792457511476,0.4084285
2023-05-23 08:00:00,0.2655842947525121,0.2670594
2023-05-23 09:00:00,0.11554604474217427,0.24386008
2023-05-23 10:00:00,0.0753421825249142,0.14135885
2023-05-23 11:00:00,0.08652772608857462,0.12452098
2023-05-23 12:00:00,0.2051492784187239,0.13337836
2023-05-23 13:00:00,0.3017460612827193,0.26562548
2023-05-23 14:00:00,0.2692645660174503,0.24156438
2023-05-23 15:00:00,0.33686370590910975,0.30915385
2023-05-23 16:00:00,0.38584439482280947,0.33367014
2023-05-23 17:00:00,0.2992132903279163,0.27433318
2023-05-23 18:00:00,0.20434809576975563,0.20224927
2023-05-23 19:00:00,0.13157486664185586,0.14705163
2023-05-23 20:00:00,0.11323553736095605,0.105946444
2023-05-23 21:00:00,0.0966433031468387,0.07434514
2023-05-23 22:00:00,0.08179816399950379,0.057286043
2023-05-23 23:00:00,0.04925981061075963,0.039868824
2023-05-24 00:00:00,0.01620973411073895,0.016296344
2023-05-24 01:00:00,0.005189595997188108,0.002585847
2023-05-24 02:00:00,0.0002997973783236158,-0.0008056648
2023-05-24 03:00:00,2.584460157962205e-05,-0.0010159612
2023-05-24 04:00:00,0.011020138113550843,0.010238215
2023-05-24 05:00:00,0.07055059339205227,0.077399485
2023-05-24 06:00:00,0.20220816275896292,0.15512891
2023-05-24 07:00:00,0.40919240788984,0.42369884
2023-05-24 08:00:00,0.24206053839474012,0.23558716
2023-05-24 09:00:00,0.21483066617045032,0.23936163
2023-05-24 10:00:00,0.16005044866228343,0.17646928
2023-05-24 11:00:00,0.19818674275317374,0.18360883
2023-05-24 12:00:00,0.2593143944092958,0.22870459
2023-05-24 13:00:00,0.3243187363023612,0.32540536
2023-05-24 14:00:00,0.27258301286027375,0.26250803
2023-05-24 15:00:00,0.3028263656287475,0.31219018
2023-05-24 16:00:00,0.2727794318322789,0.33024174
2023-05-24 17:00:00,0.30300727783980486,0.25214463
2023-05-24 18:00:00,0.22878675102344623,0.21138312
2023-05-24 19:00:00,0.17961481205805732,0.1773993
2023-05-24 20:00:00,0.16890997808377786,0.14511219
2023-05-24 21:00:00,0.10507381218211141,0.11818324
2023-05-24 22:00:00,0.08163792746971013,0.085720904
2023-05-24 23:00:00,0.06056423934168631,0.046696458
2023-05-25 00:00:00,0.020308687921267006,0.02220307
2023-05-25 01:00:00,0.005809866435099037,0.0041984916
2023-05-25 02:00:00,0.0002067568126369764,-0.00035759434
2023-05-25 03:00:00,0.00011371624695033702,-0.000901673
2023-05-25 04:00:00,0.0092110160029773,0.007684622
2023-05-25 05:00:00,0.032042137038415415,0.07100557
2023-05-25 06:00:00,0.07393106727866684,0.055247117
2023-05-25 07:00:00,0.1651883554563123,0.102452986
2023-05-25 08:00:00,0.14169044370011993,0.15222222
2023-05-25 09:00:00,0.11842513335814416,0.14665
2023-05-25 10:00:00,0.09648306661704503,0.12811734
2023-05-25 11:00:00,0.09239961956746476,0.11906042
2023-05-25 12:00:00,0.1181149981391887,0.12372358
2023-05-25 13:00:00,0.13617003680271267,0.134903
2023-05-25 14:00:00,0.14981081751643718,0.14100981
2023-05-25 15:00:00,0.15196625728817767,0.15741324
2023-05-25 16:00:00,0.1455412893354836,0.17403252
2023-05-25 17:00:00,0.15396146053012447,0.14310667
2023-05-25 18:00:00,0.11886966050531365,0.12851322
2023-05-25 19:00:00,0.07503204730595874,0.09790615
2023-05-25 20:00:00,0.05467683910184841,0.05847933
2023-05-25 21:00:00,0.036290989538105285,0.032571573
2023-05-25 22:00:00,0.02578257453583096,0.025254447
2023-05-25 23:00:00,0.017832775089939214,0.018037552
2023-05-26 00:00:00,0.025213993301079273,0.006546691
2023-05-26 01:00:00,0.006766116693545053,0.0018700138
2023-05-26 02:00:00,0.00045486498780134807,0.0004374981
2023-05-26 03:00:00,0.00011888516726626143,6.3471496e-05
2023-05-26 04:00:00,0.017688045321093332,0.0026089326
2023-05-26 05:00:00,0.07951867014018113,0.053346165
2023-05-26 06:00:00,0.17121531654468017,0.1809359
2023-05-26 07:00:00,0.37392486457428775,0.39921272
2023-05-26 08:00:00,0.23564590828267792,0.176192
2023-05-26 09:00:00,0.2173427614439896,0.19178204
2023-05-26 10:00:00,0.19841417524707441,0.18112078
2023-05-26 11:00:00,0.2496536823388331,0.21990637
2023-05-26 12:00:00,0.29780217508166895,0.27967
2023-05-26 13:00:00,0.3708648637472605,0.37271887
2023-05-26 14:00:00,0.3143633957738908,0.31515265
2023-05-26 15:00:00,0.30841396849026176,0.32718605
2023-05-26 16:00:00,0.2783411900922136,0.33985025
2023-05-26 17:00:00,0.23127300169540588,0.28748357
2023-05-26 18:00:00,0.16779866021585413,0.22318892
2023-05-26 19:00:00,0.12495864863747261,0.16064164
2023-05-26 20:00:00,0.1673748087499483,0.1169305
2023-05-26 21:00:00,0.11802195757350206,0.1062969
2023-05-26 22:00:00,0.1110645908282678,0.09518881
2023-05-26 23:00:00,0.0909058015961626,0.073117554
2023-05-27 00:00:00,0.010167266261423315,0.028398927
2023-05-27 01:00:00,0.003127196791134268,0.004197728
2023-05-27 02:00:00,0.0,-0.00066533685
2023-05-27 03:00:00,0.00024293925484844726,-0.0016607493
2023-05-27 04:00:00,0.004274697101269487,0.0018260777
2023-05-27 05:00:00,0.021270107100028947,0.018087965
2023-05-27 06:00:00,0.03621862465368234,0.022472376
2023-05-27 07:00:00,0.05036079063805153,0.031545006
2023-05-27 08:00:00,0.0830076913534301,0.08346769
2023-05-27 09:00:00,0.11941239713848573,0.13411762
2023-05-27 10:00:00,0.14658024231898442,0.15328416
2023-05-27 11:00:00,0.1673696398296324,0.16415961
2023-05-27 12:00:00,0.17704068974072698,0.18591271
2023-05-27 13:00:00,0.1957418434437415,0.19358744
2023-05-27 14:00:00,0.19440309308191706,0.20641339
2023-05-27 15:00:00,0.21487201753297772,0.1980378
2023-05-27 16:00:00,0.19406711326138198,0.20848635
2023-05-27 17:00:00,0.19230451143365176,0.19917257
2023-05-27 18:00:00,0.17847248066823804,0.19019014
2023-05-27 19:00:00,0.17584666914774844,0.16176069
2023-05-27 20:00:00,0.1705226812223463,0.13813202
2023-05-27 21:00:00,0.09377972129181657,0.11890253
2023-05-27 22:00:00,0.08259417772815615,0.09757401
2023-05-27 23:00:00,0.07702208162758964,0.06957497
2023-05-28 00:00:00,0.0746443782822644,0.038806014
2023-05-28 01:00:00,0.03586713807219948,0.025360674
2023-05-28 02:00:00,0.010859901583757185,0.013276946
2023-05-28 03:00:00,0.005784021833519415,0.0042058863
2023-05-28 04:00:00,0.012829260224124386,0.00499529
2023-05-28 05:00:00,0.03154075176777075,0.012039479
2023-05-28 06:00:00,0.02619608816110491,0.016815484
2023-05-28 07:00:00,0.032434974982425674,0.018786684
2023-05-28 08:00:00,0.05163234503576893,0.036799677
2023-05-28 09:00:00,0.0810796840755903,0.07911658
2023-05-28 10:00:00,0.11385580779886698,0.10324294
2023-05-28 11:00:00,0.13591159078691645,0.1348683
2023-05-28 12:00:00,0.15859798205350867,0.14853686
2023-05-28 13:00:00,0.15759521151221934,0.16676816
2023-05-28 14:00:00,0.1739548443121201,0.16966316
2023-05-28 15:00:00,0.16217487491212837,0.17692651
2023-05-28 16:00:00,0.17379977670264238,0.18223514
2023-05-28 17:00:00,0.18804015217301412,0.18230666
2023-05-28 18:00:00,0.1726005871893479,0.17864113
2023-05-28 19:00:00,0.15833953603771245,0.1526403
2023-05-28 20:00:00,0.12559959475664725,0.13437158
2023-05-28 21:00:00,0.12586837861307532,0.10177758
2023-05-28 22:00:00,0.09389343753876692,0.09229545
2023-05-28 23:00:00,0.07336765496423107,0.07377244
2023-05-29 00:00:00,0.05385498077161643,0.052842245
2023-05-29 01:00:00,0.03451804986974321,0.040792186
2023-05-29 02:00:00,0.0094229417359302,0.018339233
2023-05-29 03:00:00,0.007272670884505645,0.0053544044
2023-05-29 04:00:00,0.007691353430095522,0.008231819
2023-05-29 05:00:00,0.01811189678699913,0.049862303
2023-05-29 06:00:00,0.022650208824380767,0.023243712
2023-05-29 07:00:00,0.031039366497126082,0.021319818
2023-05-29 08:00:00,0.043899640243146014,0.036599983
2023-05-29 09:00:00,0.079663399909027,0.0863394
2023-05-29 10:00:00,0.11434168630856388,0.109107904
2023-05-29 11:00:00,0.13965388909564572,0.14820899
2023-05-29 12:00:00,0.14559814745895877,0.16237965
2023-05-29 13:00:00,0.12996733242360337,0.16307467
2023-05-29 14:00:00,0.15403899433486334,0.15680681
2023-05-29 15:00:00,0.1717735599388,0.16445638
2023-05-29 16:00:00,0.18275751561013936,0.18795036
2023-05-29 17:00:00,0.15726440061200017,0.17831348
2023-05-29 18:00:00,0.14778976967291074,0.13806571
2023-05-29 19:00:00,0.14178348426580656,0.11452265
2023-05-29 20:00:00,0.12964685936401604,0.10131422
2023-05-29 21:00:00,0.0946739445064715,0.08409228
2023-05-29 22:00:00,0.06482342968200802,0.06696983
2023-05-29 23:00:00,0.04328453872555101,0.03722422
2023-05-30 00:00:00,0.04465430260927098,0.018208068
2023-05-30 01:00:00,0.026588926105115165,0.007428091
2023-05-30 02:00:00,0.012384733076954887,0.0032962747
2023-05-30 03:00:00,0.004409089029483522,0.0013005212
2023-05-30 04:00:00,0.019776289128726792,0.0051386543
2023-05-30 05:00:00,0.09067836910226193,0.08245317
2023-05-30 06:00:00,0.16877558615556384,0.20309494
2023-05-30 07:00:00,0.20022846627796387,0.31767017
2023-05-30 08:00:00,0.18741471281478725,0.1849096
2023-05-30 09:00:00,0.18211656949096475,0.19928572
2023-05-30 10:00:00,0.17988876483480132,0.19067717
2023-05-30 11:00:00,0.2041258321961709,0.18654741
2023-05-30 12:00:00,0.2213021544059877,0.2201309
2023-05-30 13:00:00,0.26518111896787,0.26504064
2023-05-30 14:00:00,0.24550303932514578,0.26193583
2023-05-30 15:00:00,0.2590145970309722,0.28598797
2023-05-30 16:00:00,0.28727825331844686,0.31006992
2023-05-30 17:00:00,0.2724796344539553,0.28143758
2023-05-30 18:00:00,0.21394161187611133,0.2127679
2023-05-30 19:00:00,0.15689223834925362,0.1707392
2023-05-30 20:00:00,0.12788942645660176,0.13019422
2023-05-30 21:00:00,0.09050262581152049,0.091177285
2023-05-30 22:00:00,0.06269383451184717,0.06461144
2023-05-30 23:00:00,0.04378075507587975,0.03900525
2023-05-31 00:00:00,0.0285014266220072,0.017737824
2023-05-31 01:00:00,0.007319191167348965,0.004025921
2023-05-31 02:00:00,0.00017057437042550553,-0.00034493953
2023-05-31 03:00:00,0.0,-0.00079353154
2023-05-31 04:00:00,0.0,0.007224325
2023-05-31 05:00:00,0.0,0.062467013
2023-05-31 06:00:00,0.0,0.022450656
2023-05-31 07:00:00,0.0,0.019345274
2023-05-31 08:00:00,0.0,0.0101679005
2023-05-31 09:00:00,0.0,0.001224041
2023-05-31 10:00:00,0.0,-0.0018338747
2023-05-31 11:00:00,0.0,-0.0024174713
2023-05-31 12:00:00,0.0,-0.0019726865
2023-05-31 13:00:00,0.0,-0.0022343844
2023-05-31 14:00:00,0.0,-0.0019001551
2023-05-31 15:00:00,0.0,-0.002181869
2023-05-31 16:00:00,0.0,-0.001971636
2023-05-31 17:00:00,0.0,-0.0018964633
2023-05-31 18:00:00,0.0,-0.002148319
2023-05-31 19:00:00,0.0,-0.001961328
2023-05-31 20:00:00,0.0,-0.002210617
2023-05-31 21:00:00,0.0,-0.0022383183
2023-05-31 22:00:00,0.0,-0.0020714216
2023-05-31 23:00:00,0.0,-0.0020683333
2023-06-01 00:00:00,0.02571537857172394,-0.0020552352
2023-06-01 01:00:00,0.002951453500392838,-0.0011561811
2023-06-01 02:00:00,8.270272505479056e-05,-0.0016402751
