datetime,actual_demand,predicted_demand
2022-10-07 07:00:00,92979,68772.4316689561
2022-10-07 08:00:00,42416,69000.42456588271
2022-10-07 09:00:00,39455,38645.40221871488
2022-10-07 10:00:00,32903,31830.158222834187
2022-10-07 11:00:00,47413,35516.613148306875
2022-10-07 12:00:00,61834,49891.31985883545
2022-10-07 13:00:00,72276,67606.60035524922
2022-10-07 14:00:00,59876,65342.45052416814
2022-10-07 15:00:00,67898,60435.37357772027
2022-10-07 16:00:00,64030,65414.8284312719
2022-10-07 17:00:00,55285,60340.26327261647
2022-10-07 18:00:00,47997,47594.17770272235
2022-10-07 19:00:00,44594,38704.46988714311
2022-10-07 20:00:00,31229,35676.74722512887
2022-10-07 21:00:00,19948,23613.326455281414
2022-10-07 22:00:00,17267,16565.99026228184
2022-10-07 23:00:00,13895,13467.82243617624
2022-10-08 00:00:00,4483,8126.681888913019
2022-10-08 01:00:00,1386,1964.9562551685067
2022-10-08 02:00:00,10,65.92595984372042
2022-10-08 03:00:00,0,71.9063634237657
2022-10-08 04:00:00,1268,1412.2576013243647
2022-10-08 05:00:00,5029,5069.5725479517505
2022-10-08 06:00:00,8657,11884.683022986012
2022-10-08 07:00:00,12848,24585.536540642803
2022-10-08 08:00:00,21934,19378.151414508808
2022-10-08 09:00:00,29238,27193.964728875333
2022-10-08 10:00:00,32259,30887.092497763784
2022-10-08 11:00:00,36158,36082.95755370271
2022-10-08 12:00:00,43562,40956.40508031887
2022-10-08 13:00:00,44454,48475.47269297057
2022-10-08 14:00:00,44220,46620.146123070954
2022-10-08 15:00:00,45768,47800.10578806709
2022-10-08 16:00:00,47096,48307.81025654563
2022-10-08 17:00:00,48612,48488.31054519447
2022-10-08 18:00:00,42358,46002.897609668384
2022-10-08 19:00:00,37869,38759.71492774686
2022-10-08 20:00:00,30289,32157.600663690537
2022-10-08 21:00:00,18716,23152.061497226874
2022-10-08 22:00:00,15527,15463.259941565733
2022-10-08 23:00:00,17307,13141.993601859023
2022-10-09 00:00:00,13457,11687.57804430698
2022-10-09 01:00:00,6931,9066.908117913466
2022-10-09 02:00:00,4175,4131.8266744551
2022-10-09 03:00:00,1068,2471.0004620301934
2022-10-09 04:00:00,896,1409.907886344643
2022-10-09 05:00:00,2575,2467.61391366693
2022-10-09 06:00:00,4711,3532.613690765862
2022-10-09 07:00:00,5878,4755.538724130853
2022-10-09 08:00:00,9283,10052.773317876898
2022-10-09 09:00:00,12683,15322.589944593938
2022-10-09 10:00:00,18114,19158.87485748864
2022-10-09 11:00:00,24336,23282.328728659755
2022-10-09 12:00:00,30101,28449.703555591375
2022-10-09 13:00:00,34450,31323.06150637274
2022-10-09 14:00:00,38584,34418.60878155551
2022-10-09 15:00:00,36737,36727.19805899229
2022-10-09 16:00:00,40242,37508.75580924149
2022-10-09 17:00:00,40373,39746.876765190646
2022-10-09 18:00:00,39723,37041.43476807788
2022-10-09 19:00:00,27217,33892.23581520744
2022-10-09 20:00:00,24733,24037.029575834473
2022-10-09 21:00:00,14199,19437.043274886164
2022-10-09 22:00:00,10865,12632.163441505223
2022-10-09 23:00:00,5760,10311.849462071194
2022-10-10 00:00:00,10142,6942.574286770854
2022-10-10 01:00:00,5943,7819.715225385776
2022-10-10 02:00:00,4369,4721.6359481819445
2022-10-10 03:00:00,1028,2759.025441406806
2022-10-10 04:00:00,3547,1279.9628131248887
2022-10-10 05:00:00,15657,6050.106774115002
2022-10-10 06:00:00,36893,16170.463133894014
2022-10-10 07:00:00,90012,33044.56266142089
2022-10-10 08:00:00,48009,52522.44281331
2022-10-10 09:00:00,33569,32560.272306174447
2022-10-10 10:00:00,34853,23491.06652757553
2022-10-10 11:00:00,33657,30092.606637324097
2022-10-10 12:00:00,41412,32323.123436761947
2022-10-10 13:00:00,57936,39935.08862995564
2022-10-10 14:00:00,51089,47568.970954143304
2022-10-10 15:00:00,60744,45672.16803512914
2022-10-10 16:00:00,68637,51767.821224250016
2022-10-10 17:00:00,59628,54240.15482489503
2022-10-10 18:00:00,45051,46100.92024055581
2022-10-10 19:00:00,31874,33588.85020509839
2022-10-10 20:00:00,22681,24765.757717086228
2022-10-10 21:00:00,15449,16624.238253544972
2022-10-10 22:00:00,10505,11957.576747124203
2022-10-10 23:00:00,5511,7216.684933713552
2022-10-11 00:00:00,3057,6647.902306186732
2022-10-11 01:00:00,934,3439.473004986279
2022-10-11 02:00:00,98,1781.2411002111548
2022-10-11 03:00:00,33,394.47045142114376
2022-10-11 04:00:00,3383,1934.6147118228002
2022-10-11 05:00:00,14813,11668.861943640475
2022-10-11 06:00:00,39940,31101.90426118375
2022-10-11 07:00:00,78891,72738.79397734097
2022-10-11 08:00:00,49564,63544.65024635417
2022-10-11 09:00:00,36958,45587.08136842312
2022-10-11 10:00:00,30371,34247.52106795497
2022-10-11 11:00:00,21446,33021.7601985318
2022-10-11 12:00:00,36460,33176.16690768302
2022-10-11 13:00:00,53390,50308.171614672465
2022-10-11 14:00:00,48133,53510.24749070395
2022-10-11 15:00:00,64510,57552.56167351603
2022-10-11 16:00:00,72341,67493.59924649111
2022-10-11 17:00:00,62827,65830.2970743574
2022-10-11 18:00:00,40435,52699.26758599031
2022-10-11 19:00:00,27813,33348.64247752627
2022-10-11 20:00:00,21620,22461.745344178817
2022-10-11 21:00:00,14729,16861.15568888108
2022-10-11 22:00:00,13733,11946.622898281279
2022-10-11 23:00:00,8303,9495.100833484996
2022-10-12 00:00:00,3434,5081.0192389122185
2022-10-12 01:00:00,682,1250.0214442468814
2022-10-12 02:00:00,14,0.0
2022-10-12 03:00:00,46,0.0
2022-10-12 04:00:00,2440,1675.2606801138993
2022-10-12 05:00:00,16331,10447.915729887138
2022-10-12 06:00:00,39376,31734.3785744391
2022-10-12 07:00:00,99933,67714.25930289822
2022-10-12 08:00:00,49291,76826.13216118907
2022-10-12 09:00:00,42205,43676.11896807941
2022-10-12 10:00:00,37257,34455.525539726885
2022-10-12 11:00:00,36267,34815.32310685699
2022-10-12 12:00:00,47873,40493.91719107879
2022-10-12 13:00:00,67295,55492.17445972643
2022-10-12 14:00:00,51286,60231.260171768
2022-10-12 15:00:00,66238,58417.53632381175
2022-10-12 16:00:00,65775,69750.43198116627
2022-10-12 17:00:00,58239,64179.47014924522
2022-10-12 18:00:00,45102,48718.8811482283
2022-10-12 19:00:00,34165,35479.79362787343
2022-10-12 20:00:00,25884,26878.706336028263
2022-10-12 21:00:00,16353,19434.407067140673
2022-10-12 22:00:00,15104,13640.503862299049
2022-10-12 23:00:00,7416,11267.243232975808
2022-10-13 00:00:00,4065,4419.524515013802
2022-10-13 01:00:00,842,1477.6082183266008
2022-10-13 02:00:00,117,0.0
2022-10-13 03:00:00,48,0.0
2022-10-13 04:00:00,4601,1331.6630673688483
2022-10-13 05:00:00,17183,11777.891843021
2022-10-13 06:00:00,39744,30279.628483455264
2022-10-13 07:00:00,98709,72732.96984515109
2022-10-13 08:00:00,55106,75204.40531972812
2022-10-13 09:00:00,39734,47743.12697719377
2022-10-13 10:00:00,34074,33622.31889685824
2022-10-13 11:00:00,36158,34140.040915907644
2022-10-13 12:00:00,44563,41202.46818428048
2022-10-13 13:00:00,54459,55703.79542874868
2022-10-13 14:00:00,42144,52977.69253930712
2022-10-13 15:00:00,63602,53685.47476292803
2022-10-13 16:00:00,72939,67376.92195330157
2022-10-13 17:00:00,61750,68076.39793270838
2022-10-13 18:00:00,48022,51629.63039013789
2022-10-13 19:00:00,34292,38413.367564961416
2022-10-13 20:00:00,24527,28010.89890882161
2022-10-13 21:00:00,18961,18314.28985659007
2022-10-13 22:00:00,11985,15363.846948130686
2022-10-13 23:00:00,10575,9316.447222729457
2022-10-14 00:00:00,4755,6798.880750795048
2022-10-14 01:00:00,2029,2002.0114307143058
2022-10-14 02:00:00,48,568.5636951047261
2022-10-14 03:00:00,12,0.0
2022-10-14 04:00:00,2189,2228.0472036757155
2022-10-14 05:00:00,13696,10870.218188417342
2022-10-14 06:00:00,37342,29978.348411798223
2022-10-14 07:00:00,90358,72209.06081704289
2022-10-14 08:00:00,47248,70384.22813182004
2022-10-14 09:00:00,40041,43728.79394208112
2022-10-14 10:00:00,33423,34696.96754391481
2022-10-14 11:00:00,42585,37465.069936180196
2022-10-14 12:00:00,52370,49616.53195738067
2022-10-14 13:00:00,71732,61532.23321284414
2022-10-14 14:00:00,62347,63266.90723680234
2022-10-14 15:00:00,65660,66423.3846333887
2022-10-14 16:00:00,53278,67765.07415753875
2022-10-14 17:00:00,53442,53322.12929804787
2022-10-14 18:00:00,48239,48399.98276528133
2022-10-14 19:00:00,40924,42658.92447251635
2022-10-14 20:00:00,27896,33711.92944534043
2022-10-14 21:00:00,23095,21864.89686248795
2022-10-14 22:00:00,21301,18301.69855750927
2022-10-14 23:00:00,16547,16522.162689309014
2022-10-15 00:00:00,5341,9883.98668329486
2022-10-15 01:00:00,1490,2495.182228191171
2022-10-15 02:00:00,54,0.0
2022-10-15 03:00:00,86,0.0
2022-10-15 04:00:00,2303,1016.1920064205365
2022-10-15 05:00:00,6396,5519.806561548887
2022-10-15 06:00:00,7437,12631.391039015349
2022-10-15 07:00:00,8973,24129.6533478052
2022-10-15 08:00:00,16549,19677.190607773773
2022-10-15 09:00:00,21782,25396.536692289606
2022-10-15 10:00:00,34582,27627.163738542593
2022-10-15 11:00:00,42614,37510.65539478313
2022-10-15 12:00:00,38564,45378.117783503316
2022-10-15 13:00:00,43219,45796.996184033495
2022-10-15 14:00:00,45619,47052.64911243473
2022-10-15 15:00:00,50634,48874.05961664649
2022-10-15 16:00:00,50049,50174.742459931826
2022-10-15 17:00:00,48919,49752.41532845104
2022-10-15 18:00:00,45073,46258.18226785342
2022-10-15 19:00:00,38339,40839.75974383418
2022-10-15 20:00:00,30150,32660.482214252865
2022-10-15 21:00:00,18985,23907.270357138106
2022-10-15 22:00:00,13075,16812.972683167565
2022-10-15 23:00:00,15240,13126.302926742801
2022-10-16 00:00:00,10030,11509.455309398498
2022-10-16 01:00:00,7968,6937.583690356721
2022-10-16 02:00:00,3433,4984.79292317139
2022-10-16 03:00:00,1908,1852.4026029445774
2022-10-16 04:00:00,3910,1739.842673682481
2022-10-16 05:00:00,5769,4279.994324342821
2022-10-16 06:00:00,5987,5117.333411927287
2022-10-16 07:00:00,5154,4703.140839189193
2022-10-16 08:00:00,7454,8114.056095709777
2022-10-16 09:00:00,13770,12275.125778286047
2022-10-16 10:00:00,18526,19951.51292184837
2022-10-16 11:00:00,20680,25274.711633465908
2022-10-16 12:00:00,24152,26166.9317909288
2022-10-16 13:00:00,28495,29717.379220833238
2022-10-16 14:00:00,32043,34298.10448607175
2022-10-16 15:00:00,29510,36071.04486134383
2022-10-16 16:00:00,32919,35445.19883332463
2022-10-16 17:00:00,32968,37106.52074322924
2022-10-16 18:00:00,32735,36210.41684082954
2022-10-16 19:00:00,29636,31271.626507002744
2022-10-16 20:00:00,26191,27345.031074018603
2022-10-16 21:00:00,14576,20357.07721035229
2022-10-16 22:00:00,11133,11761.56138963903
2022-10-16 23:00:00,5598,9301.881072085604
2022-10-17 00:00:00,9818,6539.12860077496
2022-10-17 01:00:00,8508,7938.733802658323
2022-10-17 02:00:00,3454,6463.214793551604
2022-10-17 03:00:00,1316,2163.1013566055008
2022-10-17 04:00:00,3593,2540.7812350094105
2022-10-17 05:00:00,15465,9533.745711532712
2022-10-17 06:00:00,41104,23259.25945095739
2022-10-17 07:00:00,84602,54428.92636469415
2022-10-17 08:00:00,43370,57967.93366813454
2022-10-17 09:00:00,36640,34469.1368014171
2022-10-17 10:00:00,31213,30179.07028281036
2022-10-17 11:00:00,29948,29937.68865422334
2022-10-17 12:00:00,39950,33014.78806038557
2022-10-17 13:00:00,53960,45369.37243473283
2022-10-17 14:00:00,50150,48762.577587051805
2022-10-17 15:00:00,55291,50904.67757237245
2022-10-17 16:00:00,60034,54909.22789101372
2022-10-17 17:00:00,56254,53356.14855664594
2022-10-17 18:00:00,39002,46766.321285950886
2022-10-17 19:00:00,23871,32624.231961451915
2022-10-17 20:00:00,16065,21425.742704477736
2022-10-17 21:00:00,8223,13246.180415038556
2022-10-17 22:00:00,8422,8214.657936264377
2022-10-17 23:00:00,5908,6263.3885386725215
2022-10-18 00:00:00,3269,5378.466035207743
2022-10-18 01:00:00,841,2995.6828036384745
2022-10-18 02:00:00,24,738.2056930607903
2022-10-18 03:00:00,35,82.19237806485842
2022-10-18 04:00:00,2802,2057.182860501414
2022-10-18 05:00:00,12679,11043.565526854125
2022-10-18 06:00:00,38182,29616.936958976956
2022-10-18 07:00:00,85188,66646.5977704645
2022-10-18 08:00:00,41902,66315.81052787477
2022-10-18 09:00:00,31336,39177.68226091712
2022-10-18 10:00:00,31187,28442.053359717334
2022-10-18 11:00:00,29654,29341.51003333269
2022-10-18 12:00:00,36179,35260.01014559822
2022-10-18 13:00:00,54948,47251.70943527484
2022-10-18 14:00:00,49776,52550.766498643236
2022-10-18 15:00:00,60705,57030.03125502198
2022-10-18 16:00:00,67636,64826.311546049146
2022-10-18 17:00:00,58124,63653.29867948262
2022-10-18 18:00:00,44786,47756.729709912535
2022-10-18 19:00:00,29443,33777.04348017747
2022-10-18 20:00:00,24171,22438.750485290206
2022-10-18 21:00:00,17392,16531.012630647063
2022-10-18 22:00:00,16139,13785.012231459457
2022-10-18 23:00:00,8643,11302.615038606902
2022-10-19 00:00:00,2480,5351.055671219681
2022-10-19 01:00:00,1089,427.72964540976125
2022-10-19 02:00:00,48,40.916260007185315
2022-10-19 03:00:00,77,0.0
2022-10-19 04:00:00,4640,1696.041508512581
2022-10-19 05:00:00,16756,11967.119550795052
2022-10-19 06:00:00,37396,31436.6570834709
2022-10-19 07:00:00,95430,70829.65225359755
2022-10-19 08:00:00,54337,72242.5011054526
2022-10-19 09:00:00,41326,47013.6105307817
2022-10-19 10:00:00,31727,35613.40877474165
2022-10-19 11:00:00,36506,32178.255428599165
2022-10-19 12:00:00,50494,40866.35331090057
2022-10-19 13:00:00,58483,59503.552317126756
2022-10-19 14:00:00,52114,54869.449161079065
2022-10-19 15:00:00,62900,59258.741639670974
2022-10-19 16:00:00,69815,66113.70906127634
2022-10-19 17:00:00,62420,64245.89704919822
2022-10-19 18:00:00,43789,52661.07773510802
2022-10-19 19:00:00,28801,35552.88375828245
2022-10-19 20:00:00,23626,24469.264440624524
2022-10-19 21:00:00,16077,18509.744669549364
2022-10-19 22:00:00,13992,14899.605981503655
2022-10-19 23:00:00,10255,10358.374571806156
2022-10-20 00:00:00,4574,6445.273046501758
2022-10-20 01:00:00,1059,1923.4807702467274
2022-10-20 02:00:00,25,0.0
2022-10-20 03:00:00,11,0.0
2022-10-20 04:00:00,2314,2520.8951980294123
2022-10-20 05:00:00,14499,11451.673101051687
2022-10-20 06:00:00,37767,29964.349115271107
2022-10-20 07:00:00,88815,73062.59641283081
2022-10-20 08:00:00,50418,72042.13172658221
2022-10-20 09:00:00,41469,46047.7657449698
2022-10-20 10:00:00,34081,35488.18717238735
2022-10-20 11:00:00,38504,35257.070732521126
2022-10-20 12:00:00,50003,44317.828570740305
2022-10-20 13:00:00,65234,56907.57091144458
2022-10-20 14:00:00,55084,57489.63502223037
2022-10-20 15:00:00,77093,60930.503605113445
2022-10-20 16:00:00,73064,76775.08396381834
2022-10-20 17:00:00,61375,67626.34298742726
2022-10-20 18:00:00,52018,51614.39123148214
2022-10-20 19:00:00,31711,40429.56796968577
2022-10-20 20:00:00,20951,25827.09537849384
2022-10-20 21:00:00,20018,16677.485460062955
2022-10-20 22:00:00,13723,16145.379827796138
2022-10-20 23:00:00,8304,11304.895425585164
2022-10-21 00:00:00,5529,5607.599066649098
2022-10-21 01:00:00,1490,2828.991754617061
2022-10-21 02:00:00,54,275.19362194556504
2022-10-21 03:00:00,10,0.0
2022-10-21 04:00:00,2337,1394.8492039847188
2022-10-21 05:00:00,12421,10297.787000405331
2022-10-21 06:00:00,35625,28188.119562208034
2022-10-21 07:00:00,80738,68494.9039429158
2022-10-21 08:00:00,37548,64492.249745482724
2022-10-21 09:00:00,32520,38304.35468820216
2022-10-21 10:00:00,26221,30752.943461825307
2022-10-21 11:00:00,38386,32902.12400338491
2022-10-21 12:00:00,51152,46445.908940491594
2022-10-21 13:00:00,68698,63291.90449371103
2022-10-21 14:00:00,56353,64808.83039161754
2022-10-21 15:00:00,55788,64949.21557248112
2022-10-21 16:00:00,54581,59373.18118167668
2022-10-21 17:00:00,50703,54096.73770335347
2022-10-21 18:00:00,46118,48019.56599654905
2022-10-21 19:00:00,34984,39934.86621927753
2022-10-21 20:00:00,24630,28712.440168250927
2022-10-21 21:00:00,15256,20993.716299635344
2022-10-21 22:00:00,13901,14944.77872139495
2022-10-21 23:00:00,9682,12154.673062570642
2022-10-22 00:00:00,5020,6386.8745006402005
2022-10-22 01:00:00,1310,2669.698485720189
2022-10-22 02:00:00,219,196.21634865917702
2022-10-22 03:00:00,75,0.0
2022-10-22 04:00:00,3400,1278.086899464518
2022-10-22 05:00:00,9098,6247.675221598883
2022-10-22 06:00:00,9142,13778.66382531943
2022-10-22 07:00:00,11814,22253.071105879535
2022-10-22 08:00:00,16724,18100.029779777025
2022-10-22 09:00:00,25612,22071.794006137483
2022-10-22 10:00:00,31675,28934.389434573823
2022-10-22 11:00:00,38318,36180.480550965745
2022-10-22 12:00:00,38918,41139.990968663464
2022-10-22 13:00:00,41123,45403.211584501965
2022-10-22 14:00:00,40432,45003.74717652992
2022-10-22 15:00:00,42885,44645.31648820236
2022-10-22 16:00:00,38052,46379.95183254747
2022-10-22 17:00:00,38549,42028.6269421733
2022-10-22 18:00:00,41967,40419.83064072015
2022-10-22 19:00:00,39615,38573.308039553856
2022-10-22 20:00:00,35053,33237.24178700136
2022-10-22 21:00:00,17216,25662.135419200677
2022-10-22 22:00:00,17903,13475.554219929089
2022-10-22 23:00:00,16462,14078.60344224769
2022-10-23 00:00:00,7110,11467.162054612076
2022-10-23 01:00:00,5981,5108.4995204371635
2022-10-23 02:00:00,3748,3576.961927489051
2022-10-23 03:00:00,1486,2411.006577412577
2022-10-23 04:00:00,3146,2468.6846150743468
2022-10-23 05:00:00,4421,5062.080331812048
2022-10-23 06:00:00,4059,4935.231261412431
2022-10-23 07:00:00,4938,3967.316531147408
2022-10-23 08:00:00,6817,7699.034959393806
2022-10-23 09:00:00,13348,13008.173927569247
2022-10-23 10:00:00,18872,19193.65981898392
2022-10-23 11:00:00,26187,23822.255561906655
2022-10-23 12:00:00,19817,28492.095875964515
2022-10-23 13:00:00,23800,25109.108943652696
2022-10-23 14:00:00,24988,28495.10003148653
2022-10-23 15:00:00,23523,28663.829260931125
2022-10-23 16:00:00,29712,27945.000516804605
2022-10-23 17:00:00,33899,31705.11626221489
2022-10-23 18:00:00,29623,34934.845951184245
2022-10-23 19:00:00,19939,30253.27515827345
2022-10-23 20:00:00,17815,22549.137796550953
2022-10-23 21:00:00,12255,15067.491185906205
2022-10-23 22:00:00,9562,11955.616717111314
2022-10-23 23:00:00,3221,8973.414607544475
2022-10-24 00:00:00,10006,4494.258829246704
2022-10-24 01:00:00,8418,8413.43655686098
2022-10-24 02:00:00,3118,6381.8869454209125
2022-10-24 03:00:00,2531,1919.3445129087852
2022-10-24 04:00:00,3949,3089.580467544806
2022-10-24 05:00:00,16479,9435.61069148297
2022-10-24 06:00:00,41015,24459.73822555114
2022-10-24 07:00:00,84106,53084.70711788663
2022-10-24 08:00:00,47622,56353.25500478995
2022-10-24 09:00:00,33276,37771.90887090087
2022-10-24 10:00:00,29552,27269.865719362133
2022-10-24 11:00:00,28895,29117.75425712883
2022-10-24 12:00:00,35211,31312.836403452216
2022-10-24 13:00:00,45347,40603.77334666412
2022-10-24 14:00:00,43957,41758.3383633417
2022-10-24 15:00:00,51912,44882.29808453414
2022-10-24 16:00:00,68717,50778.004068160175
2022-10-24 17:00:00,55145,58646.12940312336
2022-10-24 18:00:00,37798,44106.902632220306
2022-10-24 19:00:00,32537,27645.726320221715
2022-10-24 20:00:00,18307,23765.761370079133
2022-10-24 21:00:00,12358,12500.934180988961
2022-10-24 22:00:00,9607,9578.031569684665
2022-10-24 23:00:00,7130,6438.334859113618
2022-10-25 00:00:00,2757,6097.727136986632
2022-10-25 01:00:00,940,2555.688791213469
2022-10-25 02:00:00,54,661.4761444522516
2022-10-25 03:00:00,122,377.5478275535878
2022-10-25 04:00:00,2766,2050.712621096637
2022-10-25 05:00:00,16651,10750.73383804282
2022-10-25 06:00:00,39577,31633.979028353155
2022-10-25 07:00:00,86786,68780.25030500212
2022-10-25 08:00:00,47572,66277.28901316915
2022-10-25 09:00:00,39248,40718.50206762645
2022-10-25 10:00:00,29726,33126.961794280054
2022-10-25 11:00:00,30506,29639.676167453923
2022-10-25 12:00:00,41571,34382.62104429737
2022-10-25 13:00:00,55364,49205.78357117781
2022-10-25 14:00:00,48298,51777.104967597676
2022-10-25 15:00:00,68570,54268.9022912224
2022-10-25 16:00:00,71447,70553.21088242608
2022-10-25 17:00:00,61497,64660.92965656628
2022-10-25 18:00:00,43143,50252.2323574155
2022-10-25 19:00:00,27384,34661.33935466159
2022-10-25 20:00:00,18088,22027.95412389939
2022-10-25 21:00:00,14218,14245.41622764417
2022-10-25 22:00:00,10043,12750.331427489957
2022-10-25 23:00:00,6347,8039.553115234181
2022-10-26 00:00:00,2534,3823.6734624724536
2022-10-26 01:00:00,428,908.9244094924699
2022-10-26 02:00:00,6,0.0
2022-10-26 03:00:00,17,0.0
2022-10-26 04:00:00,2334,2176.326467314234
2022-10-26 05:00:00,15471,11429.291380677896
2022-10-26 06:00:00,45319,30505.84343759081
2022-10-26 07:00:00,90123,75301.24612490443
2022-10-26 08:00:00,50673,71137.41757045244
2022-10-26 09:00:00,44608,45822.70389609449
2022-10-26 10:00:00,33196,36466.32866819771
2022-10-26 11:00:00,35783,33472.33872015452
2022-10-26 12:00:00,40209,41929.581324414765
2022-10-26 13:00:00,62669,51045.22901621681
2022-10-26 14:00:00,54467,57501.23230525487
2022-10-26 15:00:00,63153,62081.3183220771
2022-10-26 16:00:00,68162,67726.80157751653
2022-10-26 17:00:00,62756,64714.52908581229
2022-10-26 18:00:00,44251,52250.57346144786
2022-10-26 19:00:00,28338,34294.906166973306
2022-10-26 20:00:00,22162,22385.972899446024
2022-10-26 21:00:00,14283,16846.86157091793
2022-10-26 22:00:00,12339,12295.103445064959
2022-10-26 23:00:00,9264,9488.378401711769
2022-10-27 00:00:00,3134,6055.969128085568
2022-10-27 01:00:00,639,1019.7624977149522
2022-10-27 02:00:00,2,0.0
2022-10-27 03:00:00,16,0.0
2022-10-27 04:00:00,2450,1555.143775632186
2022-10-27 05:00:00,16129,10753.095519393464
2022-10-27 06:00:00,36500,32194.559584374903
2022-10-27 07:00:00,86766,68915.38631709406
2022-10-27 08:00:00,55856,68873.68980020232
2022-10-27 09:00:00,37602,50732.73527754396
2022-10-27 10:00:00,32174,33369.48425180815
2022-10-27 11:00:00,38605,34211.56806445916
2022-10-27 12:00:00,47008,43685.531570315194
2022-10-27 13:00:00,64840,58384.436257264555
2022-10-27 14:00:00,49159,60662.57126063129
2022-10-27 15:00:00,66403,60406.03475079949
2022-10-27 16:00:00,69974,69799.10577693688
2022-10-27 17:00:00,58302,66104.71632941549
2022-10-27 18:00:00,41221,51315.41372468498
2022-10-27 19:00:00,27503,33200.80604065011
2022-10-27 20:00:00,19612,22368.317551477456
2022-10-27 21:00:00,12306,16290.525476880373
2022-10-27 22:00:00,10828,11537.995605821694
2022-10-27 23:00:00,6038,8936.73696049625
2022-10-28 00:00:00,3567,4472.030223515747
2022-10-28 01:00:00,844,1555.674831603082
2022-10-28 02:00:00,18,3.5953321710156843
2022-10-28 03:00:00,41,0.0
2022-10-28 04:00:00,3133,1589.7802085008886
2022-10-28 05:00:00,13621,10855.666769267062
2022-10-28 06:00:00,34966,28206.155327692933
2022-10-28 07:00:00,90730,65443.04876085788
2022-10-28 08:00:00,42573,69723.91083264563
2022-10-28 09:00:00,40592,38887.81366589561
2022-10-28 10:00:00,29782,33286.9899429749
2022-10-28 11:00:00,38204,33871.37778374985
2022-10-28 12:00:00,58351,44985.336366581076
2022-10-28 13:00:00,74524,66914.10477886947
2022-10-28 14:00:00,60158,65831.05369375036
2022-10-28 15:00:00,68636,62571.60171617735
2022-10-28 16:00:00,64700,66812.54146658983
2022-10-28 17:00:00,63056,58876.82209849845
2022-10-28 18:00:00,55293,52341.4850799328
2022-10-28 19:00:00,43605,42859.88075438489
2022-10-28 20:00:00,30292,32415.530421687487
2022-10-28 21:00:00,24700,20644.256032177007
2022-10-28 22:00:00,21638,18156.778880120575
2022-10-28 23:00:00,17126,14709.686218130282
2022-10-29 00:00:00,3013,10039.851592756604
2022-10-29 01:00:00,754,733.766198661084
2022-10-29 02:00:00,0,0.0
2022-10-29 03:00:00,111,0.0
2022-10-29 04:00:00,3102,1742.1924077253705
2022-10-29 05:00:00,5782,6922.954191128951
2022-10-29 06:00:00,11055,11845.722382809914
2022-10-29 07:00:00,11104,26234.78452622737
2022-10-29 08:00:00,21248,18787.107884723737
2022-10-29 09:00:00,30491,27463.4659469318
2022-10-29 10:00:00,34464,32080.252279860186
2022-10-29 11:00:00,40781,36651.760112665244
2022-10-29 12:00:00,45729,43988.99659778712
2022-10-29 13:00:00,49964,50279.64484392717
2022-10-29 14:00:00,52240,50007.400134951225
2022-10-29 15:00:00,53941,52584.128882884914
2022-10-29 16:00:00,51773,52182.51529384993
2022-10-29 17:00:00,54133,50127.88743001997
2022-10-29 18:00:00,59036,50745.037170871816
2022-10-29 19:00:00,45229,50545.206745779346
2022-10-29 20:00:00,39347,38124.08144204583
2022-10-29 21:00:00,30805,29015.47578471239
2022-10-29 22:00:00,23311,24421.65360169811
2022-10-29 23:00:00,22319,18909.345509231738
2022-10-30 00:00:00,10781,13352.915401285154
2022-10-30 01:00:00,5971,6519.272511986434
2022-10-30 02:00:00,2896,3252.244169897034
2022-10-30 03:00:00,1064,1602.932290799487
2022-10-30 04:00:00,3407,1981.6216532903784
2022-10-30 05:00:00,4857,4286.247461431948
2022-10-30 06:00:00,3615,5193.589957615722
2022-10-30 07:00:00,5878,3471.4386787537637
2022-10-30 08:00:00,9303,9074.51349504793
2022-10-30 09:00:00,17474,15507.538839653827
2022-10-30 10:00:00,21914,22297.108333154974
2022-10-30 11:00:00,25513,27308.04462114365
2022-10-30 12:00:00,29207,28259.255566195738
2022-10-30 13:00:00,29158,31694.499153736768
2022-10-30 14:00:00,36798,32735.337898675243
2022-10-30 15:00:00,34035,36549.22973829758
2022-10-30 16:00:00,39743,36290.03756051843
2022-10-30 17:00:00,42177,40757.15663860446
2022-10-30 18:00:00,30967,42351.73201122818
2022-10-30 19:00:00,27181,29481.004141995552
2022-10-30 20:00:00,19420,25719.356296553473
2022-10-30 21:00:00,16523,18129.21300751876
2022-10-30 22:00:00,12203,15044.92547804168
2022-10-30 23:00:00,7949,11104.984151463384
2022-10-31 00:00:00,11055,7959.120589286476
2022-10-31 01:00:00,3639,8774.3871750112
2022-10-31 02:00:00,1533,2855.4826567896616
2022-10-31 03:00:00,25,1117.710100155657
2022-10-31 04:00:00,2152,1978.4134493354832
2022-10-31 05:00:00,11774,8730.36744476316
2022-10-31 06:00:00,20433,21519.832926298754
2022-10-31 07:00:00,31745,40297.99410353101
2022-10-31 08:00:00,28013,25290.033281683194
2022-10-31 09:00:00,35823,27241.29253032517
2022-10-31 10:00:00,33492,32020.41991847191
2022-10-31 11:00:00,43512,32171.23030029641
2022-10-31 12:00:00,46106,41268.491517940856
2022-10-31 13:00:00,53058,46276.617021037135
2022-10-31 14:00:00,53572,46820.175973334524
2022-10-31 15:00:00,57988,51740.49609103862
2022-10-31 16:00:00,64788,58126.05822278564
2022-10-31 17:00:00,70537,57063.17394703409
2022-10-31 18:00:00,55669,53533.23109769113
2022-10-31 19:00:00,45206,42370.74056323131
2022-10-31 20:00:00,35433,31597.786071360482
2022-10-31 21:00:00,26268,24082.531286153928
2022-10-31 22:00:00,25815,18319.6268692652
2022-10-31 23:00:00,21332,16901.28091195757
2022-11-01 00:00:00,4611,14265.989936845359
2022-11-01 01:00:00,1683,1751.2350662982358
2022-11-01 02:00:00,60,79.02396154178166
2022-11-01 03:00:00,187,0.0
2022-11-01 04:00:00,3678,1674.2107763866302
2022-11-01 05:00:00,8050,11158.498405571896
2022-11-01 06:00:00,7238,22298.52771788965
2022-11-01 07:00:00,6371,37888.49179653835
2022-11-01 08:00:00,9616,13473.687653676257
2022-11-01 09:00:00,15422,21759.886484812552
2022-11-01 10:00:00,20933,23071.29584584727
2022-11-01 11:00:00,24342,29522.346743050883
2022-11-01 12:00:00,26671,35255.45254447611
2022-11-01 13:00:00,28131,42073.277918585976
2022-11-01 14:00:00,29528,36642.47276609472
2022-11-01 15:00:00,30244,46541.21339194661
2022-11-01 16:00:00,33850,47953.56942176413
2022-11-01 17:00:00,35263,46376.88822254132
2022-11-01 18:00:00,31315,39429.471346335406
2022-11-01 19:00:00,26511,31503.1053294022
2022-11-01 20:00:00,18260,25137.291181884983
2022-11-01 21:00:00,16811,17127.5933087885
2022-11-01 22:00:00,13450,16429.467117973392
2022-11-01 23:00:00,7275,12662.929787237805
2022-11-02 00:00:00,15949,4548.34542406445
2022-11-02 01:00:00,7433,9224.121958132566
2022-11-02 02:00:00,4136,3853.444812106718
2022-11-02 03:00:00,2505,1723.3105986193564
2022-11-02 04:00:00,4118,3017.206415741478
2022-11-02 05:00:00,17856,10165.014788306396
2022-11-02 06:00:00,32719,26932.785591347463
2022-11-02 07:00:00,50923,49338.01903957656
2022-11-02 08:00:00,39731,37697.52790438285
2022-11-02 09:00:00,40581,35882.29496161342
2022-11-02 10:00:00,40534,34442.48510094929
2022-11-02 11:00:00,41026,37277.6104093944
2022-11-02 12:00:00,45822,39949.70981142941
2022-11-02 13:00:00,47827,49447.50711632185
2022-11-02 14:00:00,53772,44480.8449597483
2022-11-02 15:00:00,58104,53686.46262670618
2022-11-02 16:00:00,79987,57109.50855461285
2022-11-02 17:00:00,67020,66941.61275242298
2022-11-02 18:00:00,53771,52597.510597052504
2022-11-02 19:00:00,33117,39388.29721780618
2022-11-02 20:00:00,28528,24769.749827448388
2022-11-02 21:00:00,16602,20471.565647840165
2022-11-02 22:00:00,15993,13770.525128608982
2022-11-02 23:00:00,9387,11504.265905996746
2022-11-03 00:00:00,4270,8425.794538144095
2022-11-03 01:00:00,929,2914.689044305267
2022-11-03 02:00:00,33,726.9302538216455
2022-11-03 03:00:00,0,279.78076717807437
2022-11-03 04:00:00,2714,1930.6101888632613
2022-11-03 05:00:00,18018,11696.867021908709
2022-11-03 06:00:00,36762,30490.57683354627
2022-11-03 07:00:00,58113,60452.61495980827
2022-11-03 08:00:00,40375,49587.454655575544
2022-11-03 09:00:00,35691,39635.12620440493
2022-11-03 10:00:00,35499,34899.27804775838
2022-11-03 11:00:00,36822,38221.11754856158
2022-11-03 12:00:00,39812,43097.28043596956
2022-11-03 13:00:00,55576,50524.35780475865
2022-11-03 14:00:00,50851,53521.15653487214
2022-11-03 15:00:00,60590,58528.35201411567
2022-11-03 16:00:00,75196,68315.09564621354
2022-11-03 17:00:00,71981,69607.00853527307
2022-11-03 18:00:00,57443,59662.86051570271
2022-11-03 19:00:00,35074,43061.30833987923
2022-11-03 20:00:00,29538,27268.174855754158
2022-11-03 21:00:00,24617,20333.287002084675
2022-11-03 22:00:00,19139,18921.411088362256
2022-11-03 23:00:00,11995,13045.472696238936
2022-11-04 00:00:00,4326,7227.151705128195
2022-11-04 01:00:00,712,1453.4618223972243
2022-11-04 02:00:00,19,0.0
2022-11-04 03:00:00,99,0.0
2022-11-04 04:00:00,3270,1865.9155696572013
2022-11-04 05:00:00,14344,11601.809631731741
2022-11-04 06:00:00,34558,28647.230122013825
2022-11-04 07:00:00,44506,61461.45980304994
2022-11-04 08:00:00,35555,38349.42488713507
2022-11-04 09:00:00,38211,36464.11630451212
2022-11-04 10:00:00,33265,35577.631406849294
2022-11-04 11:00:00,34303,36047.84712825777
2022-11-04 12:00:00,44614,42702.438341512716
2022-11-04 13:00:00,60069,57485.43473874053
2022-11-04 14:00:00,54114,58276.19754092972
2022-11-04 15:00:00,61372,61305.97271472635
2022-11-04 16:00:00,62117,66366.21414593546
2022-11-04 17:00:00,59518,63248.084443173815
2022-11-04 18:00:00,50922,55917.07339050716
2022-11-04 19:00:00,39013,43771.931459305495
2022-11-04 20:00:00,30110,32991.82518837276
2022-11-04 21:00:00,20415,25478.925907209174
2022-11-04 22:00:00,20120,19129.855849074716
2022-11-04 23:00:00,17588,16721.293336074254
2022-11-05 00:00:00,6547,10274.89428311598
2022-11-05 01:00:00,1094,2887.4336927771315
2022-11-05 02:00:00,9,0.0
2022-11-05 03:00:00,451,0.0
2022-11-05 04:00:00,2160,1902.1413510031905
2022-11-05 05:00:00,6268,5729.143206130176
2022-11-05 06:00:00,6303,12575.09763666156
2022-11-05 07:00:00,8228,13521.354236006231
2022-11-05 08:00:00,14891,16649.883616014034
2022-11-05 09:00:00,24032,24314.96370577238
2022-11-05 10:00:00,33841,29573.006705498075
2022-11-05 11:00:00,41446,36408.24882218684
2022-11-05 12:00:00,38665,43414.494372397334
2022-11-05 13:00:00,37631,44810.387242020355
2022-11-05 14:00:00,47168,43659.469257176184
2022-11-05 15:00:00,45495,50788.86542947667
2022-11-05 16:00:00,45885,50056.225463982795
2022-11-05 17:00:00,49254,49610.06108211796
2022-11-05 18:00:00,44829,51074.203590859695
2022-11-05 19:00:00,34080,42219.13495310157
2022-11-05 20:00:00,27292,32437.911489656362
2022-11-05 21:00:00,25880,24403.173197450305
2022-11-05 22:00:00,19414,22926.9486617234
2022-11-05 23:00:00,15445,18518.080305712865
2022-11-06 00:00:00,10536,10856.877231074683
2022-11-06 01:00:00,7777,6725.184632699668
2022-11-06 02:00:00,4654,4550.8327815821885
2022-11-06 03:00:00,2295,2677.7524734939716
2022-11-06 04:00:00,2321,2508.88918188335
2022-11-06 05:00:00,4805,3610.7993339548693
2022-11-06 06:00:00,3985,4030.5194200406577
2022-11-06 07:00:00,4878,3374.142960214934
2022-11-06 08:00:00,7847,7676.760067101177
2022-11-06 09:00:00,12131,14165.955572479634
2022-11-06 10:00:00,16891,19618.820559460575
2022-11-06 11:00:00,23130,24265.24468609666
2022-11-06 12:00:00,21858,27643.504160309887
2022-11-06 13:00:00,25757,25967.65511345328
2022-11-06 14:00:00,28436,32398.356269661264
2022-11-06 15:00:00,24607,32270.793413615822
2022-11-06 16:00:00,34075,31635.882729235702
2022-11-06 17:00:00,30176,38561.24239745046
2022-11-06 18:00:00,27177,32659.226185563166
2022-11-06 19:00:00,23274,26845.38222758905
2022-11-06 20:00:00,20402,21755.176169070422
2022-11-06 21:00:00,15713,19010.466035358382
2022-11-06 22:00:00,10556,14494.502727360888
2022-11-06 23:00:00,5486,9658.079436932767
2022-11-07 00:00:00,10620,6729.506789198615
2022-11-07 01:00:00,4593,8002.795833284492
2022-11-07 02:00:00,3584,3597.580621989967
2022-11-07 03:00:00,2398,2118.133409086203
2022-11-07 04:00:00,4512,2776.0775713777057
2022-11-07 05:00:00,17440,9024.396796954234
2022-11-07 06:00:00,44250,20424.951600150554
2022-11-07 07:00:00,109066,43248.726218042786
2022-11-07 08:00:00,53422,68915.9537426086
2022-11-07 09:00:00,42104,40486.04645389476
2022-11-07 10:00:00,35350,31635.846380255018
2022-11-07 11:00:00,41723,34774.03329961824
2022-11-07 12:00:00,45780,40712.086060789465
2022-11-07 13:00:00,51827,47024.48589917
2022-11-07 14:00:00,24926,46552.03496567115
2022-11-07 15:00:00,33688,32965.42771786236
2022-11-07 16:00:00,45797,41165.95044493635
2022-11-07 17:00:00,55917,47770.00800131553
2022-11-07 18:00:00,40560,49053.5940474904
2022-11-07 19:00:00,33463,35985.220839781905
2022-11-07 20:00:00,23751,29144.691305702094
2022-11-07 21:00:00,17390,20552.150234097375
2022-11-07 22:00:00,16451,16737.09848787239
2022-11-07 23:00:00,7621,14349.318078410148
2022-11-08 00:00:00,3205,6487.655666261218
2022-11-08 01:00:00,773,1888.117517545495
2022-11-08 02:00:00,17,629.6441237936318
2022-11-08 03:00:00,19,340.7772591015056
2022-11-08 04:00:00,3544,2225.695022421686
2022-11-08 05:00:00,17213,10409.843795394845
2022-11-08 06:00:00,42434,25810.627881681
2022-11-08 07:00:00,105276,58079.12725005473
2022-11-08 08:00:00,57136,71888.98862594471
2022-11-08 09:00:00,46092,44632.108919026025
2022-11-08 10:00:00,34305,35311.66468922245
2022-11-08 11:00:00,35744,33436.44990442427
2022-11-08 12:00:00,47995,37356.59261022416
2022-11-08 13:00:00,54323,48311.41974732201
2022-11-08 14:00:00,43884,42205.780141711824
2022-11-08 15:00:00,58529,40575.03936540997
2022-11-08 16:00:00,69144,51998.42565748952
2022-11-08 17:00:00,64919,58692.66411470401
2022-11-08 18:00:00,48099,50507.29322097587
2022-11-08 19:00:00,28734,37317.35422378805
2022-11-08 20:00:00,19650,22447.214624164873
2022-11-08 21:00:00,12288,15882.477473263654
2022-11-08 22:00:00,10895,12256.719868543601
2022-11-08 23:00:00,9869,8406.495546567126
2022-11-09 00:00:00,3629,9243.593003094858
2022-11-09 01:00:00,946,2893.9395874669835
2022-11-09 02:00:00,6,794.0440832283567
2022-11-09 03:00:00,14,335.68622584370274
2022-11-09 04:00:00,2910,2193.2777880844937
2022-11-09 05:00:00,16516,12156.659441942778
2022-11-09 06:00:00,49241,30623.459675355654
2022-11-09 07:00:00,105457,71614.02742004671
2022-11-09 08:00:00,56676,79449.47334947623
2022-11-09 09:00:00,47930,50458.58054150655
2022-11-09 10:00:00,33622,40642.741702449166
2022-11-09 11:00:00,41680,35494.20923560184
2022-11-09 12:00:00,48538,45778.074017989384
2022-11-09 13:00:00,65126,53610.0375207521
2022-11-09 14:00:00,52622,58180.62280335406
2022-11-09 15:00:00,69759,57309.35399583401
2022-11-09 16:00:00,80661,73612.05107594379
2022-11-09 17:00:00,63198,74279.5463515965
2022-11-09 18:00:00,40343,55283.66977063509
2022-11-09 19:00:00,28698,32359.79798521592
2022-11-09 20:00:00,24745,24069.54861460416
2022-11-09 21:00:00,16138,18387.549655165334
2022-11-09 22:00:00,14581,14038.530884821395
2022-11-09 23:00:00,8658,11288.775478924104
2022-11-10 00:00:00,3528,5707.026299912201
2022-11-10 01:00:00,807,1245.143304579889
2022-11-10 02:00:00,59,0.0
2022-11-10 03:00:00,0,0.0
2022-11-10 04:00:00,2046,1744.839118475306
2022-11-10 05:00:00,15054,11499.052228095314
2022-11-10 06:00:00,43123,32109.213322076874
2022-11-10 07:00:00,109994,69452.15006877731
2022-11-10 08:00:00,50301,82531.08387716164
2022-11-10 09:00:00,41769,45947.68250298645
2022-11-10 10:00:00,33715,35341.98183650246
2022-11-10 11:00:00,38336,36248.48289897824
2022-11-10 12:00:00,46558,42732.99822755879
2022-11-10 13:00:00,61604,56375.21042685107
2022-11-10 14:00:00,53408,57304.14366626825
2022-11-10 15:00:00,70056,60841.35264957923
2022-11-10 16:00:00,73425,75279.48186672844
2022-11-10 17:00:00,70187,70490.88684462638
2022-11-10 18:00:00,43623,59010.90880660212
2022-11-10 19:00:00,28172,35205.3132444656
2022-11-10 20:00:00,19912,24625.373042512925
2022-11-10 21:00:00,15327,17684.192846801023
2022-11-10 22:00:00,13903,15089.769134289023
2022-11-10 23:00:00,9861,11524.872400418517
2022-11-11 00:00:00,4473,6510.0971977321515
2022-11-11 01:00:00,1302,1782.0912225389366
2022-11-11 02:00:00,140,94.88088237737054
2022-11-11 03:00:00,9,0.0
2022-11-11 04:00:00,4301,1670.0783456394001
2022-11-11 05:00:00,15081,11796.822200286133
2022-11-11 06:00:00,38480,30249.699646294
2022-11-11 07:00:00,87512,64296.76998143864
2022-11-11 08:00:00,42364,65965.6671378097
2022-11-11 09:00:00,38250,40765.79655939226
2022-11-11 10:00:00,37036,33863.11789644193
2022-11-11 11:00:00,41295,37537.690676598184
2022-11-11 12:00:00,50056,45396.33733559578
2022-11-11 13:00:00,74202,58657.00520194325
2022-11-11 14:00:00,58772,65974.28831901985
2022-11-11 15:00:00,59064,64117.37887790879
2022-11-11 16:00:00,62043,63192.00050817091
2022-11-11 17:00:00,53692,61839.95084006008
2022-11-11 18:00:00,47561,48500.50497054119
2022-11-11 19:00:00,30968,39273.48309809371
2022-11-11 20:00:00,25604,26281.38692946091
2022-11-11 21:00:00,16072,20024.244015304153
2022-11-11 22:00:00,14661,15419.24686389639
2022-11-11 23:00:00,13348,13212.959263533907
2022-11-12 00:00:00,4039,8706.805705470408
2022-11-12 01:00:00,1615,1830.3683320313385
2022-11-12 02:00:00,88,229.54721400497795
2022-11-12 03:00:00,15,0.0
2022-11-12 04:00:00,1909,1602.1951807008102
2022-11-12 05:00:00,6140,5834.277988754157
2022-11-12 06:00:00,7566,12269.200483259227
2022-11-12 07:00:00,11873,22610.362751172746
2022-11-12 08:00:00,18539,18934.531336284548
2022-11-12 09:00:00,28335,25071.222510335858
2022-11-12 10:00:00,41839,32705.82594998496
2022-11-12 11:00:00,46658,42826.52042030163
2022-11-12 12:00:00,46506,45932.116291377126
2022-11-12 13:00:00,45349,49472.52021816416
2022-11-12 14:00:00,51319,48003.76176758237
2022-11-12 15:00:00,53598,50628.49801632511
2022-11-12 16:00:00,60219,53409.475854948374
2022-11-12 17:00:00,54357,56059.84144628511
2022-11-12 18:00:00,52216,49818.47909683966
2022-11-12 19:00:00,30342,41946.97606301204
2022-11-12 20:00:00,28222,26079.53862318339
2022-11-12 21:00:00,22555,22676.95798206608
2022-11-12 22:00:00,21640,18989.831026417618
2022-11-12 23:00:00,17092,17511.424187762306
2022-11-13 00:00:00,10272,11456.981846654948
2022-11-13 01:00:00,7051,6936.126141556487
2022-11-13 02:00:00,3809,4423.310117461053
2022-11-13 03:00:00,1143,2351.566648775156
2022-11-13 04:00:00,2685,1532.8250820703552
2022-11-13 05:00:00,5954,3861.586182703857
2022-11-13 06:00:00,3941,5154.367830313427
2022-11-13 07:00:00,4650,3843.7365308078174
2022-11-13 08:00:00,7785,7906.828743744816
2022-11-13 09:00:00,15457,13828.821693090815
2022-11-13 10:00:00,17863,22270.831045330808
2022-11-13 11:00:00,22797,25382.982140897606
2022-11-13 12:00:00,29192,27316.661162525605
2022-11-13 13:00:00,31229,31406.00875193489
2022-11-13 14:00:00,36136,34761.71625502128
2022-11-13 15:00:00,35657,36190.969432784805
2022-11-13 16:00:00,37006,39951.69898746389
2022-11-13 17:00:00,44106,38247.27230109425
2022-11-13 18:00:00,26438,41570.192718048675
2022-11-13 19:00:00,22364,24380.971116929766
2022-11-13 20:00:00,20138,20912.095672894313
2022-11-13 21:00:00,15581,18022.327491740107
2022-11-13 22:00:00,11602,14471.481597516713
2022-11-13 23:00:00,6599,10206.957859475395
2022-11-14 00:00:00,10132,7191.85269106906
2022-11-14 01:00:00,9184,7688.881126089899
2022-11-14 02:00:00,5781,6739.238807399838
2022-11-14 03:00:00,3008,3758.631107586186
2022-11-14 04:00:00,4348,3506.479080958474
2022-11-14 05:00:00,18192,10309.200233448786
2022-11-14 06:00:00,46382,26194.20362960922
2022-11-14 07:00:00,101547,61852.599728550456
2022-11-14 08:00:00,52179,69762.13998251512
2022-11-14 09:00:00,42097,41797.95858259581
2022-11-14 10:00:00,30271,32639.489241984862
2022-11-14 11:00:00,35893,31151.429838238648
2022-11-14 12:00:00,46141,38543.78562529239
2022-11-14 13:00:00,68176,48448.496567647744
2022-11-14 14:00:00,55902,52370.16928374263
2022-11-14 15:00:00,74316,49171.02487331885
2022-11-14 16:00:00,82087,61981.09419044965
2022-11-14 17:00:00,67559,68233.82486484577
2022-11-14 18:00:00,42684,50348.70868024867
2022-11-14 19:00:00,30690,32545.561740935
2022-11-14 20:00:00,23442,24112.491042965805
2022-11-14 21:00:00,18668,18277.18483814998
2022-11-14 22:00:00,14012,15809.221208977364
2022-11-14 23:00:00,8652,9964.602390200285
2022-11-15 00:00:00,3010,6696.370004918594
2022-11-15 01:00:00,622,2537.6564211919904
2022-11-15 02:00:00,24,931.7969702179316
2022-11-15 03:00:00,22,445.9683036749701
2022-11-15 04:00:00,2830,2252.4181064661816
2022-11-15 05:00:00,16575,12164.142832974896
2022-11-15 06:00:00,43141,33735.991028661454
2022-11-15 07:00:00,100886,79065.39468442253
2022-11-15 08:00:00,50995,79508.79594148899
2022-11-15 09:00:00,39388,47636.04955427397
2022-11-15 10:00:00,30171,33314.07033052715
2022-11-15 11:00:00,33072,32563.905440994007
2022-11-15 12:00:00,41461,40904.61325649026
2022-11-15 13:00:00,59139,53752.954480784996
2022-11-15 14:00:00,55496,55199.61273865728
2022-11-15 15:00:00,64575,62935.14687295865
2022-11-15 16:00:00,73374,70843.38074653443
2022-11-15 17:00:00,61447,69758.45090708601
2022-11-15 18:00:00,41328,52145.42309143908
2022-11-15 19:00:00,29807,32875.987828408775
2022-11-15 20:00:00,21757,23643.55496134593
2022-11-15 21:00:00,16978,16789.00144646231
2022-11-15 22:00:00,13437,14064.039524262933
2022-11-15 23:00:00,6725,10637.50495654872
2022-11-16 00:00:00,3373,4186.596183417276
2022-11-16 01:00:00,1039,1168.3429294074203
2022-11-16 02:00:00,35,89.60524895822141
2022-11-16 03:00:00,13,0.0
2022-11-16 04:00:00,3149,1769.1904027407008
2022-11-16 05:00:00,16884,11874.312299759897
2022-11-16 06:00:00,39765,34778.666834732365
2022-11-16 07:00:00,95755,76893.05492415377
2022-11-16 08:00:00,49372,75946.09703473221
2022-11-16 09:00:00,41929,46699.91103478388
2022-11-16 10:00:00,31325,35026.68227427073
2022-11-16 11:00:00,35759,34081.428059409016
2022-11-16 12:00:00,47670,41613.70657812741
2022-11-16 13:00:00,65899,58130.5188426207
2022-11-16 14:00:00,59746,61126.76659253109
2022-11-16 15:00:00,74887,65712.73699674694
2022-11-16 16:00:00,65695,77744.53082836514
2022-11-16 17:00:00,57221,62885.11998862585
2022-11-16 18:00:00,44668,47053.595119683436
2022-11-16 19:00:00,31665,35240.75136746839
2022-11-16 20:00:00,22125,25771.508732717462
2022-11-16 21:00:00,15891,17340.624871179527
2022-11-16 22:00:00,12961,13984.255429310542
2022-11-16 23:00:00,7364,9663.05719575247
2022-11-17 00:00:00,3126,4704.51477126696
2022-11-17 01:00:00,652,1081.7074257027734
2022-11-17 02:00:00,42,0.0
2022-11-17 03:00:00,94,0.0
2022-11-17 04:00:00,2943,1712.33467809413
2022-11-17 05:00:00,14196,11479.287019105703
2022-11-17 06:00:00,40508,31006.854283595545
2022-11-17 07:00:00,92890,77363.77262170275
2022-11-17 08:00:00,51851,72491.77775658423
2022-11-17 09:00:00,43145,47421.86807847409
2022-11-17 10:00:00,31120,36162.609409961275
2022-11-17 11:00:00,33500,33620.05135154755
2022-11-17 12:00:00,38576,40971.06539050365
2022-11-17 13:00:00,66915,53030.853757887555
2022-11-17 14:00:00,55075,63070.860279024164
2022-11-17 15:00:00,62176,65397.181096865315
2022-11-17 16:00:00,77174,66504.15552451332
2022-11-17 17:00:00,70524,71254.36971913572
2022-11-17 18:00:00,38379,57364.51789694274
2022-11-17 19:00:00,28155,30765.9563396582
2022-11-17 20:00:00,17962,21976.214898438062
2022-11-17 21:00:00,14530,14661.168901907646
2022-11-17 22:00:00,12485,13106.592977681263
2022-11-17 23:00:00,8373,9989.560231335388
2022-11-18 00:00:00,4320,5577.80216654703
2022-11-18 01:00:00,947,1876.9773150295518
2022-11-18 02:00:00,6,0.0
2022-11-18 03:00:00,13,0.0
2022-11-18 04:00:00,2710,2108.910590398999
2022-11-18 05:00:00,15483,10783.346060257029
2022-11-18 06:00:00,34159,30943.868045840427
2022-11-18 07:00:00,87609,67712.29569954635
2022-11-18 08:00:00,40417,67915.03293089199
2022-11-18 09:00:00,37567,40040.24917310351
2022-11-18 10:00:00,34178,33759.968522567826
2022-11-18 11:00:00,38374,36396.925501052974
2022-11-18 12:00:00,51044,43103.777052680605
2022-11-18 13:00:00,70037,63730.74406328754
2022-11-18 14:00:00,58194,64856.590912398206
2022-11-18 15:00:00,64516,61612.13481526976
2022-11-18 16:00:00,59521,67618.7139752074
2022-11-18 17:00:00,62714,58877.85791039646
2022-11-18 18:00:00,45363,52137.77321309581
2022-11-18 19:00:00,34226,36072.53023339447
2022-11-18 20:00:00,26843,26515.443041859857
2022-11-18 21:00:00,20784,19732.997899653164
2022-11-18 22:00:00,20260,16706.59661729857
2022-11-18 23:00:00,13063,15369.815162598099
2022-11-19 00:00:00,4789,7618.744781655159
2022-11-19 01:00:00,1072,2074.6975716933157
2022-11-19 02:00:00,118,0.0
2022-11-19 03:00:00,97,0.0
2022-11-19 04:00:00,1665,1294.4499160247613
2022-11-19 05:00:00,5501,5731.881196714769
2022-11-19 06:00:00,6127,11250.73699140347
2022-11-19 07:00:00,8955,22556.729271889948
2022-11-19 08:00:00,10938,17552.665710730595
2022-11-19 09:00:00,21524,21194.940694912206
2022-11-19 10:00:00,30222,29846.601645117822
2022-11-19 11:00:00,31879,36509.315196080555
2022-11-19 12:00:00,34384,39042.953916558276
2022-11-19 13:00:00,38025,43452.976272500135
2022-11-19 14:00:00,44384,45085.06676608992
2022-11-19 15:00:00,39362,49889.84657339083
2022-11-19 16:00:00,44744,47546.828117330144
2022-11-19 17:00:00,42276,49746.15744139742
2022-11-19 18:00:00,36277,44217.18708344224
2022-11-19 19:00:00,29003,32639.096159709094
2022-11-19 20:00:00,25445,26526.72244416381
2022-11-19 21:00:00,14784,21961.654691385404
2022-11-19 22:00:00,19391,15836.92246976476
2022-11-19 23:00:00,15495,16647.557064277396
2022-11-20 00:00:00,7746,10960.314632742993
2022-11-20 01:00:00,5925,5196.744378486007
2022-11-20 02:00:00,3363,3643.433643065383
2022-11-20 03:00:00,2637,1969.956052580409
2022-11-20 04:00:00,3441,2490.1751333361362
2022-11-20 05:00:00,3751,4546.647076212414
2022-11-20 06:00:00,3842,3366.6498257438143
2022-11-20 07:00:00,5085,3119.328121245742
2022-11-20 08:00:00,5814,6702.565282942418
2022-11-20 09:00:00,10459,11830.234152863926
2022-11-20 10:00:00,12400,16922.5269040806
2022-11-20 11:00:00,16103,18955.621542031753
2022-11-20 12:00:00,18243,22533.775910238473
2022-11-20 13:00:00,20931,24549.02832779255
2022-11-20 14:00:00,22806,29018.746609839196
2022-11-20 15:00:00,22851,28047.32002667283
2022-11-20 16:00:00,31579,29914.511500375833
2022-11-20 17:00:00,26575,36270.37573134632
2022-11-20 18:00:00,21971,27715.90564974254
2022-11-20 19:00:00,20933,21513.59694936342
2022-11-20 20:00:00,15760,20223.470799846204
2022-11-20 21:00:00,11167,13852.14422046678
2022-11-20 22:00:00,8743,11660.995965797103
2022-11-20 23:00:00,4005,8596.10106988874
2022-11-21 00:00:00,12309,5258.470192228135
2022-11-21 01:00:00,5880,10040.086953632037
2022-11-21 02:00:00,3338,5144.120897445523
2022-11-21 03:00:00,2217,2598.588487021585
2022-11-21 04:00:00,4585,3325.022751719418
2022-11-21 05:00:00,20260,10303.178492166933
2022-11-21 06:00:00,48510,27995.575286282015
2022-11-21 07:00:00,107065,61565.33053772848
2022-11-21 08:00:00,52796,72434.62485571938
2022-11-21 09:00:00,47732,40965.01534477689
2022-11-21 10:00:00,35540,33654.23034257986
2022-11-21 11:00:00,37864,31681.361444800314
2022-11-21 12:00:00,45826,37245.870360631896
2022-11-21 13:00:00,62039,49401.19153076089
2022-11-21 14:00:00,51365,52560.42458257502
2022-11-21 15:00:00,64898,52840.457035422005
2022-11-21 16:00:00,81863,63385.83483511495
2022-11-21 17:00:00,62139,67423.0881398312
2022-11-21 18:00:00,42070,46936.9740446674
2022-11-21 19:00:00,30018,31329.15641643024
2022-11-21 20:00:00,20865,22987.563113219097
2022-11-21 21:00:00,14670,16056.783536427118
2022-11-21 22:00:00,13375,12210.45616826229
2022-11-21 23:00:00,8994,9439.806889704203
2022-11-22 00:00:00,2507,7446.628821783928
2022-11-22 01:00:00,608,1608.3282057370789
2022-11-22 02:00:00,50,408.18880330313306
2022-11-22 03:00:00,4,324.1865967960871
2022-11-22 04:00:00,2438,2130.6997208831635
2022-11-22 05:00:00,14704,12201.082679863868
2022-11-22 06:00:00,40818,33157.814483084454
2022-11-22 07:00:00,107146,77884.85271884095
2022-11-22 08:00:00,51996,82351.19779717155
2022-11-22 09:00:00,44892,47962.39461675312
2022-11-22 10:00:00,31473,36640.72931331395
2022-11-22 11:00:00,38712,33069.46886274708
2022-11-22 12:00:00,45524,42655.29441114327
2022-11-22 13:00:00,61231,55983.58334760944
2022-11-22 14:00:00,52672,57843.249212267416
2022-11-22 15:00:00,56217,60315.86573692093
2022-11-22 16:00:00,64022,66390.42077824395
2022-11-22 17:00:00,53642,62198.83521002188
2022-11-22 18:00:00,36471,46112.090472552925
2022-11-22 19:00:00,22799,30478.97752219688
2022-11-22 20:00:00,17837,19601.977469320285
2022-11-22 21:00:00,13862,14870.467408917235
2022-11-22 22:00:00,10242,12932.607236214344
2022-11-22 23:00:00,6383,8221.876888244902
2022-11-23 00:00:00,3910,4009.228958688888
2022-11-23 01:00:00,915,1689.4691976727008
2022-11-23 02:00:00,8,32.171220225718685
2022-11-23 03:00:00,0,0.0
2022-11-23 04:00:00,2914,1739.6908688340416
2022-11-23 05:00:00,15369,11421.42584606708
2022-11-23 06:00:00,40327,31221.271360762083
2022-11-23 07:00:00,98289,76409.31977528156
2022-11-23 08:00:00,48925,76189.96293397355
2022-11-23 09:00:00,42588,46150.85239050211
2022-11-23 10:00:00,35435,35080.643421702174
2022-11-23 11:00:00,38033,36540.10862771275
2022-11-23 12:00:00,49057,43609.252899160536
2022-11-23 13:00:00,63872,59378.66157442944
2022-11-23 14:00:00,47603,60719.61731112762
2022-11-23 15:00:00,63067,57401.449318734325
2022-11-23 16:00:00,75064,65250.254909883995
2022-11-23 17:00:00,63511,66632.199449289
2022-11-23 18:00:00,44971,51445.78709398094
2022-11-23 19:00:00,31381,34006.27140137473
2022-11-23 20:00:00,21425,23876.28527351712
2022-11-23 21:00:00,12816,16185.140364870747
2022-11-23 22:00:00,12846,11036.916626846412
2022-11-23 23:00:00,8099,9308.976595326498
2022-11-24 00:00:00,2883,5345.223970624656
2022-11-24 01:00:00,798,862.5432930042545
2022-11-24 02:00:00,140,0.0
2022-11-24 03:00:00,22,0.0
2022-11-24 04:00:00,3229,1728.6748423780293
2022-11-24 05:00:00,16706,11150.290637384458
2022-11-24 06:00:00,42153,32126.360256243366
2022-11-24 07:00:00,91832,75052.13226110597
2022-11-24 08:00:00,39124,71928.046854271
2022-11-24 09:00:00,35850,39744.41889861234
2022-11-24 10:00:00,29865,32053.452700829504
2022-11-24 11:00:00,32966,32951.43427699437
2022-11-24 12:00:00,41955,39514.07880100242
2022-11-24 13:00:00,59440,56007.835323378335
2022-11-24 14:00:00,53720,56171.66870100475
2022-11-24 15:00:00,64659,60265.43425566489
2022-11-24 16:00:00,67605,71247.98490414402
2022-11-24 17:00:00,58126,66608.52481662568
2022-11-24 18:00:00,44910,48421.67754404249
2022-11-24 19:00:00,30390,35491.06101002322
2022-11-24 20:00:00,23175,23329.220163708727
2022-11-24 21:00:00,14621,16788.703368719776
2022-11-24 22:00:00,14966,12555.270529367599
2022-11-24 23:00:00,9149,11119.691477867094
2022-11-25 00:00:00,2717,5862.4643432199155
2022-11-25 01:00:00,1066,678.9425309860189
2022-11-25 02:00:00,64,20.112406547089336
2022-11-25 03:00:00,10,0.0
2022-11-25 04:00:00,3594,1803.520954770045
2022-11-25 05:00:00,17346,11950.574432721334
2022-11-25 06:00:00,37018,31484.556672607643
2022-11-25 07:00:00,83849,69253.46131977777
2022-11-25 08:00:00,45292,62326.14082477664
2022-11-25 09:00:00,44598,41373.008536970025
2022-11-25 10:00:00,35783,37426.2628921786
2022-11-25 11:00:00,43839,36304.92031026418
2022-11-25 12:00:00,58071,47194.56962409719
2022-11-25 13:00:00,85121,65537.59419943429
2022-11-25 14:00:00,68544,73621.35397469731
2022-11-25 15:00:00,76232,69331.74466580586
2022-11-25 16:00:00,72858,71506.74479976195
2022-11-25 17:00:00,68658,66166.51630225092
2022-11-25 18:00:00,55895,55988.838524720835
2022-11-25 19:00:00,45966,43184.53645312141
2022-11-25 20:00:00,32643,34857.79829090088
2022-11-25 21:00:00,26823,23785.609745920097
2022-11-25 22:00:00,26530,21630.822501198665
2022-11-25 23:00:00,16118,19060.76984545884
2022-11-26 00:00:00,5672,8997.754084851174
2022-11-26 01:00:00,1396,2181.7551776125133
2022-11-26 02:00:00,199,0.0
2022-11-26 03:00:00,238,0.0
2022-11-26 04:00:00,3340,1495.1909826395975
2022-11-26 05:00:00,5862,7029.410765549316
2022-11-26 06:00:00,8363,11718.863882644577
2022-11-26 07:00:00,9181,22450.9854706069
2022-11-26 08:00:00,13919,16955.350719586953
2022-11-26 09:00:00,21210,22901.581086368045
2022-11-26 10:00:00,29076,27326.4430506387
2022-11-26 11:00:00,32929,33466.56346807914
2022-11-26 12:00:00,35875,38484.15165426166
2022-11-26 13:00:00,42830,45927.45811426977
2022-11-26 14:00:00,46333,48647.2794752428
2022-11-26 15:00:00,49844,50223.75557422164
2022-11-26 16:00:00,50726,53217.90566160429
2022-11-26 17:00:00,57096,51894.609356011875
2022-11-26 18:00:00,51452,51690.19296087109
2022-11-26 19:00:00,39218,43868.38686477881
2022-11-26 20:00:00,36460,32619.570691168672
2022-11-26 21:00:00,33014,27547.040670350398
2022-11-26 22:00:00,22374,27507.191545918155
2022-11-26 23:00:00,16895,18001.881096139696
2022-11-27 00:00:00,10698,10436.089557781299
2022-11-27 01:00:00,6845,6630.909570941337
2022-11-27 02:00:00,3323,4030.6055788905405
2022-11-27 03:00:00,929,2148.598079518807
2022-11-27 04:00:00,2150,1962.045873000711
2022-11-27 05:00:00,3403,3338.0362293564203
2022-11-27 06:00:00,4676,3691.2919462478694
2022-11-27 07:00:00,4703,3860.4781039552377
2022-11-27 08:00:00,6662,6643.050587460784
2022-11-27 09:00:00,10848,11228.964412034584
2022-11-27 10:00:00,16699,15715.119584747026
2022-11-27 11:00:00,17521,20348.75340193636
2022-11-27 12:00:00,22513,21208.61449121635
2022-11-27 13:00:00,23091,25710.021886044444
2022-11-27 14:00:00,29220,27674.787317665738
2022-11-27 15:00:00,29577,31172.149599930563
2022-11-27 16:00:00,28991,34079.40615029334
2022-11-27 17:00:00,36479,33366.9668906836
2022-11-27 18:00:00,26487,35836.396120869766
2022-11-27 19:00:00,21125,26236.571555981543
2022-11-27 20:00:00,18563,21174.73400776626
2022-11-27 21:00:00,10782,18111.143675426858
2022-11-27 22:00:00,9927,11345.978269492714
2022-11-27 23:00:00,5277,8921.998336479846
2022-11-28 00:00:00,11596,7083.523518027188
2022-11-28 01:00:00,9129,8963.031064134122
2022-11-28 02:00:00,7030,6511.455306250377
2022-11-28 03:00:00,1542,4392.562395926048
2022-11-28 04:00:00,2800,2468.558915433282
2022-11-28 05:00:00,14509,9390.755562159056
2022-11-28 06:00:00,38706,25063.860168666615
2022-11-28 07:00:00,84064,56687.13172358258
2022-11-28 08:00:00,42917,58616.58914216122
2022-11-28 09:00:00,38988,36872.73495563761
2022-11-28 10:00:00,27952,31473.372851985034
2022-11-28 11:00:00,30771,28229.833028767316
2022-11-28 12:00:00,40364,34114.52859844245
2022-11-28 13:00:00,60934,45578.65671939155
2022-11-28 14:00:00,54259,52606.46335399553
2022-11-28 15:00:00,70541,54327.59105484445
2022-11-28 16:00:00,73403,66383.70508900812
2022-11-28 17:00:00,61373,62683.928099276054
2022-11-28 18:00:00,43176,47094.11916523174
2022-11-28 19:00:00,28378,32349.053527136413
2022-11-28 20:00:00,23717,21976.007306577114
2022-11-28 21:00:00,14135,16856.3669726561
2022-11-28 22:00:00,12731,12014.775651799915
2022-11-28 23:00:00,7391,9238.902425518438
2022-11-29 00:00:00,3066,6288.819779045492
2022-11-29 01:00:00,846,2687.9679903023575
2022-11-29 02:00:00,136,1401.6842790953738
2022-11-29 03:00:00,91,203.45386504254597
2022-11-29 04:00:00,3184,1633.3678491048136
2022-11-29 05:00:00,17337,10974.900255941362
2022-11-29 06:00:00,43536,32256.201156062292
2022-11-29 07:00:00,93459,76161.02488632165
2022-11-29 08:00:00,49526,71693.05404651607
2022-11-29 09:00:00,39039,45880.88290030001
2022-11-29 10:00:00,30752,32367.815938998974
2022-11-29 11:00:00,38331,32611.52512365846
2022-11-29 12:00:00,40793,42491.21705705609
2022-11-29 13:00:00,58787,53269.263469745914
2022-11-29 14:00:00,50115,56351.84125379085
2022-11-29 15:00:00,67506,58267.00766736285
2022-11-29 16:00:00,77525,69846.75840261996
2022-11-29 17:00:00,58852,68803.48213564751
2022-11-29 18:00:00,38538,47715.70797548941
2022-11-29 19:00:00,29113,29134.108052142867
2022-11-29 20:00:00,22779,22943.141208598296
2022-11-29 21:00:00,15952,16996.407790760255
2022-11-29 22:00:00,12374,13022.39714930961
2022-11-29 23:00:00,8120,8887.179134202373
2022-11-30 00:00:00,3785,5210.34565784388
2022-11-30 01:00:00,1128,1501.1251631552277
2022-11-30 02:00:00,77,94.50609678367607
2022-11-30 03:00:00,39,0.0
2022-11-30 04:00:00,2478,1854.9386613191348
2022-11-30 05:00:00,18957,11267.017435277587
2022-11-30 06:00:00,35321,34186.21935805388
2022-11-30 07:00:00,87137,70857.44179495887
2022-11-30 08:00:00,50814,68413.42805991755
2022-11-30 09:00:00,46906,46689.832208566084
2022-11-30 10:00:00,33317,39109.48647262772
2022-11-30 11:00:00,41092,35473.20541417742
2022-11-30 12:00:00,51380,44609.99997174864
2022-11-30 13:00:00,68714,59949.22922740861
2022-11-30 14:00:00,52622,60351.32318842215
2022-11-30 15:00:00,68292,60088.961074091414
2022-11-30 16:00:00,70185,73141.99451270983
2022-11-30 17:00:00,59371,65707.66830884744
2022-11-30 18:00:00,46346,49133.45803915655
2022-11-30 19:00:00,29260,36505.72682898948
2022-11-30 20:00:00,25889,23587.274566041793
2022-11-30 21:00:00,15628,18718.56405246693
2022-11-30 22:00:00,15080,13192.275355520547
2022-11-30 23:00:00,5728,10985.782936001813
2022-12-01 00:00:00,3479,3592.404522871939
2022-12-01 01:00:00,570,1240.2622857025453
2022-12-01 02:00:00,6,0.0
2022-12-01 03:00:00,71,0.0
2022-12-01 04:00:00,3092,1827.9599029494734
2022-12-01 05:00:00,14937,12375.349512776891
2022-12-01 06:00:00,32200,30336.152911629113
2022-12-01 07:00:00,80371,66234.98863019027
2022-12-01 08:00:00,44596,62448.832698274186
2022-12-01 09:00:00,41397,43130.24804109751
2022-12-01 10:00:00,31668,35333.230824329636
2022-12-01 11:00:00,37331,34174.57563488602
2022-12-01 12:00:00,45601,43213.94602670236
2022-12-01 13:00:00,63576,57494.337524170376
2022-12-01 14:00:00,51907,59176.680740428186
2022-12-01 15:00:00,66142,60516.53080906754
2022-12-01 16:00:00,69533,68854.56644837886
2022-12-01 17:00:00,58914,64264.02182804317
2022-12-01 18:00:00,52154,50565.82612688151
2022-12-01 19:00:00,37031,40029.67464332281
2022-12-01 20:00:00,22053,29399.821466059264
2022-12-01 21:00:00,18473,16226.815480899868
2022-12-01 22:00:00,16702,15780.579824377228
2022-12-01 23:00:00,9312,11900.301833276602
2022-12-02 00:00:00,3534,5595.869120022369
2022-12-02 01:00:00,784,1087.0266443805563
2022-12-02 02:00:00,2,0.0
2022-12-02 03:00:00,19,0.0
2022-12-02 04:00:00,2673,1993.519568628415
2022-12-02 05:00:00,11970,11420.618136085222
2022-12-02 06:00:00,39316,26670.29686770214
2022-12-02 07:00:00,84961,67613.19532745282
2022-12-02 08:00:00,46053,65489.02512781044
2022-12-02 09:00:00,38515,44448.61345844967
2022-12-02 10:00:00,34993,34242.86377416156
2022-12-02 11:00:00,40332,37902.1342682321
2022-12-02 12:00:00,56038,47616.44471834971
2022-12-02 13:00:00,62649,68574.26248675131
2022-12-02 14:00:00,54926,61540.764753685224
2022-12-02 15:00:00,58592,64067.76256225543
2022-12-02 16:00:00,62099,65118.23298919945
2022-12-02 17:00:00,53699,61699.061512468266
2022-12-02 18:00:00,46053,51409.69947740132
2022-12-02 19:00:00,30667,41709.409032683514
2022-12-02 20:00:00,32171,27123.25964488239
2022-12-02 21:00:00,22628,26265.193825864066
2022-12-02 22:00:00,23436,21503.85621327765
2022-12-02 23:00:00,15780,17904.018306017657
2022-12-03 00:00:00,4450,9403.594598779397
2022-12-03 01:00:00,1753,1580.534324800276
2022-12-03 02:00:00,113,204.30828475746034
2022-12-03 03:00:00,64,0.0
2022-12-03 04:00:00,3078,1552.4655350250057
2022-12-03 05:00:00,6796,5836.2297584487105
2022-12-03 06:00:00,6987,13299.473801588212
2022-12-03 07:00:00,9932,21860.664220318184
2022-12-03 08:00:00,16077,18229.32183425063
2022-12-03 09:00:00,24081,22993.04763368336
2022-12-03 10:00:00,31393,28654.920129714475
2022-12-03 11:00:00,36692,34292.30135672429
2022-12-03 12:00:00,40859,40602.24069789607
2022-12-03 13:00:00,42261,45327.79655437056
2022-12-03 14:00:00,52200,45640.39781814514
2022-12-03 15:00:00,56335,52386.18031894341
2022-12-03 16:00:00,53943,56377.24507027708
2022-12-03 17:00:00,49412,53760.47660605084
2022-12-03 18:00:00,50246,47813.1587124741
2022-12-03 19:00:00,42003,42170.164608788975
2022-12-03 20:00:00,31917,37147.985335622485
2022-12-03 21:00:00,32280,27900.752264178074
2022-12-03 22:00:00,26395,26996.295212107958
2022-12-03 23:00:00,21920,21026.09079819692
2022-12-04 00:00:00,11589,14083.591502906278
2022-12-04 01:00:00,8717,7284.18412764714
2022-12-04 02:00:00,3757,4845.340451617422
2022-12-04 03:00:00,2435,1933.6968360312628
2022-12-04 04:00:00,3091,2472.9741640263915
2022-12-04 05:00:00,4475,4006.1579655066616
2022-12-04 06:00:00,4870,4101.4084626573285
2022-12-04 07:00:00,6376,3991.364816928693
2022-12-04 08:00:00,6423,8283.398660093193
2022-12-04 09:00:00,8496,11726.303682734271
2022-12-04 10:00:00,14024,15508.09727780266
2022-12-04 11:00:00,17694,19799.209910026315
2022-12-04 12:00:00,18350,23462.684364912275
2022-12-04 13:00:00,24717,23570.4320646657
2022-12-04 14:00:00,24905,31326.48133805301
2022-12-04 15:00:00,27267,31475.07907254575
2022-12-04 16:00:00,25656,32687.11998193027
2022-12-04 17:00:00,26667,32126.270948512385
2022-12-04 18:00:00,25237,30549.024546044806
2022-12-04 19:00:00,18111,26373.316699206815
2022-12-04 20:00:00,15928,19456.52249133915
2022-12-04 21:00:00,10899,16391.925436213995
2022-12-04 22:00:00,8431,12706.472848841879
2022-12-04 23:00:00,3175,9430.771213274757
2022-12-05 00:00:00,10956,5794.095740388966
2022-12-05 01:00:00,7592,9777.876891563914
2022-12-05 02:00:00,4033,6649.744420985485
2022-12-05 03:00:00,1117,2710.7842942561974
2022-12-05 04:00:00,2123,2114.80405195195
2022-12-05 05:00:00,14342,8052.177387464908
2022-12-05 06:00:00,38414,22753.682282285983
2022-12-05 07:00:00,84160,51737.618076440995
2022-12-05 08:00:00,41104,56429.37774022464
2022-12-05 09:00:00,38328,33293.55424409861
2022-12-05 10:00:00,27839,28824.15795028254
2022-12-05 11:00:00,31822,26706.19194414345
2022-12-05 12:00:00,35629,32728.383516539834
2022-12-05 13:00:00,52487,42661.81623962225
2022-12-05 14:00:00,44956,47029.024972135936
2022-12-05 15:00:00,63950,49579.90682639501
2022-12-05 16:00:00,70424,60180.2044223555
2022-12-05 17:00:00,59959,59067.09606791385
2022-12-05 18:00:00,41321,46557.20524246046
2022-12-05 19:00:00,28484,30350.919925093862
2022-12-05 20:00:00,20331,22231.86479799149
2022-12-05 21:00:00,16709,14708.05383959613
2022-12-05 22:00:00,11989,13233.462816453772
2022-12-05 23:00:00,6298,8105.094418887395
2022-12-06 00:00:00,1953,5472.526266226938
2022-12-06 01:00:00,601,1770.5853772452347
2022-12-06 02:00:00,107,714.6058899710606
2022-12-06 03:00:00,17,175.14141000185452
2022-12-06 04:00:00,2878,1707.086260179532
2022-12-06 05:00:00,16055,11419.792693838097
2022-12-06 06:00:00,38367,32000.559172249457
2022-12-06 07:00:00,91740,69879.68042142615
2022-12-06 08:00:00,47989,69814.60436619344
2022-12-06 09:00:00,42547,43742.31929604593
2022-12-06 10:00:00,35245,34510.956674782836
2022-12-06 11:00:00,41784,35613.54058147925
2022-12-06 12:00:00,49564,42397.149788229806
2022-12-06 13:00:00,59000,56249.60226034884
2022-12-06 14:00:00,49319,53686.89265135573
2022-12-06 15:00:00,61144,58484.93633907006
2022-12-06 16:00:00,74806,68224.9113990676
2022-12-06 17:00:00,59152,68086.78077836767
2022-12-06 18:00:00,46658,48419.63947255365
2022-12-06 19:00:00,30767,35839.32889106516
2022-12-06 20:00:00,24561,24342.84119368164
2022-12-06 21:00:00,19241,18699.511019453676
2022-12-06 22:00:00,13680,15319.717907796638
2022-12-06 23:00:00,8282,9739.946088029666
2022-12-07 00:00:00,3129,4872.158392337389
2022-12-07 01:00:00,822,1015.677114382633
2022-12-07 02:00:00,106,0.0
2022-12-07 03:00:00,76,0.0
2022-12-07 04:00:00,2975,1732.0677504768425
2022-12-07 05:00:00,16939,12198.196905668621
2022-12-07 06:00:00,34947,30707.516551934583
2022-12-07 07:00:00,78827,67854.43431040144
2022-12-07 08:00:00,44840,63362.854269187636
2022-12-07 09:00:00,43279,44741.23407586442
2022-12-07 10:00:00,36813,37769.879890167096
2022-12-07 11:00:00,40069,39435.42409703287
2022-12-07 12:00:00,48290,46511.9229573369
2022-12-07 13:00:00,68834,58962.695532902675
2022-12-07 14:00:00,46702,61480.911646645865
2022-12-07 15:00:00,57554,56343.1219060999
2022-12-07 16:00:00,62282,64769.11615881022
2022-12-07 17:00:00,57876,60289.91361639202
2022-12-07 18:00:00,39694,50744.11870983293
2022-12-07 19:00:00,27394,32576.879790265826
2022-12-07 20:00:00,24759,23945.201951179006
2022-12-07 21:00:00,19015,19671.451883297814
2022-12-07 22:00:00,13629,16297.270510219993
2022-12-07 23:00:00,7649,9577.252563780034
2022-12-08 00:00:00,3739,4658.831218553396
2022-12-08 01:00:00,882,1334.4401598055115
2022-12-08 02:00:00,80,0.0
2022-12-08 03:00:00,29,0.0
2022-12-08 04:00:00,1534,1857.2504290709628
2022-12-08 05:00:00,13651,10571.706626583253
2022-12-08 06:00:00,36001,27241.755211987358
2022-12-08 07:00:00,84641,64448.408754160766
2022-12-08 08:00:00,46428,65064.56961737496
2022-12-08 09:00:00,43731,44447.395390579564
2022-12-08 10:00:00,33125,37700.95801644668
2022-12-08 11:00:00,40047,35818.38147665171
2022-12-08 12:00:00,46632,44971.46352666965
2022-12-08 13:00:00,60868,58985.90146850023
2022-12-08 14:00:00,52337,55760.99703092276
2022-12-08 15:00:00,64082,58881.79984285496
2022-12-08 16:00:00,64573,66471.1307327096
2022-12-08 17:00:00,57214,60999.30695167746
2022-12-08 18:00:00,42914,49905.37785745669
2022-12-08 19:00:00,31685,35550.72372202594
2022-12-08 20:00:00,27839,25830.030247048715
2022-12-08 21:00:00,19652,21989.103785365412
2022-12-08 22:00:00,18977,16714.16906715792
2022-12-08 23:00:00,10142,13471.336442696105
2022-12-09 00:00:00,3601,6266.614585337931
2022-12-09 01:00:00,709,1006.2499471898735
2022-12-09 02:00:00,10,0.0
2022-12-09 03:00:00,104,0.0
2022-12-09 04:00:00,2650,1521.6940957393695
2022-12-09 05:00:00,14600,9934.583892637964
2022-12-09 06:00:00,32268,29633.71105247458
2022-12-09 07:00:00,79520,64249.45136579408
2022-12-09 08:00:00,41342,62566.99591281277
2022-12-09 09:00:00,34719,41017.47746987592
2022-12-09 10:00:00,30331,32303.369579845697
2022-12-09 11:00:00,37441,35099.52917342678
2022-12-09 12:00:00,49291,45719.57762012845
2022-12-09 13:00:00,63013,58985.69382696424
2022-12-09 14:00:00,56669,59053.655186118944
2022-12-09 15:00:00,61203,61125.12244129511
2022-12-09 16:00:00,59190,63291.13518159236
2022-12-09 17:00:00,53266,56114.59404454545
2022-12-09 18:00:00,50001,46929.44749330668
2022-12-09 19:00:00,32389,39826.2349457624
2022-12-09 20:00:00,30130,29271.82803517099
2022-12-09 21:00:00,23900,24139.78684603075
2022-12-09 22:00:00,20615,22032.58439516869
2022-12-09 23:00:00,16480,16297.621105562015
2022-12-10 00:00:00,5624,9564.904443939244
2022-12-10 01:00:00,1338,2517.667647282543
2022-12-10 02:00:00,66,0.0
2022-12-10 03:00:00,428,0.0
2022-12-10 04:00:00,4609,1740.712237871084
2022-12-10 05:00:00,7399,7556.828543535751
2022-12-10 06:00:00,7279,11871.322784575254
2022-12-10 07:00:00,11732,21000.553590885516
2022-12-10 08:00:00,17427,18840.514875189547
2022-12-10 09:00:00,24849,23662.302772681112
2022-12-10 10:00:00,35249,28502.53567401602
2022-12-10 11:00:00,36455,36897.614325895745
2022-12-10 12:00:00,45037,40074.481238237975
2022-12-10 13:00:00,48297,47732.82438551579
2022-12-10 14:00:00,55557,51086.7678778325
2022-12-10 15:00:00,57136,56210.74122251166
2022-12-10 16:00:00,61020,56653.13942587759
2022-12-10 17:00:00,59185,56252.56957014723
2022-12-10 18:00:00,51119,54405.86836573962
2022-12-10 19:00:00,37686,43210.83470445377
2022-12-10 20:00:00,35862,32478.406540446427
2022-12-10 21:00:00,29876,30516.623863569715
2022-12-10 22:00:00,20216,25946.307853779916
2022-12-10 23:00:00,16768,18224.003192741184
2022-12-11 00:00:00,14594,11474.040361708894
2022-12-11 01:00:00,8051,9900.03628959823
2022-12-11 02:00:00,4756,4804.42889517542
2022-12-11 03:00:00,2017,2839.2776487922647
2022-12-11 04:00:00,1848,2673.5941618207053
2022-12-11 05:00:00,1359,3540.8801435216865
2022-12-11 06:00:00,3556,2353.2003794521825
2022-12-11 07:00:00,4346,4014.0937760344837
2022-12-11 08:00:00,5099,7398.41982525288
2022-12-11 09:00:00,10382,10615.673373768537
2022-12-11 10:00:00,14210,17104.142682231082
2022-12-11 11:00:00,19244,19944.813565100107
2022-12-11 12:00:00,22899,24282.410353321422
2022-12-11 13:00:00,27583,27952.408739605235
2022-12-11 14:00:00,28617,32728.374788949317
2022-12-11 15:00:00,32378,33206.84058581966
2022-12-11 16:00:00,32462,36447.74396120148
2022-12-11 17:00:00,30052,35925.714850302815
2022-12-11 18:00:00,27894,32241.038884808782
2022-12-11 19:00:00,19825,26098.9428763154
2022-12-11 20:00:00,19519,20563.613475770813
2022-12-11 21:00:00,13209,18036.042114586133
2022-12-11 22:00:00,8136,12415.422990691643
2022-12-11 23:00:00,5317,7493.712937273124
2022-12-12 00:00:00,13213,7519.675245518198
2022-12-12 01:00:00,7908,10707.993598033094
2022-12-12 02:00:00,5187,6247.3595358719795
2022-12-12 03:00:00,1301,3142.9911055754155
2022-12-12 04:00:00,3477,1789.5984700463755
2022-12-12 05:00:00,18656,8165.7678453202125
2022-12-12 06:00:00,36085,25199.184978609403
2022-12-12 07:00:00,89260,49734.31358058735
2022-12-12 08:00:00,52812,58797.13198987265
2022-12-12 09:00:00,38733,40989.39976432793
2022-12-12 10:00:00,37466,28671.436300657653
2022-12-12 11:00:00,39517,32770.33981218928
2022-12-12 12:00:00,51332,37323.31526663839
2022-12-12 13:00:00,64519,50716.7340516297
2022-12-12 14:00:00,52908,52723.9364321477
2022-12-12 15:00:00,61007,53164.191212568694
2022-12-12 16:00:00,69997,58350.61257332982
2022-12-12 17:00:00,59620,58912.31198038499
2022-12-12 18:00:00,39065,46630.55819762426
2022-12-12 19:00:00,27209,29328.19005995396
2022-12-12 20:00:00,21287,21461.24584441915
2022-12-12 21:00:00,13472,16417.14425878728
2022-12-12 22:00:00,10527,11006.633660338886
2022-12-12 23:00:00,6919,7378.802071704638
2022-12-13 00:00:00,2581,6266.201843974115
2022-12-13 01:00:00,510,2242.2634998141943
2022-12-13 02:00:00,20,768.5229326104026
2022-12-13 03:00:00,9,30.420817228557553
2022-12-13 04:00:00,980,1920.1131593221824
2022-12-13 05:00:00,8397,10830.59543453416
2022-12-13 06:00:00,29568,25541.30646434056
2022-12-13 07:00:00,79963,65188.10391763006
2022-12-13 08:00:00,36117,64951.194272685054
2022-12-13 09:00:00,33593,37703.43055109017
2022-12-13 10:00:00,34801,32601.034391850997
2022-12-13 11:00:00,36775,38419.24364840218
2022-12-13 12:00:00,39962,44896.36382889342
2022-12-13 13:00:00,51869,52727.8629482422
2022-12-13 14:00:00,44784,51031.50402574415
2022-12-13 15:00:00,63903,54159.44309104899
2022-12-13 16:00:00,64689,69693.34606586896
2022-12-13 17:00:00,55322,61864.626759302584
2022-12-13 18:00:00,35968,47354.53250125907
2022-12-13 19:00:00,25577,29735.494166141478
2022-12-13 20:00:00,20215,21999.450154301725
2022-12-13 21:00:00,12215,16618.379760171934
2022-12-13 22:00:00,12396,11181.710198696954
2022-12-13 23:00:00,6100,9327.981325924953
2022-12-14 00:00:00,2783,3841.268063682853
2022-12-14 01:00:00,145,804.5583213278604
2022-12-14 02:00:00,0,0.0
2022-12-14 03:00:00,19,0.0
2022-12-14 04:00:00,2620,1448.6847418580203
2022-12-14 05:00:00,15045,9939.767481174402
2022-12-14 06:00:00,37419,27608.125536775253
2022-12-14 07:00:00,93413,65161.99368813353
2022-12-14 08:00:00,53065,68854.3921496969
2022-12-14 09:00:00,42599,46944.978388883734
2022-12-14 10:00:00,35649,37187.71088097376
2022-12-14 11:00:00,29297,37033.079560845
2022-12-14 12:00:00,47771,37061.21331357467
2022-12-14 13:00:00,68910,57395.87724051406
2022-12-14 14:00:00,59400,59805.035967123804
2022-12-14 15:00:00,69539,62492.825839619174
2022-12-14 16:00:00,74167,68219.3418084874
2022-12-14 17:00:00,57748,65880.97589390932
2022-12-14 18:00:00,41291,46272.679834875875
2022-12-14 19:00:00,33182,31506.57766180396
2022-12-14 20:00:00,24715,26356.42405701286
2022-12-14 21:00:00,17333,18781.514392111218
2022-12-14 22:00:00,15213,14355.35256531464
2022-12-14 23:00:00,7534,10583.826617554962
2022-12-15 00:00:00,3051,4632.8931747424995
2022-12-15 01:00:00,765,751.5352176985376
2022-12-15 02:00:00,25,0.0
2022-12-15 03:00:00,35,0.0
2022-12-15 04:00:00,1922,1445.34119406534
2022-12-15 05:00:00,12386,10139.340758863473
2022-12-15 06:00:00,36855,27717.008909168115
2022-12-15 07:00:00,89295,68968.64315052619
2022-12-15 08:00:00,56340,70257.96549988013
2022-12-15 09:00:00,45895,50993.018755042925
2022-12-15 10:00:00,38668,38781.14952062979
2022-12-15 11:00:00,39881,37178.196679570225
2022-12-15 12:00:00,49770,44801.94904959799
2022-12-15 13:00:00,61848,60109.55894326429
2022-12-15 14:00:00,51035,59073.72918532025
2022-12-15 15:00:00,53159,59912.45663898078
2022-12-15 16:00:00,49240,60882.19969648151
2022-12-15 17:00:00,52361,51109.66077468232
2022-12-15 18:00:00,42589,45860.32024972012
2022-12-15 19:00:00,32828,36179.18596874841
2022-12-15 20:00:00,20436,28084.53927098727
2022-12-15 21:00:00,18158,17136.341694841765
2022-12-15 22:00:00,12212,16738.173835087437
2022-12-15 23:00:00,10028,9658.289113399782
2022-12-16 00:00:00,4179,6238.804236714734
2022-12-16 01:00:00,333,1668.0082457478306
2022-12-16 02:00:00,0,0.0
2022-12-16 03:00:00,16,0.0
2022-12-16 04:00:00,2686,1560.092175881291
2022-12-16 05:00:00,12592,10285.389161574496
2022-12-16 06:00:00,31672,26966.307961772196
2022-12-16 07:00:00,70089,63565.545572396244
2022-12-16 08:00:00,42134,57706.88184831802
2022-12-16 09:00:00,38870,41284.18084581648
2022-12-16 10:00:00,30454,35493.00191851976
2022-12-16 11:00:00,35286,34396.573223618296
2022-12-16 12:00:00,48541,43370.24675755751
2022-12-16 13:00:00,56653,58820.7846486846
2022-12-16 14:00:00,44497,55265.67830830749
2022-12-16 15:00:00,50598,51868.90447990011
2022-12-16 16:00:00,58953,53239.069347340126
2022-12-16 17:00:00,56667,55618.11904801109
2022-12-16 18:00:00,44764,50427.40661691652
2022-12-16 19:00:00,27699,37096.26210775781
2022-12-16 20:00:00,22196,24218.40446297654
2022-12-16 21:00:00,17113,19420.105449731906
2022-12-16 22:00:00,19597,15968.205818605087
2022-12-16 23:00:00,11571,16277.816124277892
2022-12-17 00:00:00,4888,7191.379840639029
2022-12-17 01:00:00,1493,2002.5051832745094
2022-12-17 02:00:00,32,211.8236505762278
2022-12-17 03:00:00,91,0.0
2022-12-17 04:00:00,978,1788.8713449929958
2022-12-17 05:00:00,4338,4983.583514881994
2022-12-17 06:00:00,6633,9944.832916209814
2022-12-17 07:00:00,8594,19262.921373764984
2022-12-17 08:00:00,11114,17481.694668675605
2022-12-17 09:00:00,19619,20695.111915120702
2022-12-17 10:00:00,24536,26408.97719208755
2022-12-17 11:00:00,33902,30005.253437639723
2022-12-17 12:00:00,35191,39652.38531153865
2022-12-17 13:00:00,44277,42100.38661122611
2022-12-17 14:00:00,48836,47038.33726891935
2022-12-17 15:00:00,52174,50482.67170946068
2022-12-17 16:00:00,39370,55343.600012679344
2022-12-17 17:00:00,55799,45846.19490025977
2022-12-17 18:00:00,52711,51931.43422396258
2022-12-17 19:00:00,42596,43401.83336859461
2022-12-17 20:00:00,27277,34968.5469462745
2022-12-17 21:00:00,26943,22986.962837816347
2022-12-17 22:00:00,17250,22376.80988467735
2022-12-17 23:00:00,13932,14643.506628758205
2022-12-18 00:00:00,11122,10305.696574564394
2022-12-18 01:00:00,6177,7773.529417164537
2022-12-18 02:00:00,2230,4025.6136506666753
2022-12-18 03:00:00,1418,1276.1765718484708
2022-12-18 04:00:00,2369,1474.14751964976
2022-12-18 05:00:00,3981,2672.359557993972
2022-12-18 06:00:00,3595,3606.954657346295
2022-12-18 07:00:00,3277,2869.8821299076703
2022-12-18 08:00:00,4998,4985.700629406594
2022-12-18 09:00:00,9026,9902.742760146668
2022-12-18 10:00:00,12209,14120.158620211818
2022-12-18 11:00:00,16280,18438.866514742702
2022-12-18 12:00:00,19663,21478.593413058094
2022-12-18 13:00:00,22850,25935.368181899677
2022-12-18 14:00:00,26693,29444.622215182535
2022-12-18 15:00:00,30462,32332.72522445509
2022-12-18 16:00:00,29023,32530.65596269264
2022-12-18 17:00:00,27514,34008.82013684153
2022-12-18 18:00:00,25869,31704.12493396878
2022-12-18 19:00:00,20976,26426.24840137064
2022-12-18 20:00:00,21799,20470.531652313693
2022-12-18 21:00:00,13659,19471.62624122663
2022-12-18 22:00:00,9462,11929.055618745018
2022-12-18 23:00:00,4913,8104.7408501687105
2022-12-19 00:00:00,9813,7088.95162716021
2022-12-19 01:00:00,4757,8178.0889976334465
2022-12-19 02:00:00,3344,4056.5339182178086
2022-12-19 03:00:00,1119,2107.531448050873
2022-12-19 04:00:00,3168,2268.3411445081183
2022-12-19 05:00:00,12950,9573.403533945062
2022-12-19 06:00:00,37728,21087.79067455988
2022-12-19 07:00:00,91364,51791.93578401963
2022-12-19 08:00:00,54814,62905.77969007011
2022-12-19 09:00:00,44067,41954.12598576599
2022-12-19 10:00:00,34035,33653.97656717356
2022-12-19 11:00:00,38019,31529.56079366005
2022-12-19 12:00:00,53019,39003.6663406397
2022-12-19 13:00:00,59445,53687.50436526931
2022-12-19 14:00:00,50231,50942.67914509844
2022-12-19 15:00:00,69157,50485.04626890966
2022-12-19 16:00:00,74087,62990.84204686734
2022-12-19 17:00:00,61280,60913.58858754721
2022-12-19 18:00:00,46167,46211.81492042339
2022-12-19 19:00:00,31774,33550.16977339577
2022-12-19 20:00:00,23980,24852.42256251105
2022-12-19 21:00:00,19980,17153.946861540397
2022-12-19 22:00:00,10686,14727.12158781511
2022-12-19 23:00:00,8827,7306.898955868044
2022-12-20 00:00:00,2286,6503.039161626624
2022-12-20 01:00:00,473,1346.1743445822112
2022-12-20 02:00:00,20,334.56468254021166
2022-12-20 03:00:00,18,87.4852494915084
2022-12-20 04:00:00,2656,1438.7890187210428
2022-12-20 05:00:00,14935,8994.116435562657
2022-12-20 06:00:00,31020,28026.491348413278
2022-12-20 07:00:00,69556,63730.06656985076
2022-12-20 08:00:00,42913,55776.99592862862
2022-12-20 09:00:00,40591,41186.200015734255
2022-12-20 10:00:00,33679,36637.04147983671
2022-12-20 11:00:00,63315,35839.169348321244
2022-12-20 12:00:00,52764,59565.83506629662
2022-12-20 13:00:00,57908,57935.62252323485
2022-12-20 14:00:00,54617,51701.63262780232
2022-12-20 15:00:00,59208,61969.16326512302
2022-12-20 16:00:00,71044,64782.38268107959
2022-12-20 17:00:00,62804,64954.93356263759
2022-12-20 18:00:00,48410,51311.542081495514
2022-12-20 19:00:00,36139,36972.808833278665
2022-12-20 20:00:00,32048,27719.72891454606
2022-12-20 21:00:00,22670,23115.965077273577
2022-12-20 22:00:00,14185,16850.180571354256
2022-12-20 23:00:00,10586,9711.25557784405
2022-12-21 00:00:00,4161,5998.074810397478
2022-12-21 01:00:00,928,1363.9630811808088
2022-12-21 02:00:00,0,0.0
2022-12-21 03:00:00,68,0.0
2022-12-21 04:00:00,4191,1627.582880554545
2022-12-21 05:00:00,14394,11865.483869279977
2022-12-21 06:00:00,24409,28025.235452967645
2022-12-21 07:00:00,42199,57964.627758466995
2022-12-21 08:00:00,33791,39908.13811497667
2022-12-21 09:00:00,37834,37430.79519895151
2022-12-21 10:00:00,35653,36495.924143295924
2022-12-21 11:00:00,43539,41071.77569593913
2022-12-21 12:00:00,44349,48850.965559191325
2022-12-21 13:00:00,52744,56292.77461286489
2022-12-21 14:00:00,55059,53797.11501137498
2022-12-21 15:00:00,55473,61938.84907080317
2022-12-21 16:00:00,69984,64239.304688720535
2022-12-21 17:00:00,66006,65175.17153050991
2022-12-21 18:00:00,49911,55195.25497711948
2022-12-21 19:00:00,34648,40536.304670205805
2022-12-21 20:00:00,31432,29275.823827984546
2022-12-21 21:00:00,24529,24376.53506402207
2022-12-21 22:00:00,14539,19465.794447538654
2022-12-21 23:00:00,12038,10624.656320073651
2022-12-22 00:00:00,6795,7268.7169929845695
2022-12-22 01:00:00,1751,3225.756354206688
2022-12-22 02:00:00,50,226.65978772833455
2022-12-22 03:00:00,33,0.0
2022-12-22 04:00:00,2673,1807.4838707324511
2022-12-22 05:00:00,12908,10195.377937545245
2022-12-22 06:00:00,23548,25611.09544697219
2022-12-22 07:00:00,37080,50921.28577708275
2022-12-22 08:00:00,30835,35595.2209364404
2022-12-22 09:00:00,32595,35842.42174377655
2022-12-22 10:00:00,38002,34561.34126946619
2022-12-22 11:00:00,41767,41129.865991541854
2022-12-22 12:00:00,39006,46575.74064788372
2022-12-22 13:00:00,49175,50168.612991912785
2022-12-22 14:00:00,49840,49922.82976984663
2022-12-22 15:00:00,54877,54429.99670859634
2022-12-22 16:00:00,58779,58234.61022109232
2022-12-22 17:00:00,62239,57808.45012904493
2022-12-22 18:00:00,51577,53604.46408953401
2022-12-22 19:00:00,28855,41812.322471041145
2022-12-22 20:00:00,30113,24686.190405694688
2022-12-22 21:00:00,19772,24113.14793535065
2022-12-22 22:00:00,15976,16162.756725140205
2022-12-22 23:00:00,8741,12527.801372712636
2022-12-23 00:00:00,6854,6114.024547281391
2022-12-23 01:00:00,1424,3313.6335749993605
2022-12-23 02:00:00,24,187.0081675479613
2022-12-23 03:00:00,103,0.0
2022-12-23 04:00:00,2484,1724.5443972112669
2022-12-23 05:00:00,11461,9813.945199915004
2022-12-23 06:00:00,19998,23355.935357739298
2022-12-23 07:00:00,24513,43344.6392641467
2022-12-23 08:00:00,23336,23971.43941076214
2022-12-23 09:00:00,30654,28795.032484206415
2022-12-23 10:00:00,30575,32631.645063617412
2022-12-23 11:00:00,33163,35351.2675235781
2022-12-23 12:00:00,44092,40031.73350791317
2022-12-23 13:00:00,52588,51977.846509064446
2022-12-23 14:00:00,50728,49890.38611662237
2022-12-23 15:00:00,49267,54075.24899024672
2022-12-23 16:00:00,48892,54433.033755277145
2022-12-23 17:00:00,48261,51769.93601649291
2022-12-23 18:00:00,52072,46010.288882162036
2022-12-23 19:00:00,35481,40468.88033341587
2022-12-23 20:00:00,29196,29686.24819572665
2022-12-23 21:00:00,22814,22110.34505906479
2022-12-23 22:00:00,16155,19723.91507411222
2022-12-23 23:00:00,11989,12304.056815371627
2022-12-24 00:00:00,6700,7613.302881243631
2022-12-24 01:00:00,1994,3574.9460323974613
2022-12-24 02:00:00,66,479.34787658868515
2022-12-24 03:00:00,54,0.0
2022-12-24 04:00:00,2109,967.0604362281467
2022-12-24 05:00:00,4814,4778.721188960807
2022-12-24 06:00:00,6449,7665.9613287195925
2022-12-24 07:00:00,7509,8929.31688817652
2022-12-24 08:00:00,11522,11462.668714462328
2022-12-24 09:00:00,19362,18185.272815570577
2022-12-24 10:00:00,24997,23921.696643268115
2022-12-24 11:00:00,23829,29268.910120678032
2022-12-24 12:00:00,23980,30156.29912135863
2022-12-24 13:00:00,30637,33384.465449924566
2022-12-24 14:00:00,27633,38854.289339844996
2022-12-24 15:00:00,21364,36428.42663441095
2022-12-24 16:00:00,19498,29893.04693720139
2022-12-24 17:00:00,19943,32263.81952706354
2022-12-24 18:00:00,10280,32922.29336456918
2022-12-24 19:00:00,9002,20761.155455318207
2022-12-24 20:00:00,8568,15626.565134560551
2022-12-24 21:00:00,7698,14260.196491538245
2022-12-24 22:00:00,6970,10753.640567086784
2022-12-24 23:00:00,4178,8713.126944371168
2022-12-25 00:00:00,8991,4833.176080373241
2022-12-25 01:00:00,6129,6759.959493582092
2022-12-25 02:00:00,4499,3951.2736886872344
2022-12-25 03:00:00,2220,2676.98016780339
2022-12-25 04:00:00,687,2221.0188681697027
2022-12-25 05:00:00,1895,2169.1405534326104
2022-12-25 06:00:00,2825,2241.753204512316
2022-12-25 07:00:00,2565,2031.8155574298157
2022-12-25 08:00:00,2964,4711.576409113019
2022-12-25 09:00:00,5502,8306.979746085126
2022-12-25 10:00:00,8220,11520.649871544985
2022-12-25 11:00:00,13107,13394.87315501902
2022-12-25 12:00:00,14978,16653.36887235001
2022-12-25 13:00:00,14373,19325.541638875016
2022-12-25 14:00:00,21708,19476.195843259644
2022-12-25 15:00:00,18792,22713.926366196283
2022-12-25 16:00:00,21880,20745.35083331474
2022-12-25 17:00:00,23304,21818.05817284758
2022-12-25 18:00:00,19098,20468.312921069963
2022-12-25 19:00:00,17677,15846.005705726207
2022-12-25 20:00:00,14536,15319.335799495624
2022-12-25 21:00:00,12081,11367.24989117607
2022-12-25 22:00:00,9989,9363.748001330061
2022-12-25 23:00:00,7077,6707.8801694390095
2022-12-26 00:00:00,3247,7244.980393073554
2022-12-26 01:00:00,1326,3249.3698111267163
2022-12-26 02:00:00,519,1930.7510997670095
2022-12-26 03:00:00,252,820.1048276831898
2022-12-26 04:00:00,1453,1431.1020910216653
2022-12-26 05:00:00,3290,6930.8163260543515
2022-12-26 06:00:00,3808,15249.090051622507
2022-12-26 07:00:00,3304,30788.156876163004
2022-12-26 08:00:00,4383,8243.864690547956
2022-12-26 09:00:00,7794,13452.249701475586
2022-12-26 10:00:00,10674,14194.031507258203
2022-12-26 11:00:00,16218,18774.30684326825
2022-12-26 12:00:00,17479,26746.336614258194
2022-12-26 13:00:00,19095,29771.660945402575
2022-12-26 14:00:00,22738,25364.563093518933
2022-12-26 15:00:00,19078,34832.393955547304
2022-12-26 16:00:00,24178,33124.22937392568
2022-12-26 17:00:00,24634,30908.928615918296
2022-12-26 18:00:00,19918,26487.508587604832
2022-12-26 19:00:00,15123,20277.18491257377
2022-12-26 20:00:00,12182,15605.724458015662
2022-12-26 21:00:00,11773,12357.530079833788
2022-12-26 22:00:00,7637,10754.797548073944
2022-12-26 23:00:00,6296,6956.385143520216
2022-12-27 00:00:00,5037,4005.6276685142716
2022-12-27 01:00:00,2378,2555.4377398049314
2022-12-27 02:00:00,1361,1040.1076781288955
2022-12-27 03:00:00,661,594.5696346441191
2022-12-27 04:00:00,2517,1669.9249623947471
2022-12-27 05:00:00,7789,8290.192206609674
2022-12-27 06:00:00,14795,16763.76975973521
2022-12-27 07:00:00,17477,32897.37321941778
2022-12-27 08:00:00,16818,14463.716363164665
2022-12-27 09:00:00,22442,20189.396438102893
2022-12-27 10:00:00,29176,23012.50866857273
2022-12-27 11:00:00,39147,35963.51758940541
2022-12-27 12:00:00,37952,40727.400424804786
2022-12-27 13:00:00,43794,42116.69601285749
2022-12-27 14:00:00,50731,40760.59295775898
2022-12-27 15:00:00,48865,49011.489606206786
2022-12-27 16:00:00,54900,50144.53732528006
2022-12-27 17:00:00,48230,49153.16150214802
2022-12-27 18:00:00,42222,40173.85351215403
2022-12-27 19:00:00,33346,32977.780426675636
2022-12-27 20:00:00,23744,26965.26566081364
2022-12-27 21:00:00,16765,18844.70033776795
2022-12-27 22:00:00,13389,13139.234120929586
2022-12-27 23:00:00,10377,10183.583629297576
2022-12-28 00:00:00,5456,7048.905565645135
2022-12-28 01:00:00,1111,2796.452994977867
2022-12-28 02:00:00,10,199.93623656239845
2022-12-28 03:00:00,26,0.0
2022-12-28 04:00:00,1986,1995.987747874545
2022-12-28 05:00:00,8608,8842.202864235474
2022-12-28 06:00:00,14339,18120.368204017475
2022-12-28 07:00:00,18318,29521.450557545126
2022-12-28 08:00:00,16765,15499.42467170849
2022-12-28 09:00:00,23945,22668.509705175406
2022-12-28 10:00:00,33196,28201.82143668297
2022-12-28 11:00:00,39058,38818.257869413195
2022-12-28 12:00:00,39658,42900.91697545094
2022-12-28 13:00:00,41527,46965.160335051274
2022-12-28 14:00:00,47192,45209.66522122709
2022-12-28 15:00:00,47852,52061.24206719607
2022-12-28 16:00:00,52206,55801.09429231626
2022-12-28 17:00:00,48240,53166.69339139484
2022-12-28 18:00:00,39291,45230.91193158002
2022-12-28 19:00:00,29679,34701.454181762965
2022-12-28 20:00:00,20940,26864.623221891954
2022-12-28 21:00:00,16699,18719.550868747356
2022-12-28 22:00:00,16964,14591.941721853947
2022-12-28 23:00:00,10974,13757.704076200745
2022-12-29 00:00:00,6958,8054.663471357624
2022-12-29 01:00:00,2556,3482.7696952538436
2022-12-29 02:00:00,72,794.2472760002663
2022-12-29 03:00:00,13,0.0
2022-12-29 04:00:00,1979,1465.3907751988668
2022-12-29 05:00:00,8247,8590.729284463985
2022-12-29 06:00:00,13327,17605.349947262308
2022-12-29 07:00:00,18058,27915.238954114662
2022-12-29 08:00:00,15545,14694.858747351645
2022-12-29 09:00:00,20169,21089.42264839563
2022-12-29 10:00:00,22005,27201.67407085997
2022-12-29 11:00:00,30560,31434.777903542978
2022-12-29 12:00:00,34610,37029.19611299952
2022-12-29 13:00:00,36948,43178.775368319766
2022-12-29 14:00:00,47216,40903.63140936224
2022-12-29 15:00:00,49394,51968.04502225903
2022-12-29 16:00:00,49996,53855.92287618663
2022-12-29 17:00:00,38315,50903.316315259144
2022-12-29 18:00:00,38891,38669.22707086501
2022-12-29 19:00:00,29078,32644.5977781935
2022-12-29 20:00:00,19744,26186.653261307212
2022-12-29 21:00:00,15122,16912.74172572564
2022-12-29 22:00:00,15321,14703.864597614598
2022-12-29 23:00:00,8468,12185.790952678864
2022-12-30 00:00:00,8964,6895.0914645428475
2022-12-30 01:00:00,1694,5096.739620481985
2022-12-30 02:00:00,161,350.81301525165395
2022-12-30 03:00:00,51,0.0
2022-12-30 04:00:00,2757,1487.1285645307094
2022-12-30 05:00:00,8706,8760.958395572912
2022-12-30 06:00:00,12954,16878.36693834645
2022-12-30 07:00:00,15709,24767.51832088308
2022-12-30 08:00:00,15417,11259.368707638314
2022-12-30 09:00:00,22794,19843.422359817494
2022-12-30 10:00:00,29315,24998.472633792182
2022-12-30 11:00:00,32795,32342.18501481857
2022-12-30 12:00:00,34379,38299.25782909681
2022-12-30 13:00:00,43072,42452.075763210494
2022-12-30 14:00:00,43546,44876.24651535041
2022-12-30 15:00:00,46338,48713.4931561882
2022-12-30 16:00:00,43747,49081.59326410204
2022-12-30 17:00:00,40952,42068.871851654614
2022-12-30 18:00:00,34166,40608.18608055098
2022-12-30 19:00:00,26476,31283.579860478916
2022-12-30 20:00:00,19851,24024.136092420085
2022-12-30 21:00:00,17677,17606.095349807132
2022-12-30 22:00:00,14878,16147.849586140974
2022-12-30 23:00:00,10506,12070.25986479375
2022-12-31 00:00:00,7127,7790.820772272809
2022-12-31 01:00:00,2054,4016.675493750776
2022-12-31 02:00:00,155,620.6654170770573
2022-12-31 03:00:00,60,0.0
2022-12-31 04:00:00,758,1276.329709503873
2022-12-31 05:00:00,3773,3454.25090822939
2022-12-31 06:00:00,3664,5524.288692517259
2022-12-31 07:00:00,5411,5179.859288914802
2022-12-31 08:00:00,8390,8675.631950828247
2022-12-31 09:00:00,16072,14683.637932869067
2022-12-31 10:00:00,18476,21830.426036461977
2022-12-31 11:00:00,22988,23013.52124456034
2022-12-31 12:00:00,26366,25358.110751161425
2022-12-31 13:00:00,26232,30122.554268603126
2022-12-31 14:00:00,31904,29838.47679742385
2022-12-31 15:00:00,28072,31574.69520104258
2022-12-31 16:00:00,25319,28781.140569717914
2022-12-31 17:00:00,29778,26099.150244393008
2022-12-31 18:00:00,29345,25521.27178772582
2022-12-31 19:00:00,23812,23011.980965205446
2022-12-31 20:00:00,20005,18030.750382632694
2022-12-31 21:00:00,16754,14967.694485580496
2022-12-31 22:00:00,8089,13020.658941820913
2022-12-31 23:00:00,3716,6314.336358976209
2023-01-01 00:00:00,7495,3687.3234468863902
2023-01-01 01:00:00,4718,5765.961706429999
2023-01-01 02:00:00,1862,3628.9741305062944
2023-01-01 03:00:00,4705,1283.1446868688056
2023-01-01 04:00:00,3369,3245.4773082123374
2023-01-01 05:00:00,7103,3278.744312897589
2023-01-01 06:00:00,5741,4626.3673363615935
2023-01-01 07:00:00,3762,3074.756911797824
2023-01-01 08:00:00,4873,4064.134778634221
2023-01-01 09:00:00,5892,7801.043263520226
2023-01-01 10:00:00,7081,9516.860510918084
2023-01-01 11:00:00,11721,11689.12029450078
2023-01-01 12:00:00,14460,15138.11828625039
2023-01-01 13:00:00,19252,16263.496327500221
2023-01-01 14:00:00,18396,22410.784796081818
2023-01-01 15:00:00,20782,19351.933484989102
2023-01-01 16:00:00,20168,21419.723752025267
2023-01-01 17:00:00,21897,22048.64021706576
2023-01-01 18:00:00,16854,21942.383526475736
2023-01-01 19:00:00,13773,16863.941668522486
2023-01-01 20:00:00,12210,13615.43862939873
2023-01-01 21:00:00,8294,11587.66854038198
2023-01-01 22:00:00,6871,7543.872654686314
2023-01-01 23:00:00,4589,5292.895429845513
2023-01-02 00:00:00,4132,4204.722688077638
2023-01-02 01:00:00,10514,2939.6477263792935
2023-01-02 02:00:00,7638,6596.4525837154015
2023-01-02 03:00:00,3770,5470.621120329191
2023-01-02 04:00:00,2167,3353.2373248943923
2023-01-02 05:00:00,9848,5897.1291035391805
2023-01-02 06:00:00,18283,12228.880828329222
2023-01-02 07:00:00,24800,20360.511053534763
2023-01-02 08:00:00,22189,10425.025383964017
2023-01-02 09:00:00,22292,15575.73794231281
2023-01-02 10:00:00,30458,16583.15376161079
2023-01-02 11:00:00,34745,24956.594684087177
2023-01-02 12:00:00,38887,29407.03625113458
2023-01-02 13:00:00,40387,34054.96731761021
2023-01-02 14:00:00,45990,30773.69630621199
2023-01-02 15:00:00,49027,37385.87182086977
2023-01-02 16:00:00,47347,39164.389517417025
2023-01-02 17:00:00,46424,35494.88670724759
2023-01-02 18:00:00,32620,32120.13730215266
2023-01-02 19:00:00,24244,22317.128605668062
2023-01-02 20:00:00,21363,16992.331618325785
2023-01-02 21:00:00,13463,14785.090446643027
2023-01-02 22:00:00,11461,9910.46997360637
2023-01-02 23:00:00,5966,7814.937375117199
2023-01-03 00:00:00,3403,4456.805716665567
2023-01-03 01:00:00,1188,3668.2241595296027
2023-01-03 02:00:00,9,2103.4013097666248
2023-01-03 03:00:00,9,629.0635623566966
2023-01-03 04:00:00,2456,1534.1987756826236
2023-01-03 05:00:00,9631,8088.810264591218
2023-01-03 06:00:00,17449,17333.692704443973
2023-01-03 07:00:00,25487,27356.366951186697
2023-01-03 08:00:00,23531,17256.789734222395
2023-01-03 09:00:00,23542,23217.393655886815
2023-01-03 10:00:00,26600,26309.72840964407
2023-01-03 11:00:00,26146,32417.80298612152
2023-01-03 12:00:00,31921,33605.73340743519
2023-01-03 13:00:00,39121,39872.21084861461
2023-01-03 14:00:00,39864,42486.93212390226
2023-01-03 15:00:00,42607,46314.418436711145
2023-01-03 16:00:00,47414,47764.34477150892
2023-01-03 17:00:00,44247,46301.29173558612
2023-01-03 18:00:00,39432,39239.24314378988
2023-01-03 19:00:00,24447,32907.01913366781
2023-01-03 20:00:00,16814,21615.848163409784
2023-01-03 21:00:00,13814,13754.32032548652
2023-01-03 22:00:00,10686,12427.679099379877
2023-01-03 23:00:00,6613,8743.662824717165
2023-01-04 00:00:00,3521,4802.755111349106
2023-01-04 01:00:00,831,1554.303109257387
2023-01-04 02:00:00,23,0.0
2023-01-04 03:00:00,12,0.0
2023-01-04 04:00:00,1752,1494.6864769763035
2023-01-04 05:00:00,8983,7780.748163769982
2023-01-04 06:00:00,20501,16658.560092333173
2023-01-04 07:00:00,27355,29744.61530693259
2023-01-04 08:00:00,24356,18693.54784908417
2023-01-04 09:00:00,23342,24156.877450276814
2023-01-04 10:00:00,24857,26178.17228404917
2023-01-04 11:00:00,29235,29473.291322443307
2023-01-04 12:00:00,32792,34533.28888924133
2023-01-04 13:00:00,39015,39695.27030071772
2023-01-04 14:00:00,36781,40191.634385284044
2023-01-04 15:00:00,38545,42844.629316645776
2023-01-04 16:00:00,49334,44654.09319292932
2023-01-04 17:00:00,46461,47278.99781093216
2023-01-04 18:00:00,39630,41652.37417414468
2023-01-04 19:00:00,27588,32126.542814970046
2023-01-04 20:00:00,21998,21920.476258079194
2023-01-04 21:00:00,16004,17038.369382464523
2023-01-04 22:00:00,11030,14222.482895924028
2023-01-04 23:00:00,7791,8859.093004861905
2023-01-05 00:00:00,5373,5795.490445735273
2023-01-05 01:00:00,1407,2941.8112072876993
2023-01-05 02:00:00,35,255.2989227232456
2023-01-05 03:00:00,66,0.0
2023-01-05 04:00:00,3319,1352.5770918917915
2023-01-05 05:00:00,11895,8474.620172499477
2023-01-05 06:00:00,18346,18882.868121979605
2023-01-05 07:00:00,24359,28589.92335892433
2023-01-05 08:00:00,23241,16582.10259053945
2023-01-05 09:00:00,26808,22714.77167096411
2023-01-05 10:00:00,29880,25670.68273102257
2023-01-05 11:00:00,33000,31396.54896076548
2023-01-05 12:00:00,37970,35722.78527517134
2023-01-05 13:00:00,41404,41541.112167329105
2023-01-05 14:00:00,49945,40726.75321314485
2023-01-05 15:00:00,51945,50388.54413774437
2023-01-05 16:00:00,54854,52730.44675249531
2023-01-05 17:00:00,50578,48164.408068867255
2023-01-05 18:00:00,42348,43465.76347223325
2023-01-05 19:00:00,31258,34030.642763800046
2023-01-05 20:00:00,26893,24807.501353455948
2023-01-05 21:00:00,18444,19968.708769213757
2023-01-05 22:00:00,15643,15217.776802285827
2023-01-05 23:00:00,12379,11184.505906507811
2023-01-06 00:00:00,5538,9344.846176252831
2023-01-06 01:00:00,1264,2677.6994059511335
2023-01-06 02:00:00,57,0.0
2023-01-06 03:00:00,417,0.0
2023-01-06 04:00:00,1467,1999.1704144858986
2023-01-06 05:00:00,2915,8084.257308011764
2023-01-06 06:00:00,3920,12677.793431041906
2023-01-06 07:00:00,6196,18533.466715594695
2023-01-06 08:00:00,6705,5479.550661442801
2023-01-06 09:00:00,11385,14532.284566051934
2023-01-06 10:00:00,16288,19725.75259136453
2023-01-06 11:00:00,19598,25117.155129016348
2023-01-06 12:00:00,22183,29223.11941219897
2023-01-06 13:00:00,25059,34363.585949914086
2023-01-06 14:00:00,27599,33263.86419266236
2023-01-06 15:00:00,29380,39358.384591756476
2023-01-06 16:00:00,27239,39327.43712474681
2023-01-06 17:00:00,33299,33563.2030179497
2023-01-06 18:00:00,29588,33553.22950453446
2023-01-06 19:00:00,24100,27751.660162806147
2023-01-06 20:00:00,17211,22357.016864305224
2023-01-06 21:00:00,15260,15735.644416805893
2023-01-06 22:00:00,15383,14554.94077954898
2023-01-06 23:00:00,11397,12953.52505523105
2023-01-07 00:00:00,10308,7852.333063234599
2023-01-07 01:00:00,5059,5997.923518645436
2023-01-07 02:00:00,3510,2430.864952345922
2023-01-07 03:00:00,1367,1772.5540403300538
2023-01-07 04:00:00,2251,1336.2083631426844
2023-01-07 05:00:00,6170,2780.105913632811
2023-01-07 06:00:00,7194,4376.8567620541235
2023-01-07 07:00:00,6844,4863.127752289494
2023-01-07 08:00:00,11100,6905.046133588954
2023-01-07 09:00:00,18723,13100.893631561565
2023-01-07 10:00:00,24164,19237.12375196044
2023-01-07 11:00:00,30359,23516.049396534836
2023-01-07 12:00:00,34014,27814.665196688256
2023-01-07 13:00:00,41820,29934.783904706732
2023-01-07 14:00:00,39068,36877.79908858406
2023-01-07 15:00:00,39766,33488.83885966296
2023-01-07 16:00:00,44155,33185.95442550501
2023-01-07 17:00:00,41861,38111.32201361623
2023-01-07 18:00:00,36818,35634.3872929804
2023-01-07 19:00:00,29318,29455.318650075547
2023-01-07 20:00:00,26453,22902.320743711025
2023-01-07 21:00:00,16846,20124.443652091613
2023-01-07 22:00:00,17095,13067.761082125302
2023-01-07 23:00:00,11627,11775.367905535571
2023-01-08 00:00:00,7323,8966.109197135913
2023-01-08 01:00:00,4524,5403.551074083597
2023-01-08 02:00:00,2170,3222.197055403737
2023-01-08 03:00:00,1036,2316.63377012604
2023-01-08 04:00:00,1140,1919.5531345496931
2023-01-08 05:00:00,2739,3568.381733281387
2023-01-08 06:00:00,2663,3462.883015688062
2023-01-08 07:00:00,3256,1865.2264746392452
2023-01-08 08:00:00,5292,4993.983667121531
2023-01-08 09:00:00,7312,8944.65416679033
2023-01-08 10:00:00,11518,11359.406930703552
2023-01-08 11:00:00,13811,15674.758512826538
2023-01-08 12:00:00,14037,17878.000139259253
2023-01-08 13:00:00,19491,20070.24063244221
2023-01-08 14:00:00,19087,23209.10551890418
2023-01-08 15:00:00,22519,22595.933267440145
2023-01-08 16:00:00,24137,26020.55463628957
2023-01-08 17:00:00,24315,26692.484836193915
2023-01-08 18:00:00,22310,24376.93454898957
2023-01-08 19:00:00,15705,20353.868053710103
2023-01-08 20:00:00,15371,15537.591048132344
2023-01-08 21:00:00,12493,12461.645835733996
2023-01-08 22:00:00,6961,11230.113308316699
2023-01-08 23:00:00,4961,6216.201891681264
2023-01-09 00:00:00,11036,4393.1600828288065
2023-01-09 01:00:00,5558,9315.88957181017
2023-01-09 02:00:00,3159,5079.542158252215
2023-01-09 03:00:00,1370,2391.5523234760794
2023-01-09 04:00:00,2970,1842.1396569141914
2023-01-09 05:00:00,13296,7224.80443351186
2023-01-09 06:00:00,36535,17038.41618775067
2023-01-09 07:00:00,90348,36611.111828409754
2023-01-09 08:00:00,47414,55551.80344588422
2023-01-09 09:00:00,36049,33309.01036959459
2023-01-09 10:00:00,29613,27024.64136037835
2023-01-09 11:00:00,33182,27552.00374734901
2023-01-09 12:00:00,38594,32451.47207919033
2023-01-09 13:00:00,64072,38748.736982846014
2023-01-09 14:00:00,56078,51194.492163910036
2023-01-09 15:00:00,67622,50505.57658908464
2023-01-09 16:00:00,70875,55622.84352383455
2023-01-09 17:00:00,55845,54996.21726859798
2023-01-09 18:00:00,43078,40713.72424353483
2023-01-09 19:00:00,25053,30076.128830711452
2023-01-09 20:00:00,16376,19596.246612481344
2023-01-09 21:00:00,12623,12347.438395698258
2023-01-09 22:00:00,9024,10285.38528541368
2023-01-09 23:00:00,4616,6453.572661880313
2023-01-10 00:00:00,2047,4745.339480389777
2023-01-10 01:00:00,332,1656.1170184083267
2023-01-10 02:00:00,4,416.66082041963625
2023-01-10 03:00:00,37,143.30001446869437
2023-01-10 04:00:00,2958,1665.8592128256462
2023-01-10 05:00:00,11751,9533.717422323221
2023-01-10 06:00:00,37884,23046.14345710895
2023-01-10 07:00:00,101160,55622.0863906699
2023-01-10 08:00:00,48637,71488.47782329879
2023-01-10 09:00:00,36389,40099.11830958506
2023-01-10 10:00:00,31289,29494.075540235594
2023-01-10 11:00:00,36294,30721.622466502195
2023-01-10 12:00:00,43773,37913.989909828735
2023-01-10 13:00:00,55430,50860.98523564343
2023-01-10 14:00:00,43726,51795.55533180432
2023-01-10 15:00:00,56332,50472.58352194926
2023-01-10 16:00:00,68431,58791.6928489886
2023-01-10 17:00:00,54327,60276.69278166901
2023-01-10 18:00:00,42471,46260.837282612374
2023-01-10 19:00:00,26384,31819.12647475995
2023-01-10 20:00:00,17287,19713.1240909618
2023-01-10 21:00:00,15009,13040.397710541418
2023-01-10 22:00:00,9799,11889.450210685432
2023-01-10 23:00:00,7305,7019.106479755754
2023-01-11 00:00:00,2264,4480.122229472707
2023-01-11 01:00:00,618,552.4065657399169
2023-01-11 02:00:00,5,0.0
2023-01-11 03:00:00,10,0.0
2023-01-11 04:00:00,2491,1555.9777797597476
2023-01-11 05:00:00,16742,8773.023862827844
2023-01-11 06:00:00,38295,27176.221695745095
2023-01-11 07:00:00,100646,58574.867946136575
2023-01-11 08:00:00,47167,71348.07429319737
2023-01-11 09:00:00,36290,39181.47304300521
2023-01-11 10:00:00,28915,29517.120310889222
2023-01-11 11:00:00,36715,30548.500660504556
2023-01-11 12:00:00,44868,39488.755930181025
2023-01-11 13:00:00,65620,49849.69008412321
2023-01-11 14:00:00,44119,54957.20470908628
2023-01-11 15:00:00,60566,47268.98929015557
2023-01-11 16:00:00,58710,60883.79919822732
2023-01-11 17:00:00,49850,54223.42493833525
2023-01-11 18:00:00,36070,43276.39461873294
2023-01-11 19:00:00,28937,29211.66167967904
2023-01-11 20:00:00,16553,22992.8271724453
2023-01-11 21:00:00,13338,13841.020377203064
2023-01-11 22:00:00,10140,11035.00161740911
2023-01-11 23:00:00,5941,8035.393618519103
2023-01-12 00:00:00,2428,4154.107548823332
2023-01-12 01:00:00,682,847.2917725338992
2023-01-12 02:00:00,27,0.0
2023-01-12 03:00:00,78,0.0
2023-01-12 04:00:00,3509,1849.3734425249388
2023-01-12 05:00:00,14010,11102.092946172283
2023-01-12 06:00:00,44380,25031.76911287469
2023-01-12 07:00:00,97222,61638.5292371507
2023-01-12 08:00:00,45937,68673.64330062157
2023-01-12 09:00:00,37362,38906.075043260396
2023-01-12 10:00:00,29944,31014.997903311756
2023-01-12 11:00:00,37059,32256.624959496992
2023-01-12 12:00:00,41815,41024.38680983709
2023-01-12 13:00:00,66094,50509.17557709834
2023-01-12 14:00:00,50994,58312.009689397295
2023-01-12 15:00:00,59408,55642.133132167386
2023-01-12 16:00:00,67947,59247.098804650486
2023-01-12 17:00:00,58381,59739.13753655909
2023-01-12 18:00:00,39918,47880.69358117906
2023-01-12 19:00:00,26019,32498.206032087757
2023-01-12 20:00:00,20691,21529.08058881673
2023-01-12 21:00:00,15493,16511.338687638046
2023-01-12 22:00:00,11368,13586.856752570195
2023-01-12 23:00:00,6629,9401.735765140056
2023-01-13 00:00:00,2813,4535.935483074223
2023-01-13 01:00:00,816,1001.4266618875607
2023-01-13 02:00:00,19,0.0
2023-01-13 03:00:00,39,0.0
2023-01-13 04:00:00,2106,1533.3631397183071
2023-01-13 05:00:00,12329,7557.2446297797
2023-01-13 06:00:00,34541,21941.971600724813
2023-01-13 07:00:00,99267,50729.6147373818
2023-01-13 08:00:00,43229,66238.06628409389
2023-01-13 09:00:00,35774,34420.67223934481
2023-01-13 10:00:00,29372,27119.21794569141
2023-01-13 11:00:00,37397,29123.76060746248
2023-01-13 12:00:00,50742,37077.60036787438
2023-01-13 13:00:00,80638,52623.48279330577
2023-01-13 14:00:00,55233,63796.68593105266
2023-01-13 15:00:00,62260,52300.551521053116
2023-01-13 16:00:00,64217,56005.49724872593
2023-01-13 17:00:00,53180,55028.92309540018
2023-01-13 18:00:00,44908,42362.16961918676
2023-01-13 19:00:00,34949,33709.83666576177
2023-01-13 20:00:00,27518,26139.822323685104
2023-01-13 21:00:00,20754,20190.323240382168
2023-01-13 22:00:00,20481,16571.927137606923
2023-01-13 23:00:00,13999,14596.92180584502
2023-01-14 00:00:00,3747,9299.961586238427
2023-01-14 01:00:00,1615,2134.226149917279
2023-01-14 02:00:00,0,959.9399275065311
2023-01-14 03:00:00,110,140.00112237956932
2023-01-14 04:00:00,1850,1228.7520965130389
2023-01-14 05:00:00,6363,5207.254705891024
2023-01-14 06:00:00,7898,11789.00510066734
2023-01-14 07:00:00,9796,24948.307977519034
2023-01-14 08:00:00,14260,16934.94841132716
2023-01-14 09:00:00,22870,20674.711818304575
2023-01-14 10:00:00,26835,25656.41724965837
2023-01-14 11:00:00,32545,30249.513677847026
2023-01-14 12:00:00,34406,36588.5238621172
2023-01-14 13:00:00,42067,44952.412264492305
2023-01-14 14:00:00,40598,44254.373358874975
2023-01-14 15:00:00,46536,43870.30484458887
2023-01-14 16:00:00,41566,49321.05932303705
2023-01-14 17:00:00,41908,43125.90675060838
2023-01-14 18:00:00,41284,40134.28585688673
2023-01-14 19:00:00,32838,35810.56800712486
2023-01-14 20:00:00,25457,28643.976876959096
2023-01-14 21:00:00,23519,20381.642392357026
2023-01-14 22:00:00,16580,20204.362231857922
2023-01-14 23:00:00,13066,13712.198128399323
2023-01-15 00:00:00,11450,8154.51627304158
2023-01-15 01:00:00,7208,7181.413498291128
2023-01-15 02:00:00,4474,4130.998214871354
2023-01-15 03:00:00,2053,2449.7722586152568
2023-01-15 04:00:00,1341,1814.8741460745057
2023-01-15 05:00:00,3638,2630.047783108898
2023-01-15 06:00:00,2687,3354.3120617352497
2023-01-15 07:00:00,3652,2356.3996984872333
2023-01-15 08:00:00,5988,5948.853345640902
2023-01-15 09:00:00,9455,10474.668856506347
2023-01-15 10:00:00,10990,14233.093646826777
2023-01-15 11:00:00,13337,16196.10243145231
2023-01-15 12:00:00,16883,17466.03239939468
2023-01-15 13:00:00,19503,22009.432577460575
2023-01-15 14:00:00,22445,23589.477553580997
2023-01-15 15:00:00,22655,26454.42517905186
2023-01-15 16:00:00,23731,26408.73922699358
2023-01-15 17:00:00,25282,26817.988138034
2023-01-15 18:00:00,22198,27135.40550796598
2023-01-15 19:00:00,17528,21451.476996425823
2023-01-15 20:00:00,14743,17146.06969368366
2023-01-15 21:00:00,9765,14366.917201656754
2023-01-15 22:00:00,8374,9335.43981229967
2023-01-15 23:00:00,3383,7562.9185878652415
2023-01-16 00:00:00,11586,5910.07246591629
2023-01-16 01:00:00,7116,9064.325738522397
2023-01-16 02:00:00,3609,5611.38237419613
2023-01-16 03:00:00,2227,2300.3573588316794
2023-01-16 04:00:00,4373,2522.2563047771596
2023-01-16 05:00:00,15523,9036.252993466504
2023-01-16 06:00:00,36902,22556.463916690023
2023-01-16 07:00:00,93637,51493.37069617544
2023-01-16 08:00:00,39923,63307.65161245102
2023-01-16 09:00:00,34056,32024.818125630598
2023-01-16 10:00:00,25577,25410.003072325977
2023-01-16 11:00:00,35804,25030.811054564445
2023-01-16 12:00:00,44052,34793.02212363271
2023-01-16 13:00:00,62915,47668.75432074912
2023-01-16 14:00:00,50660,53125.786064726184
2023-01-16 15:00:00,57136,51012.12619621187
2023-01-16 16:00:00,59750,54302.66364718164
2023-01-16 17:00:00,51598,50683.765818702006
2023-01-16 18:00:00,41717,41023.6201565888
2023-01-16 19:00:00,28390,30386.684197514274
2023-01-16 20:00:00,18546,20692.361711950747
2023-01-16 21:00:00,14761,12904.924683057243
2023-01-16 22:00:00,10114,11189.496954936267
2023-01-16 23:00:00,6045,6457.0477583504035
2023-01-17 00:00:00,1949,5338.694762141353
2023-01-17 01:00:00,320,1650.9001467210114
2023-01-17 02:00:00,4,431.86378095978944
2023-01-17 03:00:00,47,250.88651352443173
2023-01-17 04:00:00,2289,2157.5383732250166
2023-01-17 05:00:00,14131,9964.978764595306
2023-01-17 06:00:00,43279,29129.83324142109
2023-01-17 07:00:00,97969,76734.80508440232
2023-01-17 08:00:00,52144,73337.7274642861
2023-01-17 09:00:00,42108,44478.17267354429
2023-01-17 10:00:00,31940,33515.23532545254
2023-01-17 11:00:00,33869,33691.921776699994
2023-01-17 12:00:00,43440,39870.54163129173
2023-01-17 13:00:00,61185,54063.06718041716
2023-01-17 14:00:00,51631,55304.023236982066
2023-01-17 15:00:00,67296,56306.37174247588
2023-01-17 16:00:00,75135,67728.29036863995
2023-01-17 17:00:00,61048,65344.66584691841
2023-01-17 18:00:00,41506,50272.407536473234
2023-01-17 19:00:00,23720,31904.23395324091
2023-01-17 20:00:00,19168,18263.63128124238
2023-01-17 21:00:00,12436,15028.273313737385
2023-01-17 22:00:00,12205,10474.584410388403
2023-01-17 23:00:00,5656,8937.308218408994
2023-01-18 00:00:00,2397,3145.942633196932
2023-01-18 01:00:00,765,491.0694147850138
2023-01-18 02:00:00,0,0.0
2023-01-18 03:00:00,9,0.0
2023-01-18 04:00:00,2328,1574.77703044028
2023-01-18 05:00:00,14435,10900.156555743091
2023-01-18 06:00:00,40096,30819.511199465305
2023-01-18 07:00:00,94899,75497.08332427978
2023-01-18 08:00:00,44675,73631.03461872804
2023-01-18 09:00:00,35242,41681.891275911876
2023-01-18 10:00:00,32484,30217.89010634562
2023-01-18 11:00:00,35364,34198.82610742437
2023-01-18 12:00:00,42925,41267.400804604265
2023-01-18 13:00:00,66071,55610.2072943722
2023-01-18 14:00:00,49234,58619.42261386228
2023-01-18 15:00:00,62464,57798.51375309923
2023-01-18 16:00:00,65349,65477.41518968726
2023-01-18 17:00:00,60801,60297.039410054684
2023-01-18 18:00:00,42655,49021.00010804568
2023-01-18 19:00:00,30419,32722.98783651738
2023-01-18 20:00:00,21284,22464.24890733356
2023-01-18 21:00:00,17401,15357.518829122177
2023-01-18 22:00:00,9543,13683.145207955056
2023-01-18 23:00:00,7098,6608.159824859546
2023-01-19 00:00:00,2522,4062.221236202446
2023-01-19 01:00:00,386,787.8531499215663
2023-01-19 02:00:00,2,0.0
2023-01-19 03:00:00,50,0.0
2023-01-19 04:00:00,6244,1855.4008611234756
2023-01-19 05:00:00,28614,12829.814281374876
2023-01-19 06:00:00,83192,40437.40055519382
2023-01-19 07:00:00,193464,100973.28687523378
2023-01-19 08:00:00,97560,132868.8614919367
2023-01-19 09:00:00,67804,70409.03163894857
2023-01-19 10:00:00,55810,45520.640691850545
2023-01-19 11:00:00,65864,46257.78814458057
2023-01-19 12:00:00,84910,57831.28126846552
2023-01-19 13:00:00,132174,81707.0917960892
2023-01-19 14:00:00,99658,99382.58378303066
2023-01-19 15:00:00,135212,85415.92538512687
2023-01-19 16:00:00,140486,107556.06756542063
2023-01-19 17:00:00,111512,106161.88618736275
2023-01-19 18:00:00,85194,77443.78221255515
2023-01-19 19:00:00,52214,55926.71754853573
2023-01-19 20:00:00,33798,34495.249459990424
2023-01-19 21:00:00,31538,22366.44490411642
2023-01-19 22:00:00,23626,21174.200456970502
2023-01-19 23:00:00,15592,15231.792538564438
2023-01-20 00:00:00,3562,8646.120144752247
2023-01-20 01:00:00,687,576.4987419537607
2023-01-20 02:00:00,16,0.0
2023-01-20 03:00:00,28,0.0
2023-01-20 04:00:00,3976,2324.493243555664
2023-01-20 05:00:00,22318,13958.197252493492
2023-01-20 06:00:00,58566,43221.75361585825
2023-01-20 07:00:00,151064,106488.11790137037
2023-01-20 08:00:00,76234,117061.1694401179
2023-01-20 09:00:00,72486,65142.497664054295
2023-01-20 10:00:00,63902,55604.13214713885
2023-01-20 11:00:00,77800,58769.95779824139
2023-01-20 12:00:00,101622,75742.22491459474
2023-01-20 13:00:00,142882,108593.84595383721
2023-01-20 14:00:00,104796,116732.8150840329
2023-01-20 15:00:00,108896,103328.61339586202
2023-01-20 16:00:00,115384,105041.29504045044
2023-01-20 17:00:00,111942,99752.35244502437
2023-01-20 18:00:00,91580,89404.13919727475
2023-01-20 19:00:00,77198,67725.352101739
2023-01-20 20:00:00,61382,54318.78887700772
2023-01-20 21:00:00,40426,43175.807397067
2023-01-20 22:00:00,37870,30122.359535473362
2023-01-20 23:00:00,29586,26162.927318508373
2023-01-21 00:00:00,9522,16544.778309051333
2023-01-21 01:00:00,1456,3904.497573522764
2023-01-21 02:00:00,0,0.0
2023-01-21 03:00:00,219,0.0
2023-01-21 04:00:00,2548,1603.6981808271814
2023-01-21 05:00:00,6863,7762.2809087015075
2023-01-21 06:00:00,8296,17230.02422112343
2023-01-21 07:00:00,11094,36561.11230289685
2023-01-21 08:00:00,16532,25278.040671684983
2023-01-21 09:00:00,23601,30616.016560709744
2023-01-21 10:00:00,28436,33699.30325855359
2023-01-21 11:00:00,31926,40089.46256855104
2023-01-21 12:00:00,38225,46776.90855817846
2023-01-21 13:00:00,44481,60344.71610479257
2023-01-21 14:00:00,43552,56378.90619801495
2023-01-21 15:00:00,50671,56621.27621276922
2023-01-21 16:00:00,46194,61807.96189900826
2023-01-21 17:00:00,49647,58046.04060985349
2023-01-21 18:00:00,39522,55521.021914972494
2023-01-21 19:00:00,32980,43984.93185471562
2023-01-21 20:00:00,26200,35175.88184591727
2023-01-21 21:00:00,23585,26510.363142205424
2023-01-21 22:00:00,20281,23719.34647430452
2023-01-21 23:00:00,15944,19571.653028008594
2023-01-22 00:00:00,21746,12040.621852629929
2023-01-22 01:00:00,15060,14122.537319430472
2023-01-22 02:00:00,9010,9324.965759542467
2023-01-22 03:00:00,5617,4947.111385913904
2023-01-22 04:00:00,2879,3805.6579407305053
2023-01-22 05:00:00,3510,3632.007783931019
2023-01-22 06:00:00,4866,3243.72315335625
2023-01-22 07:00:00,5449,4019.089088412506
2023-01-22 08:00:00,5849,7606.596779332074
2023-01-22 09:00:00,13719,10965.303040941128
2023-01-22 10:00:00,14524,17058.903496164377
2023-01-22 11:00:00,21929,18143.704774649035
2023-01-22 12:00:00,24813,24070.964132165558
2023-01-22 13:00:00,26536,27232.625178676804
2023-01-22 14:00:00,29746,28946.054534220566
2023-01-22 15:00:00,26819,31468.842842337
2023-01-22 16:00:00,34832,29459.037034973306
2023-01-22 17:00:00,31229,35243.84161172467
2023-01-22 18:00:00,26169,30142.041468841657
2023-01-22 19:00:00,24195,23766.106929566748
2023-01-22 20:00:00,18291,21027.376386033662
2023-01-22 21:00:00,15174,15722.48417591355
2023-01-22 22:00:00,10123,13461.13477270135
2023-01-22 23:00:00,5391,8659.496608200012
2023-01-23 00:00:00,10871,9146.014862292977
2023-01-23 01:00:00,6735,10473.065864582717
2023-01-23 02:00:00,5224,6322.472812263619
2023-01-23 03:00:00,1705,4294.493042890123
2023-01-23 04:00:00,2792,2820.2882540170194
2023-01-23 05:00:00,13140,8434.893554356035
2023-01-23 06:00:00,36517,21630.89190695961
2023-01-23 07:00:00,83809,52471.30588011357
2023-01-23 08:00:00,45478,55505.15969702283
2023-01-23 09:00:00,35329,36140.69390338145
2023-01-23 10:00:00,23687,26452.079425659933
2023-01-23 11:00:00,30797,25909.404039706358
2023-01-23 12:00:00,42585,34454.08711925326
2023-01-23 13:00:00,59521,48106.00301366724
2023-01-23 14:00:00,46294,51548.476982640925
2023-01-23 15:00:00,62531,46887.23099501621
2023-01-23 16:00:00,72014,57761.45536679586
2023-01-23 17:00:00,49578,58867.664575152776
2023-01-23 18:00:00,39357,39900.36466034737
2023-01-23 19:00:00,26475,30443.75107619319
2023-01-23 20:00:00,18211,20835.97602759675
2023-01-23 21:00:00,10440,14519.272854029025
2023-01-23 22:00:00,8716,9160.846148251121
2023-01-23 23:00:00,4864,6387.586744466869
2023-01-24 00:00:00,2966,4655.351708596823
2023-01-24 01:00:00,862,2299.330558212152
2023-01-24 02:00:00,14,1153.670438056777
2023-01-24 03:00:00,13,174.38323693721725
2023-01-24 04:00:00,2029,1631.406943889936
2023-01-24 05:00:00,10934,9920.283117567922
2023-01-24 06:00:00,38337,28320.66451369405
2023-01-24 07:00:00,92072,70913.49058033909
2023-01-24 08:00:00,45284,71772.02287799139
2023-01-24 09:00:00,37972,42091.6885901141
2023-01-24 10:00:00,29877,31042.627347089314
2023-01-24 11:00:00,33683,31123.464336546742
2023-01-24 12:00:00,44767,39527.479952053756
2023-01-24 13:00:00,58888,55592.06106398428
2023-01-24 14:00:00,40705,54703.762193947055
2023-01-24 15:00:00,61834,52930.59666685467
2023-01-24 16:00:00,60095,68586.85060808067
2023-01-24 17:00:00,56460,57530.620112104894
2023-01-24 18:00:00,40140,47151.487270741614
2023-01-24 19:00:00,27799,30858.133194537935
2023-01-24 20:00:00,19290,21444.207999958453
2023-01-24 21:00:00,15139,13642.157812425738
2023-01-24 22:00:00,10157,12230.110199820236
2023-01-24 23:00:00,6932,6981.808100702882
2023-01-25 00:00:00,1935,4171.432558500062
2023-01-25 01:00:00,752,426.96188862605777
2023-01-25 02:00:00,23,0.0
2023-01-25 03:00:00,19,0.0
2023-01-25 04:00:00,2258,1491.017780314929
2023-01-25 05:00:00,14255,9675.238989499167
2023-01-25 06:00:00,36792,30084.247473647207
2023-01-25 07:00:00,95470,70902.6716238854
2023-01-25 08:00:00,46403,72068.85281101128
2023-01-25 09:00:00,35907,41757.41747073224
2023-01-25 10:00:00,30471,30956.3879311888
2023-01-25 11:00:00,34475,32488.44389400407
2023-01-25 12:00:00,44616,40541.24546006691
2023-01-25 13:00:00,70334,56336.33639535564
2023-01-25 14:00:00,49905,60216.17639285115
2023-01-25 15:00:00,56088,57369.69931065712
2023-01-25 16:00:00,66813,59587.26028572395
2023-01-25 17:00:00,59917,62782.14678637969
2023-01-25 18:00:00,38861,49946.69267645164
2023-01-25 19:00:00,24468,31439.333991449326
2023-01-25 20:00:00,19094,19880.288255321568
2023-01-25 21:00:00,12158,15715.415906603283
2023-01-25 22:00:00,10021,10214.240921502786
2023-01-25 23:00:00,7571,7700.21400549207
2023-01-26 00:00:00,3372,4539.780004458953
2023-01-26 01:00:00,664,1226.3975632139295
2023-01-26 02:00:00,28,0.0
2023-01-26 03:00:00,12,0.0
2023-01-26 04:00:00,2847,2414.7677978529864
2023-01-26 05:00:00,14990,13909.90566167118
2023-01-26 06:00:00,37154,39865.75939630247
2023-01-26 07:00:00,94982,93855.4962577359
2023-01-26 08:00:00,49670,83786.0062800413
2023-01-26 09:00:00,35638,50755.024253712545
2023-01-26 10:00:00,28092,36106.52511826333
2023-01-26 11:00:00,32677,37814.71509823194
2023-01-26 12:00:00,45505,48815.867609155444
2023-01-26 13:00:00,64866,74292.04321093932
2023-01-26 14:00:00,47242,70024.15978460757
2023-01-26 15:00:00,57213,70808.56550786598
2023-01-26 16:00:00,58901,78817.81576816017
2023-01-26 17:00:00,53640,69955.79892539154
2023-01-26 18:00:00,45124,55287.32858075559
2023-01-26 19:00:00,29992,40073.624186564986
2023-01-26 20:00:00,20625,26357.21125664487
2023-01-26 21:00:00,14660,18758.26127899367
2023-01-26 22:00:00,11093,14625.543843571406
2023-01-26 23:00:00,6469,10218.673285996825
2023-01-27 00:00:00,3604,4233.475058920027
2023-01-27 01:00:00,752,1385.1911064310575
2023-01-27 02:00:00,13,0.0
2023-01-27 03:00:00,25,0.0
2023-01-27 04:00:00,2424,2033.4256341461214
2023-01-27 05:00:00,11629,12386.099504874896
2023-01-27 06:00:00,31846,32307.598142395836
2023-01-27 07:00:00,80663,80893.56173420927
2023-01-27 08:00:00,43699,70870.70262616649
2023-01-27 09:00:00,32418,48438.069815418094
2023-01-27 10:00:00,26420,36100.707886182114
2023-01-27 11:00:00,32062,39397.35829295665
2023-01-27 12:00:00,49180,52534.911051393145
2023-01-27 13:00:00,71064,77972.45251570176
2023-01-27 14:00:00,51097,74522.1921341147
2023-01-27 15:00:00,53449,67320.55434416512
2023-01-27 16:00:00,55384,68813.59529755318
2023-01-27 17:00:00,50498,66387.54373684063
2023-01-27 18:00:00,37788,56264.07899414954
2023-01-27 19:00:00,32689,42386.976583216834
2023-01-27 20:00:00,21186,34817.13352076184
2023-01-27 21:00:00,21045,22027.35129671038
2023-01-27 22:00:00,15461,21935.406888059464
2023-01-27 23:00:00,11971,15766.526089946248
2023-01-28 00:00:00,4799,8062.717689210618
2023-01-28 01:00:00,1361,2258.67533448957
2023-01-28 02:00:00,8,97.6600643312895
2023-01-28 03:00:00,669,0.0
2023-01-28 04:00:00,2172,1646.033388395008
2023-01-28 05:00:00,4802,5412.500692911394
2023-01-28 06:00:00,5839,10456.280182825833
2023-01-28 07:00:00,9208,20744.573766703645
2023-01-28 08:00:00,13761,17983.10498050246
2023-01-28 09:00:00,25762,20865.1282776034
2023-01-28 10:00:00,24190,27785.77086144391
2023-01-28 11:00:00,32530,27883.863186304865
2023-01-28 12:00:00,30868,37092.48462794599
2023-01-28 13:00:00,35187,41454.26465020093
2023-01-28 14:00:00,39762,40097.26570154923
2023-01-28 15:00:00,40622,44229.392421806755
2023-01-28 16:00:00,39615,44555.23014641037
2023-01-28 17:00:00,39880,43204.36332739382
2023-01-28 18:00:00,40143,38381.98951628472
2023-01-28 19:00:00,33212,35646.71893314251
2023-01-28 20:00:00,26343,27627.950681724382
2023-01-28 21:00:00,20159,22562.12846056737
2023-01-28 22:00:00,19051,17718.139424157504
2023-01-28 23:00:00,13107,15745.150959360919
2023-01-29 00:00:00,9881,11757.245987997852
2023-01-29 01:00:00,6978,8451.93206697674
2023-01-29 02:00:00,1881,5538.558070947788
2023-01-29 03:00:00,493,2030.7240752487273
2023-01-29 04:00:00,266,1332.3598908102895
2023-01-29 05:00:00,3207,1949.5326415450006
2023-01-29 06:00:00,3202,3321.8522805354723
2023-01-29 07:00:00,4382,3110.7538909200644
2023-01-29 08:00:00,6757,6445.996577386639
2023-01-29 09:00:00,10146,13040.419316139918
2023-01-29 10:00:00,15796,14747.36008102092
2023-01-29 11:00:00,15932,21003.747404751848
2023-01-29 12:00:00,20134,20682.66640270326
2023-01-29 13:00:00,21701,23859.840176787133
2023-01-29 14:00:00,25238,27098.59483124337
2023-01-29 15:00:00,25179,27765.200873116693
2023-01-29 16:00:00,26943,29845.89399264104
2023-01-29 17:00:00,28398,29802.87924959854
2023-01-29 18:00:00,23433,29563.1428823175
2023-01-29 19:00:00,20498,24006.490354263828
2023-01-29 20:00:00,15171,19609.472179892975
2023-01-29 21:00:00,12780,14436.78397270356
2023-01-29 22:00:00,7662,12229.120615936195
2023-01-29 23:00:00,5074,7152.093437788241
2023-01-30 00:00:00,10699,6478.992020366086
2023-01-30 01:00:00,6642,8729.386685698699
2023-01-30 02:00:00,3623,5164.778847074124
2023-01-30 03:00:00,1259,2111.4956944081596
2023-01-30 04:00:00,2880,1670.049752275699
2023-01-30 05:00:00,16011,7980.253366888527
2023-01-30 06:00:00,38878,23037.73461778507
2023-01-30 07:00:00,89450,51499.02337311519
2023-01-30 08:00:00,43830,60330.78592552981
2023-01-30 09:00:00,38165,34442.72603677013
2023-01-30 10:00:00,27945,27750.849557030124
2023-01-30 11:00:00,35926,26280.939560431958
2023-01-30 12:00:00,40709,36118.24866100131
2023-01-30 13:00:00,53443,44870.9143856275
2023-01-30 14:00:00,45803,45643.651974292225
2023-01-30 15:00:00,53023,47624.743825983314
2023-01-30 16:00:00,62173,53078.65516742589
2023-01-30 17:00:00,48117,51761.43429687354
2023-01-30 18:00:00,35111,38493.803632893854
2023-01-30 19:00:00,24452,27069.772036933122
2023-01-30 20:00:00,16300,18967.361546808934
2023-01-30 21:00:00,13717,12085.884128750191
2023-01-30 22:00:00,8105,10539.795707978761
2023-01-30 23:00:00,4742,5718.039911655993
2023-01-31 00:00:00,2391,4616.492926670975
2023-01-31 01:00:00,352,2069.433442622173
2023-01-31 02:00:00,14,515.4394579426995
2023-01-31 03:00:00,36,28.72314676632857
2023-01-31 04:00:00,2609,1631.3049386514651
2023-01-31 05:00:00,15741,10166.997119689748
2023-01-31 06:00:00,40537,30737.452961846553
2023-01-31 07:00:00,87153,72057.78532805448
2023-01-31 08:00:00,42124,66511.26456443177
2023-01-31 09:00:00,38028,39716.21711270583
2023-01-31 10:00:00,31334,31789.006608555028
2023-01-31 11:00:00,31268,33305.02406902549
2023-01-31 12:00:00,44881,37964.33337020796
2023-01-31 13:00:00,60223,53852.4159002838
2023-01-31 14:00:00,48812,53119.763501243935
2023-01-31 15:00:00,66535,54761.4498979575
2023-01-31 16:00:00,69260,65972.01528964873
2023-01-31 17:00:00,57324,61532.13492344096
2023-01-31 18:00:00,41255,46146.34759308784
2023-01-31 19:00:00,29008,31590.468212186082
2023-01-31 20:00:00,20727,21781.485762308082
2023-01-31 21:00:00,15813,15763.50627360603
2023-01-31 22:00:00,12333,11909.49975623622
2023-01-31 23:00:00,6853,8538.44100857944
2023-02-01 00:00:00,2823,3833.859682251247
2023-02-01 01:00:00,614,773.6595723666586
2023-02-01 02:00:00,17,0.0
2023-02-01 03:00:00,81,0.0
2023-02-01 04:00:00,2761,1641.80773323378
2023-02-01 05:00:00,12765,10949.65298704526
2023-02-01 06:00:00,38901,28847.576169395863
2023-02-01 07:00:00,89620,71341.91479252378
2023-02-01 08:00:00,52656,68140.63777625067
2023-02-01 09:00:00,40152,45937.49192728046
2023-02-01 10:00:00,34012,33694.39122748306
2023-02-01 11:00:00,35001,33577.15454738461
2023-02-01 12:00:00,44412,41014.58976645886
2023-02-01 13:00:00,60665,57336.449423656086
2023-02-01 14:00:00,51491,55904.29799229232
2023-02-01 15:00:00,60049,58071.7416499068
2023-02-01 16:00:00,63541,64779.078534746885
2023-02-01 17:00:00,58570,60556.41852485762
2023-02-01 18:00:00,44584,48327.29045136212
2023-02-01 19:00:00,29390,34162.42583654046
2023-02-01 20:00:00,22670,22787.54675259578
2023-02-01 21:00:00,18210,16590.381892116588
2023-02-01 22:00:00,12655,14307.501895228246
2023-02-01 23:00:00,7933,9192.040343351793
2023-02-02 00:00:00,3571,4805.195338346783
2023-02-02 01:00:00,809,1250.1623322412102
2023-02-02 02:00:00,35,0.0
2023-02-02 03:00:00,14,0.0
2023-02-02 04:00:00,2552,1752.8138575034147
2023-02-02 05:00:00,15484,10364.746755448905
2023-02-02 06:00:00,35541,30316.709489148925
2023-02-02 07:00:00,85262,69507.06639495338
2023-02-02 08:00:00,46687,68211.40396852395
2023-02-02 09:00:00,41088,42687.77564902069
2023-02-02 10:00:00,31222,34612.27652991881
2023-02-02 11:00:00,37727,32546.673142804706
2023-02-02 12:00:00,44229,42835.79056320372
2023-02-02 13:00:00,54608,56187.3405363667
2023-02-02 14:00:00,44850,51897.52839760987
2023-02-02 15:00:00,61193,52871.62381066954
2023-02-02 16:00:00,65386,62942.845856060245
2023-02-02 17:00:00,49509,60890.450465495414
2023-02-02 18:00:00,44585,44600.54056797228
2023-02-02 19:00:00,27458,35518.351770876485
2023-02-02 20:00:00,20587,22759.313854573636
2023-02-02 21:00:00,15011,16356.88745665818
2023-02-02 22:00:00,14205,12715.238952523083
2023-02-02 23:00:00,8999,10300.078685004868
2023-02-03 00:00:00,4150,5823.095642394199
2023-02-03 01:00:00,1102,1584.5250195706021
2023-02-03 02:00:00,15,9.368337478573153
2023-02-03 03:00:00,90,0.0
2023-02-03 04:00:00,2725,1648.6761124291804
2023-02-03 05:00:00,14736,10204.39565490513
2023-02-03 06:00:00,34775,27870.778239628977
2023-02-03 07:00:00,78518,64997.526147560646
2023-02-03 08:00:00,41775,61416.59108560093
2023-02-03 09:00:00,41907,39187.737874296676
2023-02-03 10:00:00,33228,34583.28262892933
2023-02-03 11:00:00,39006,34475.714098734796
2023-02-03 12:00:00,47397,44360.22754246295
2023-02-03 13:00:00,72025,58124.17279782583
2023-02-03 14:00:00,56670,62298.24192326615
2023-02-03 15:00:00,59247,59338.94752563983
2023-02-03 16:00:00,58599,60272.14774253574
2023-02-03 17:00:00,56845,53454.48354749698
2023-02-03 18:00:00,43807,47797.20768955233
2023-02-03 19:00:00,32075,35377.49898994286
2023-02-03 20:00:00,29888,25022.988255044802
2023-02-03 21:00:00,20932,22981.39061557549
2023-02-03 22:00:00,20494,17317.08657878457
2023-02-03 23:00:00,17439,15186.518722522906
2023-02-04 00:00:00,4801,10512.745681438682
2023-02-04 01:00:00,494,1982.6103660949498
2023-02-04 02:00:00,1,0.0
2023-02-04 03:00:00,412,0.0
2023-02-04 04:00:00,1625,1586.1492949577844
2023-02-04 05:00:00,4001,5253.435792743836
2023-02-04 06:00:00,7423,10027.49163815908
2023-02-04 07:00:00,8869,20918.98492559528
2023-02-04 08:00:00,14245,16766.120384876915
2023-02-04 09:00:00,25049,23549.42260532869
2023-02-04 10:00:00,27880,27887.335905480897
2023-02-04 11:00:00,33197,31781.15107267313
2023-02-04 12:00:00,36129,35480.301392325084
2023-02-04 13:00:00,43126,42792.53634988171
2023-02-04 14:00:00,43497,45320.75335962616
2023-02-04 15:00:00,45690,45171.27231838976
2023-02-04 16:00:00,42137,46509.929374114676
2023-02-04 17:00:00,42516,43672.63278215349
2023-02-04 18:00:00,43868,41150.03656176995
2023-02-04 19:00:00,35126,37765.951301066074
2023-02-04 20:00:00,29872,30491.549020236656
2023-02-04 21:00:00,18858,23711.93041876406
2023-02-04 22:00:00,18444,17435.725724318836
2023-02-04 23:00:00,14765,15785.388883439753
2023-02-05 00:00:00,9385,10225.021684752292
2023-02-05 01:00:00,6231,6155.491636795229
2023-02-05 02:00:00,2432,3393.8143504946656
2023-02-05 03:00:00,2918,1214.8476442110616
2023-02-05 04:00:00,3355,2198.134664941281
2023-02-05 05:00:00,4949,3608.4252699829754
2023-02-05 06:00:00,4620,4215.657341630076
2023-02-05 07:00:00,4236,3520.877954724528
2023-02-05 08:00:00,6098,6550.289227820365
2023-02-05 09:00:00,9294,11607.619149851913
2023-02-05 10:00:00,14385,15274.781970682789
2023-02-05 11:00:00,17706,18951.8249766086
2023-02-05 12:00:00,20926,21912.135826067817
2023-02-05 13:00:00,22087,25051.2152872039
2023-02-05 14:00:00,18144,27009.228916387874
2023-02-05 15:00:00,19889,23914.047886707493
2023-02-05 16:00:00,22121,25338.560317615797
2023-02-05 17:00:00,24826,27092.003818610683
2023-02-05 18:00:00,19719,27794.399542830295
2023-02-05 19:00:00,17646,21515.912393320024
2023-02-05 20:00:00,14912,18150.125939875907
2023-02-05 21:00:00,11263,13692.64504965772
2023-02-05 22:00:00,6686,10818.792649273224
2023-02-05 23:00:00,5388,6842.025439409863
2023-02-06 00:00:00,9683,6544.270717898564
2023-02-06 01:00:00,7858,7954.379037641696
2023-02-06 02:00:00,3424,5689.5958063006565
2023-02-06 03:00:00,1330,2421.3776026576334
2023-02-06 04:00:00,3050,2317.9190978798956
2023-02-06 05:00:00,16156,9100.492191505122
2023-02-06 06:00:00,39674,23946.00145047463
2023-02-06 07:00:00,87242,53224.520384051946
2023-02-06 08:00:00,51033,58408.97250005687
2023-02-06 09:00:00,35055,39452.568469864476
2023-02-06 10:00:00,27418,26529.16141230274
2023-02-06 11:00:00,30449,27151.178167907266
2023-02-06 12:00:00,41397,32639.071596174013
2023-02-06 13:00:00,60698,44131.64972933575
2023-02-06 14:00:00,48460,48916.27766961133
2023-02-06 15:00:00,59978,45942.400208371655
2023-02-06 16:00:00,66831,53961.9244269163
2023-02-06 17:00:00,58251,53409.63502559672
2023-02-06 18:00:00,40463,42775.6852157683
2023-02-06 19:00:00,31001,28954.13464298463
2023-02-06 20:00:00,22601,22051.513762325252
2023-02-06 21:00:00,16020,16132.913017621075
2023-02-06 22:00:00,12253,11242.522811983352
2023-02-06 23:00:00,7321,8035.773638128585
2023-02-07 00:00:00,3663,5735.3145041019325
2023-02-07 01:00:00,580,2769.676194528965
2023-02-07 02:00:00,12,472.2384186292588
2023-02-07 03:00:00,43,62.42397895606189
2023-02-07 04:00:00,3834,1789.524009219354
2023-02-07 05:00:00,14154,12048.264576277068
2023-02-07 06:00:00,41478,30372.27279445631
2023-02-07 07:00:00,93967,71056.90248914651
2023-02-07 08:00:00,50562,71675.98250022854
2023-02-07 09:00:00,39854,44279.4699804126
2023-02-07 10:00:00,32152,32620.209833460773
2023-02-07 11:00:00,35806,31701.791436257605
2023-02-07 12:00:00,46596,40902.61334882301
2023-02-07 13:00:00,60514,56635.0622275048
2023-02-07 14:00:00,49123,55419.57210032619
2023-02-07 15:00:00,64818,57444.99470526543
2023-02-07 16:00:00,76668,67883.4081834558
2023-02-07 17:00:00,64315,68525.69166245502
2023-02-07 18:00:00,45594,51908.742055800634
2023-02-07 19:00:00,30941,35497.26879304723
2023-02-07 20:00:00,20802,24224.0267028062
2023-02-07 21:00:00,15259,16114.936882594971
2023-02-07 22:00:00,11496,12890.614247048936
2023-02-07 23:00:00,7371,8530.12183449282
2023-02-08 00:00:00,3368,4663.853422475684
2023-02-08 01:00:00,937,1169.0120150299126
2023-02-08 02:00:00,48,0.0
2023-02-08 03:00:00,17,0.0
2023-02-08 04:00:00,2356,1951.4605820792085
2023-02-08 05:00:00,17281,10030.103150397086
2023-02-08 06:00:00,41660,32382.270237870158
2023-02-08 07:00:00,87077,73146.8614810816
2023-02-08 08:00:00,49879,69416.55033508234
2023-02-08 09:00:00,45190,45408.53205293771
2023-02-08 10:00:00,31866,38011.695979456454
2023-02-08 11:00:00,37234,33423.74305207342
2023-02-08 12:00:00,55336,42519.41820344496
2023-02-08 13:00:00,68531,62221.50537224545
2023-02-08 14:00:00,52141,61033.808634033514
2023-02-08 15:00:00,62182,58276.7498045493
2023-02-08 16:00:00,74577,66533.98525051548
2023-02-08 17:00:00,62858,68627.19564675765
2023-02-08 18:00:00,47681,52956.571873634166
2023-02-08 19:00:00,31152,37016.07516662919
2023-02-08 20:00:00,21685,24461.321208809546
2023-02-08 21:00:00,15836,17027.42562298543
2023-02-08 22:00:00,14027,13147.663327811559
2023-02-08 23:00:00,7362,10332.129637878474
2023-02-09 00:00:00,2398,4699.120597717118
2023-02-09 01:00:00,654,547.39069081611
2023-02-09 02:00:00,13,0.0
2023-02-09 03:00:00,43,0.0
2023-02-09 04:00:00,3354,1629.158159927634
2023-02-09 05:00:00,17972,11920.18217848336
2023-02-09 06:00:00,37620,32089.688195310824
2023-02-09 07:00:00,95681,68125.95281745738
2023-02-09 08:00:00,52625,73409.42092104303
2023-02-09 09:00:00,38853,48538.38638743545
2023-02-09 10:00:00,32953,32850.606309741364
2023-02-09 11:00:00,42611,34973.70141338132
2023-02-09 12:00:00,47575,47992.87159276167
2023-02-09 13:00:00,68043,57484.30729812286
2023-02-09 14:00:00,53865,59710.471633605666
2023-02-09 15:00:00,61396,59550.523244039534
2023-02-09 16:00:00,71197,66014.9460343972
2023-02-09 17:00:00,56436,64083.66766199156
2023-02-09 18:00:00,39183,49412.5705988468
2023-02-09 19:00:00,33002,31508.98604100423
2023-02-09 20:00:00,21741,25790.659391254834
2023-02-09 21:00:00,17293,16860.99388052102
2023-02-09 22:00:00,13893,14849.190527434033
2023-02-09 23:00:00,9916,10460.13545080461
2023-02-10 00:00:00,4531,6173.876776416966
2023-02-10 01:00:00,562,1874.0542747727068
2023-02-10 02:00:00,17,0.0
2023-02-10 03:00:00,56,0.0
2023-02-10 04:00:00,2710,1887.5790289047825
2023-02-10 05:00:00,14441,11488.063115480392
2023-02-10 06:00:00,32919,28854.064151784245
2023-02-10 07:00:00,78205,65508.465127909156
2023-02-10 08:00:00,43800,62060.85258432021
2023-02-10 09:00:00,34731,42307.60033781424
2023-02-10 10:00:00,30002,31909.86072188591
2023-02-10 11:00:00,36370,35004.2633310011
2023-02-10 12:00:00,56755,43388.98832639774
2023-02-10 13:00:00,71363,67328.38402208276
2023-02-10 14:00:00,59481,64991.1514132572
2023-02-10 15:00:00,66835,62003.70099901231
2023-02-10 16:00:00,59434,66991.89463100042
2023-02-10 17:00:00,47232,56590.81563013751
2023-02-10 18:00:00,40716,41550.98888217794
2023-02-10 19:00:00,30890,34612.618990910974
2023-02-10 20:00:00,26686,26899.529583586853
2023-02-10 21:00:00,24310,21572.94287107423
2023-02-10 22:00:00,22312,20703.506666738038
2023-02-10 23:00:00,15342,17860.95018446516
2023-02-11 00:00:00,4823,9071.1028648164
2023-02-11 01:00:00,1697,1630.7798621570232
2023-02-11 02:00:00,68,143.96625990780603
2023-02-11 03:00:00,165,0.0
2023-02-11 04:00:00,1924,1243.6800187180622
2023-02-11 05:00:00,3250,5202.508961504848
2023-02-11 06:00:00,6860,9448.184528349646
2023-02-11 07:00:00,7983,20417.898634719757
2023-02-11 08:00:00,13706,16778.961823689184
2023-02-11 09:00:00,22507,21601.20390280553
2023-02-11 10:00:00,28094,26486.825153957223
2023-02-11 11:00:00,30320,31582.742736648535
2023-02-11 12:00:00,36639,36900.27111290537
2023-02-11 13:00:00,36866,44785.87453883024
2023-02-11 14:00:00,42186,42912.4028660405
2023-02-11 15:00:00,38442,47114.71542628793
2023-02-11 16:00:00,42492,42988.98354725117
2023-02-11 17:00:00,44045,42663.61939901863
2023-02-11 18:00:00,40447,42664.56696606331
2023-02-11 19:00:00,31970,35743.403730314014
2023-02-11 20:00:00,23262,28593.386698339797
2023-02-11 21:00:00,16951,20152.635704119086
2023-02-11 22:00:00,17667,16803.437455959007
2023-02-11 23:00:00,14020,15584.973540451025
2023-02-12 00:00:00,14152,9752.786276111383
2023-02-12 01:00:00,4855,9223.04700731273
2023-02-12 02:00:00,2757,2627.9272671100853
2023-02-12 03:00:00,1862,1695.7152692914635
2023-02-12 04:00:00,1859,2346.532554123606
2023-02-12 05:00:00,3911,2894.7949914357196
2023-02-12 06:00:00,3410,3833.22741370697
2023-02-12 07:00:00,4117,2627.7414314672883
2023-02-12 08:00:00,5165,6284.672750057804
2023-02-12 09:00:00,10893,10360.893105588573
2023-02-12 10:00:00,13934,16034.919023023083
2023-02-12 11:00:00,16269,18408.359648438556
2023-02-12 12:00:00,23024,21212.849934219936
2023-02-12 13:00:00,21080,25210.501806041466
2023-02-12 14:00:00,24451,24471.695122839054
2023-02-12 15:00:00,24701,25129.769124931576
2023-02-12 16:00:00,27823,27337.446531259637
2023-02-12 17:00:00,27847,29836.606429187428
2023-02-12 18:00:00,27291,27844.856503114177
2023-02-12 19:00:00,18529,24689.62861177794
2023-02-12 20:00:00,16257,16939.393213258423
2023-02-12 21:00:00,11255,13420.917097296817
2023-02-12 22:00:00,7389,10370.913511168297
2023-02-12 23:00:00,4200,7136.228264789208
2023-02-13 00:00:00,8960,6625.190384990212
2023-02-13 01:00:00,5825,7465.87854316138
2023-02-13 02:00:00,2500,4494.978643259442
2023-02-13 03:00:00,1834,1698.679883416028
2023-02-13 04:00:00,2670,2478.8784455327145
2023-02-13 05:00:00,15087,8715.641071490341
2023-02-13 06:00:00,40135,23177.081967898157
2023-02-13 07:00:00,90608,53031.81061524391
2023-02-13 08:00:00,46884,62004.40563837954
2023-02-13 09:00:00,37063,36390.35117758669
2023-02-13 10:00:00,30674,27481.96469500923
2023-02-13 11:00:00,33061,27864.927706451912
2023-02-13 12:00:00,40905,34734.78734947241
2023-02-13 13:00:00,56891,44954.39927901854
2023-02-13 14:00:00,45275,48286.84275689238
2023-02-13 15:00:00,57554,46560.383829810075
2023-02-13 16:00:00,62276,54887.40192112013
2023-02-13 17:00:00,51395,53613.9147937012
2023-02-13 18:00:00,38985,41390.25203875283
2023-02-13 19:00:00,23149,30073.89843203326
2023-02-13 20:00:00,15953,19131.71756465058
2023-02-13 21:00:00,11762,12625.642921325112
2023-02-13 22:00:00,8939,10106.902144408274
2023-02-13 23:00:00,5915,6660.07541868084
2023-02-14 00:00:00,1661,5239.129047155244
2023-02-14 01:00:00,750,1316.4886522995912
2023-02-14 02:00:00,36,486.4548334173995
2023-02-14 03:00:00,67,280.46920730788713
2023-02-14 04:00:00,3771,1991.2893253351838
2023-02-14 05:00:00,17669,11429.982367826346
2023-02-14 06:00:00,42005,32903.100399401636
2023-02-14 07:00:00,86630,73565.72722612962
2023-02-14 08:00:00,53735,67877.9743970559
2023-02-14 09:00:00,40305,47193.14321625622
2023-02-14 10:00:00,32237,34163.13381280022
2023-02-14 11:00:00,35775,33149.09650074444
2023-02-14 12:00:00,49248,41141.18863502255
2023-02-14 13:00:00,70338,57585.54584688727
2023-02-14 14:00:00,57465,61010.10269507343
2023-02-14 15:00:00,71122,61564.55092230304
2023-02-14 16:00:00,74722,71979.18967082232
2023-02-14 17:00:00,67537,66931.88776771979
2023-02-14 18:00:00,54340,54247.028427083475
2023-02-14 19:00:00,35769,39887.23621052191
2023-02-14 20:00:00,26575,25631.719341647797
2023-02-14 21:00:00,16495,18340.080557243644
2023-02-14 22:00:00,15101,12475.453763941041
2023-02-14 23:00:00,10829,10332.300424513756
2023-02-15 00:00:00,3286,6445.980011949045
2023-02-15 01:00:00,686,995.8867266720282
2023-02-15 02:00:00,58,0.0
2023-02-15 03:00:00,5,0.0
2023-02-15 04:00:00,3212,1852.4561707443886
2023-02-15 05:00:00,16586,12229.812340760322
2023-02-15 06:00:00,42274,32657.30612345224
2023-02-15 07:00:00,87941,71412.4214369366
2023-02-15 08:00:00,50474,70025.54214282229
2023-02-15 09:00:00,41615,46963.23980955238
2023-02-15 10:00:00,32433,35234.7266250849
2023-02-15 11:00:00,35262,34298.24753879531
2023-02-15 12:00:00,48347,44434.95141688579
2023-02-15 13:00:00,64022,61595.89786905976
2023-02-15 14:00:00,44870,60254.20025398213
2023-02-15 15:00:00,59195,55952.286950567905
2023-02-15 16:00:00,66576,67038.37011978812
2023-02-15 17:00:00,56339,65594.27041758907
2023-02-15 18:00:00,38798,51601.07411509702
2023-02-15 19:00:00,27457,33279.954718453766
2023-02-15 20:00:00,17959,23551.061421900835
2023-02-15 21:00:00,12801,14887.789418914163
2023-02-15 22:00:00,9102,12436.938582658904
2023-02-15 23:00:00,6362,8032.725038953664
2023-02-16 00:00:00,4246,4008.3862414050045
2023-02-16 01:00:00,802,1888.9683973923875
2023-02-16 02:00:00,34,0.0
2023-02-16 03:00:00,64,0.0
2023-02-16 04:00:00,3264,1991.8223228522115
2023-02-16 05:00:00,15526,12274.54886581607
2023-02-16 06:00:00,39067,31134.312575982032
2023-02-16 07:00:00,81821,71592.70904992892
2023-02-16 08:00:00,47768,66188.99440260362
2023-02-16 09:00:00,39060,44351.46781422003
2023-02-16 10:00:00,31619,34243.92116229903
2023-02-16 11:00:00,33532,34969.67335929978
2023-02-16 12:00:00,47765,41554.56567825197
2023-02-16 13:00:00,55121,59792.39298560871
2023-02-16 14:00:00,46432,52488.05707258033
2023-02-16 15:00:00,55091,54449.34645135795
2023-02-16 16:00:00,65614,62413.361829362235
2023-02-16 17:00:00,55927,61207.80665442746
2023-02-16 18:00:00,43031,46432.56169729071
2023-02-16 19:00:00,28832,34703.20396707634
2023-02-16 20:00:00,20985,22606.187291159185
2023-02-16 21:00:00,13407,16133.435511521524
2023-02-16 22:00:00,13465,11515.874360982225
2023-02-16 23:00:00,9509,10280.81681810675
2023-02-17 00:00:00,3764,6583.580037825681
2023-02-17 01:00:00,906,1325.5132670451812
2023-02-17 02:00:00,37,0.0
2023-02-17 03:00:00,9,0.0
2023-02-17 04:00:00,2204,1818.4678067025498
2023-02-17 05:00:00,13831,10594.176544762164
2023-02-17 06:00:00,33258,28362.326467743973
2023-02-17 07:00:00,68893,62812.515033388285
2023-02-17 08:00:00,36392,55637.83542198022
2023-02-17 09:00:00,35147,36173.55111555313
2023-02-17 10:00:00,28070,31743.38300469883
2023-02-17 11:00:00,32909,31669.689705532866
2023-02-17 12:00:00,48132,43339.353469349626
2023-02-17 13:00:00,67134,59106.67659642962
2023-02-17 14:00:00,47817,61698.333914161405
2023-02-17 15:00:00,49394,55499.948715434715
2023-02-17 16:00:00,52301,55359.77755984954
2023-02-17 17:00:00,47987,50649.60198485846
2023-02-17 18:00:00,39525,43102.90430777867
2023-02-17 19:00:00,26008,33071.338498486184
2023-02-17 20:00:00,20432,22997.231998081494
2023-02-17 21:00:00,15355,17694.155427573474
2023-02-17 22:00:00,17011,15685.887870777146
2023-02-17 23:00:00,13392,14391.52143727645
2023-02-18 00:00:00,5419,8203.28593747192
2023-02-18 01:00:00,1455,2639.58635692337
2023-02-18 02:00:00,141,97.94498045853948
2023-02-18 03:00:00,129,0.0
2023-02-18 04:00:00,1449,1193.8079027759816
2023-02-18 05:00:00,4509,4604.1695351561275
2023-02-18 06:00:00,6129,10279.510568696476
2023-02-18 07:00:00,8621,17831.020182666274
2023-02-18 08:00:00,14751,15392.588476745703
2023-02-18 09:00:00,25350,21807.02565568415
2023-02-18 10:00:00,25082,27886.832007165634
2023-02-18 11:00:00,36194,28221.61065066466
2023-02-18 12:00:00,31729,38846.912115232815
2023-02-18 13:00:00,41057,39464.14588975575
2023-02-18 14:00:00,37584,42632.80815384557
2023-02-18 15:00:00,35999,39145.27142897549
2023-02-18 16:00:00,36547,39901.71827609621
2023-02-18 17:00:00,38475,39662.834670406264
2023-02-18 18:00:00,36867,38333.47976220222
2023-02-18 19:00:00,31127,32133.913303289373
2023-02-18 20:00:00,26992,25611.394664453474
2023-02-18 21:00:00,20256,20500.775567048062
2023-02-18 22:00:00,14080,17609.915727098574
2023-02-18 23:00:00,11594,12510.615317197145
2023-02-19 00:00:00,8821,9295.797136461668
2023-02-19 01:00:00,6289,5784.893348551434
2023-02-19 02:00:00,2474,3820.9451160414387
2023-02-19 03:00:00,927,1516.237437727028
2023-02-19 04:00:00,1855,1254.4133619503577
2023-02-19 05:00:00,3111,2948.6297404160405
2023-02-19 06:00:00,3273,2950.850019228772
2023-02-19 07:00:00,3484,2658.4911981090795
2023-02-19 08:00:00,5154,5933.550498360382
2023-02-19 09:00:00,9554,11317.348504269852
2023-02-19 10:00:00,11010,14493.314533143735
2023-02-19 11:00:00,15840,17555.521529635007
2023-02-19 12:00:00,21671,20501.28117002424
2023-02-19 13:00:00,29638,25149.02143852896
2023-02-19 14:00:00,21175,30468.095413793788
2023-02-19 15:00:00,19325,23569.522458460095
2023-02-19 16:00:00,27086,23601.051991682012
2023-02-19 17:00:00,28091,29131.29404900501
2023-02-19 18:00:00,27062,29228.594832988078
2023-02-19 19:00:00,16733,24600.459014774424
2023-02-19 20:00:00,14344,16949.804636982502
2023-02-19 21:00:00,11065,12931.028563976062
2023-02-19 22:00:00,7467,9780.805317772772
2023-02-19 23:00:00,6018,6432.72847605719
2023-02-20 00:00:00,10826,6516.833074651133
2023-02-20 01:00:00,5712,8377.77559071566
2023-02-20 02:00:00,3027,4040.835917149234
2023-02-20 03:00:00,1244,1860.2958685181045
2023-02-20 04:00:00,2270,2017.5176333531217
2023-02-20 05:00:00,11449,8039.725356212965
2023-02-20 06:00:00,25642,20984.118844928023
2023-02-20 07:00:00,34368,44552.67408067385
2023-02-20 08:00:00,30850,25865.365417925008
2023-02-20 09:00:00,28073,27945.888601548977
2023-02-20 10:00:00,27622,24933.521569263758
2023-02-20 11:00:00,35449,27353.606400124976
2023-02-20 12:00:00,41176,36345.40761727631
2023-02-20 13:00:00,46213,46165.43213024491
2023-02-20 14:00:00,37032,40013.45985438565
2023-02-20 15:00:00,41488,39826.608660415164
2023-02-20 16:00:00,54354,44194.42739475428
2023-02-20 17:00:00,57703,47756.99026455814
2023-02-20 18:00:00,44036,45915.81939078082
2023-02-20 19:00:00,27915,31361.136455329135
2023-02-20 20:00:00,21633,19878.10860271663
2023-02-20 21:00:00,16522,14827.76989716257
2023-02-20 22:00:00,12589,11994.42662556936
2023-02-20 23:00:00,8732,8682.330468642662
2023-02-21 00:00:00,3222,6672.363256478715
2023-02-21 01:00:00,580,2097.4617261506937
2023-02-21 02:00:00,0,331.2826550062035
2023-02-21 03:00:00,0,65.78827045193566
2023-02-21 04:00:00,6062,1860.7728556939912
2023-02-21 05:00:00,25096,12833.61779974642
2023-02-21 06:00:00,56082,34686.60626000435
2023-02-21 07:00:00,69542,68949.46903931898
2023-02-21 08:00:00,67288,53874.568870511495
2023-02-21 09:00:00,53714,53558.16475807786
2023-02-21 10:00:00,55458,42687.387758158475
2023-02-21 11:00:00,63972,47469.72761732421
2023-02-21 12:00:00,87624,58637.92631914965
2023-02-21 13:00:00,109258,80301.33531340768
2023-02-21 14:00:00,84286,83849.47994228979
2023-02-21 15:00:00,87598,74154.69173167564
2023-02-21 16:00:00,112160,78012.12053208942
2023-02-21 17:00:00,100346,91090.45557035595
2023-02-21 18:00:00,83014,76741.69284391793
2023-02-21 19:00:00,52038,57775.25662845068
2023-02-21 20:00:00,39712,36358.065482812424
2023-02-21 21:00:00,32694,26262.404008067402
2023-02-21 22:00:00,17428,23296.1265631031
2023-02-21 23:00:00,12122,12277.587629528658
2023-02-22 00:00:00,4670,6733.209976078035
2023-02-22 01:00:00,1410,1646.4298639444746
2023-02-22 02:00:00,0,44.817691799441604
2023-02-22 03:00:00,68,0.0
2023-02-22 04:00:00,3097,2523.9874774872314
2023-02-22 05:00:00,12469,13625.152432753772
2023-02-22 06:00:00,32246,33106.70571628471
2023-02-22 07:00:00,41774,61779.81406903438
2023-02-22 08:00:00,36627,44096.22796959655
2023-02-22 09:00:00,30316,41344.965605568104
2023-02-22 10:00:00,32287,35514.16928463913
2023-02-22 11:00:00,37236,40462.180665093896
2023-02-22 12:00:00,41391,52641.149740162095
2023-02-22 13:00:00,43303,64233.991649612566
2023-02-22 14:00:00,45326,51077.6287241334
2023-02-22 15:00:00,48131,59634.225430682876
2023-02-22 16:00:00,55371,67029.00855643368
2023-02-22 17:00:00,49644,63984.68825662642
2023-02-22 18:00:00,39579,52032.6079546046
2023-02-22 19:00:00,28162,36973.692583644355
2023-02-22 20:00:00,17722,26208.3980091032
2023-02-22 21:00:00,13084,17369.095083479027
2023-02-22 22:00:00,12936,12046.380344831887
2023-02-22 23:00:00,8000,10511.546944462993
2023-02-23 00:00:00,7532,5676.243299094707
2023-02-23 01:00:00,1890,3938.4391297060524
2023-02-23 02:00:00,112,506.1197951989691
2023-02-23 03:00:00,13,0.0
2023-02-23 04:00:00,2894,1860.4941307488432
2023-02-23 05:00:00,14456,10554.549620358399
2023-02-23 06:00:00,30988,28709.071817085947
2023-02-23 07:00:00,41131,53836.416581586585
2023-02-23 08:00:00,35125,36644.647774884084
2023-02-23 09:00:00,29274,35041.63723557714
2023-02-23 10:00:00,32957,29920.68206798721
2023-02-23 11:00:00,33024,35043.91912681583
2023-02-23 12:00:00,40585,40217.15420204728
2023-02-23 13:00:00,43262,48081.31808950307
2023-02-23 14:00:00,45344,43541.86298453195
2023-02-23 15:00:00,51064,50582.715850713874
2023-02-23 16:00:00,58242,56894.65604295799
2023-02-23 17:00:00,52756,55151.4031543907
2023-02-23 18:00:00,44088,45754.92627843542
2023-02-23 19:00:00,30336,34996.53419056809
2023-02-23 20:00:00,20068,23481.69226802599
2023-02-23 21:00:00,12247,14667.829632566896
2023-02-23 22:00:00,12767,11419.701695933802
2023-02-23 23:00:00,6450,10149.867621801106
2023-02-24 00:00:00,4560,5143.296298733021
2023-02-24 01:00:00,914,2210.8894609223585
2023-02-24 02:00:00,42,32.10808145946078
2023-02-24 03:00:00,8,0.0
2023-02-24 04:00:00,1950,1545.9475535524161
2023-02-24 05:00:00,11501,10074.745127273478
2023-02-24 06:00:00,26004,25291.608704723083
2023-02-24 07:00:00,36871,47744.631214657726
2023-02-24 08:00:00,28186,31309.38844168953
2023-02-24 09:00:00,25339,29866.334349530283
2023-02-24 10:00:00,27194,27086.264130607917
2023-02-24 11:00:00,31350,30784.064955412534
2023-02-24 12:00:00,41898,39432.48594339352
2023-02-24 13:00:00,47698,51902.29865121145
2023-02-24 14:00:00,47319,46727.38189174309
2023-02-24 15:00:00,48797,51036.78921770152
2023-02-24 16:00:00,57136,52827.19686845136
2023-02-24 17:00:00,47801,53254.703204594254
2023-02-24 18:00:00,38780,42897.39045608154
2023-02-24 19:00:00,31644,31582.147958714246
2023-02-24 20:00:00,26286,24994.864580539994
2023-02-24 21:00:00,22475,19110.17720526625
2023-02-24 22:00:00,23329,18497.409351504124
2023-02-24 23:00:00,14291,16926.565994597368
2023-02-25 00:00:00,3553,8626.38799409688
2023-02-25 01:00:00,923,1079.7923148750692
2023-02-25 02:00:00,22,0.0
2023-02-25 03:00:00,68,0.0
2023-02-25 04:00:00,1585,942.8644052487568
2023-02-25 05:00:00,4998,4495.58614155728
2023-02-25 06:00:00,5485,8922.100151078712
2023-02-25 07:00:00,6837,10911.376150003642
2023-02-25 08:00:00,11313,12861.943955047562
2023-02-25 09:00:00,19930,18290.824988827415
2023-02-25 10:00:00,27080,23738.57663661675
2023-02-25 11:00:00,34854,30726.48138231891
2023-02-25 12:00:00,36172,35846.709305194054
2023-02-25 13:00:00,41838,39103.98761176607
2023-02-25 14:00:00,42673,41996.01489404767
2023-02-25 15:00:00,43710,41464.39891817212
2023-02-25 16:00:00,37472,44342.38837656068
2023-02-25 17:00:00,37253,38599.27638572962
2023-02-25 18:00:00,37538,36208.69571290079
2023-02-25 19:00:00,32143,33510.666750423996
2023-02-25 20:00:00,24109,28354.164408431978
2023-02-25 21:00:00,19772,20844.196967671873
2023-02-25 22:00:00,14906,17802.46495641666
2023-02-25 23:00:00,13999,12826.857416559782
2023-02-26 00:00:00,8755,9250.06177135575
2023-02-26 01:00:00,5773,5796.498293526379
2023-02-26 02:00:00,2553,3206.629528679443
2023-02-26 03:00:00,1790,1355.084237323794
2023-02-26 04:00:00,3429,1770.9676676046518
2023-02-26 05:00:00,4803,3850.8876467739474
2023-02-26 06:00:00,4199,3792.0513687605626
2023-02-26 07:00:00,4577,2630.458973791339
2023-02-26 08:00:00,6503,5812.655855928155
2023-02-26 09:00:00,9829,10685.793385318344
2023-02-26 10:00:00,13469,14353.639694108108
2023-02-26 11:00:00,17224,18667.250198396716
2023-02-26 12:00:00,21322,21946.691779849854
2023-02-26 13:00:00,23135,26863.43814490387
2023-02-26 14:00:00,24879,26610.55334891675
2023-02-26 15:00:00,25268,26421.568527290437
2023-02-26 16:00:00,27878,27658.369677514936
2023-02-26 17:00:00,23554,29164.122841777666
2023-02-26 18:00:00,21534,26138.671135818237
2023-02-26 19:00:00,18119,20936.603475378048
2023-02-26 20:00:00,14129,17106.01993180679
2023-02-26 21:00:00,9218,12905.953143348324
2023-02-26 22:00:00,9080,8734.88026324953
2023-02-26 23:00:00,3908,8396.760190626326
2023-02-27 00:00:00,10261,5653.361001924666
2023-02-27 01:00:00,5313,7919.902773606625
2023-02-27 02:00:00,5747,4035.36838842244
2023-02-27 03:00:00,1049,3662.7014297678625
2023-02-27 04:00:00,4617,2111.3736006682493
2023-02-27 05:00:00,16957,8848.601008088122
2023-02-27 06:00:00,42674,21394.71949699788
2023-02-27 07:00:00,84293,42696.112139185796
2023-02-27 08:00:00,41588,53638.24907003039
2023-02-27 09:00:00,39411,31220.5197874715
2023-02-27 10:00:00,30229,29307.112045869995
2023-02-27 11:00:00,33703,29128.786977569827
2023-02-27 12:00:00,43316,34628.79340631868
2023-02-27 13:00:00,59508,43759.140359973666
2023-02-27 14:00:00,54835,47407.771324609894
2023-02-27 15:00:00,69936,48433.74140256134
2023-02-27 16:00:00,69883,59675.76007959402
2023-02-27 17:00:00,54639,56762.812592387636
2023-02-27 18:00:00,43268,42325.44390222683
2023-02-27 19:00:00,27504,31585.232332846455
2023-02-27 20:00:00,20860,21007.537611211643
2023-02-27 21:00:00,13777,15064.740854207119
2023-02-27 22:00:00,8994,11439.86606266368
2023-02-27 23:00:00,5887,6596.276008604179
2023-02-28 00:00:00,2532,5291.854272131737
2023-02-28 01:00:00,829,1759.3059894681837
2023-02-28 02:00:00,4,1195.9337079561528
2023-02-28 03:00:00,67,43.47714629601751
2023-02-28 04:00:00,2356,2890.247072191748
2023-02-28 05:00:00,13414,13372.542377520009
2023-02-28 06:00:00,37606,34025.221429204
2023-02-28 07:00:00,83978,64137.07710148865
2023-02-28 08:00:00,47174,69118.88818272471
2023-02-28 09:00:00,33773,46885.455986765526
2023-02-28 10:00:00,25656,35378.61460513541
2023-02-28 11:00:00,30814,35839.98276837187
2023-02-28 12:00:00,41934,48102.14647848183
2023-02-28 13:00:00,58833,64805.64036953487
2023-02-28 14:00:00,47216,63931.66138038483
2023-02-28 15:00:00,68044,63272.38884384743
2023-02-28 16:00:00,67472,80270.27784836521
2023-02-28 17:00:00,57390,71631.88278308183
2023-02-28 18:00:00,38428,57426.08378132004
2023-02-28 19:00:00,26174,35946.344435982755
2023-02-28 20:00:00,18705,25541.44149511047
2023-02-28 21:00:00,13599,18606.04693921218
2023-02-28 22:00:00,9586,12570.904662264564
2023-02-28 23:00:00,6586,8330.928005977254
2023-03-01 00:00:00,3512,4455.712817525917
2023-03-01 01:00:00,953,1595.9812843871664
2023-03-01 02:00:00,57,34.55490371634869
2023-03-01 03:00:00,13,0.0
2023-03-01 04:00:00,2663,1716.682984449799
2023-03-01 05:00:00,17727,10004.326366307794
2023-03-01 06:00:00,43682,30367.935387498226
2023-03-01 07:00:00,93938,61625.53910733059
2023-03-01 08:00:00,51360,69418.07491928116
2023-03-01 09:00:00,35625,42683.95029441859
2023-03-01 10:00:00,30358,29862.547982601922
2023-03-01 11:00:00,33476,31999.27376780822
2023-03-01 12:00:00,49209,38993.67998303685
2023-03-01 13:00:00,63761,54156.7770616233
2023-03-01 14:00:00,54559,56514.31668804648
2023-03-01 15:00:00,66858,58263.27795987667
2023-03-01 16:00:00,71888,65959.58393270186
2023-03-01 17:00:00,58643,63303.75711831758
2023-03-01 18:00:00,47467,47489.51878236951
2023-03-01 19:00:00,28686,35811.50474873346
2023-03-01 20:00:00,19649,21570.16440182684
2023-03-01 21:00:00,11141,14293.555379982057
2023-03-01 22:00:00,11436,9994.342586340192
2023-03-01 23:00:00,6285,8713.206469008532
2023-03-02 00:00:00,3125,5122.530909546827
2023-03-02 01:00:00,734,1396.827653396229
2023-03-02 02:00:00,12,0.0
2023-03-02 03:00:00,119,0.0
2023-03-02 04:00:00,2174,1813.5211250341492
2023-03-02 05:00:00,13052,11034.650460106732
2023-03-02 06:00:00,37640,28389.159306569076
2023-03-02 07:00:00,82756,59814.741642763984
2023-03-02 08:00:00,47708,63191.36452679071
2023-03-02 09:00:00,35619,40984.64303589143
2023-03-02 10:00:00,26306,31590.950794462537
2023-03-02 11:00:00,31142,29224.97801415163
2023-03-02 12:00:00,40168,38903.67122725422
2023-03-02 13:00:00,54559,49762.97185112525
2023-03-02 14:00:00,46060,52463.20456649653
2023-03-02 15:00:00,55907,53875.467800485814
2023-03-02 16:00:00,66874,61165.42915399186
2023-03-02 17:00:00,54859,61584.76786948177
2023-03-02 18:00:00,45798,48593.43295370954
2023-03-02 19:00:00,31296,36065.891653925064
2023-03-02 20:00:00,22106,24154.75798974131
2023-03-02 21:00:00,16138,15196.60941352068
2023-03-02 22:00:00,11582,13338.208553933948
2023-03-02 23:00:00,9504,8202.149694835056
2023-03-03 00:00:00,3333,6246.3403136560155
2023-03-03 01:00:00,811,1210.7772697361997
2023-03-03 02:00:00,10,0.0
2023-03-03 03:00:00,0,0.0
2023-03-03 04:00:00,586,1421.7302347976756
2023-03-03 05:00:00,4891,8400.44482629227
2023-03-03 06:00:00,7755,20883.90439494815
2023-03-03 07:00:00,15613,37822.836459214865
2023-03-03 08:00:00,11076,19218.634016906544
2023-03-03 09:00:00,11080,19369.39856178662
2023-03-03 10:00:00,10096,17786.759972479667
2023-03-03 11:00:00,14521,20276.839182081887
2023-03-03 12:00:00,18702,28252.905566762885
2023-03-03 13:00:00,22855,36304.12318619796
2023-03-03 14:00:00,13026,32209.540309321725
2023-03-03 15:00:00,19499,31710.504598768086
2023-03-03 16:00:00,20070,38882.60072742172
2023-03-03 17:00:00,21578,32311.45737851371
2023-03-03 18:00:00,16895,28475.820301382664
2023-03-03 19:00:00,14017,21406.896416240183
2023-03-03 20:00:00,11044,17186.91601593909
2023-03-03 21:00:00,5912,13202.808847019785
2023-03-03 22:00:00,6567,10276.107405370527
2023-03-03 23:00:00,5023,8146.573024081243
2023-03-04 00:00:00,3386,3070.182016386106
2023-03-04 01:00:00,596,1717.2494637510663
2023-03-04 02:00:00,5,0.0
2023-03-04 03:00:00,33,0.0
2023-03-04 04:00:00,771,766.1659771186619
2023-03-04 05:00:00,4670,2720.3002104352245
2023-03-04 06:00:00,4952,4799.264494323068
2023-03-04 07:00:00,6510,5811.189929919719
2023-03-04 08:00:00,14221,8361.111264530653
2023-03-04 09:00:00,25619,15992.530813089916
2023-03-04 10:00:00,32095,24214.887778156182
2023-03-04 11:00:00,36148,29884.291776069636
2023-03-04 12:00:00,39875,32494.946668400167
2023-03-04 13:00:00,40697,36203.24015491765
2023-03-04 14:00:00,45907,35182.98970630979
2023-03-04 15:00:00,43294,38994.10438783268
2023-03-04 16:00:00,44296,36608.761496255574
2023-03-04 17:00:00,46569,37052.61601983658
2023-03-04 18:00:00,46916,37638.745064544935
2023-03-04 19:00:00,34147,35545.292302771326
2023-03-04 20:00:00,26585,25218.85435947001
2023-03-04 21:00:00,20895,18374.32418168264
2023-03-04 22:00:00,17726,15086.730920098178
2023-03-04 23:00:00,15187,13089.027246196156
2023-03-05 00:00:00,4949,9856.123554957096
2023-03-05 01:00:00,2367,3128.5683185024923
2023-03-05 02:00:00,979,1142.5644051049956
2023-03-05 03:00:00,487,782.6376713768088
2023-03-05 04:00:00,3153,1402.7044802181244
2023-03-05 05:00:00,6874,4002.2772515974802
2023-03-05 06:00:00,5396,5268.2203469506885
2023-03-05 07:00:00,4937,3548.60786135064
2023-03-05 08:00:00,8134,6825.531526328996
2023-03-05 09:00:00,13451,12895.005410699941
2023-03-05 10:00:00,18566,18195.17679743059
2023-03-05 11:00:00,18825,22338.31508828464
2023-03-05 12:00:00,21996,23396.585956254115
2023-03-05 13:00:00,28653,25322.247869387145
2023-03-05 14:00:00,26466,31513.8356297598
2023-03-05 15:00:00,29713,28556.5345050834
2023-03-05 16:00:00,27054,31767.92296792491
2023-03-05 17:00:00,24634,29416.154984957895
2023-03-05 18:00:00,24208,27321.625216138098
2023-03-05 19:00:00,20081,23380.164070002218
2023-03-05 20:00:00,17450,18721.02908323657
2023-03-05 21:00:00,12021,14666.645820672857
2023-03-05 22:00:00,9850,11309.581164879599
2023-03-05 23:00:00,5584,8453.108055844845
2023-03-06 00:00:00,11343,5648.380895099095
2023-03-06 01:00:00,6443,7746.681604484103
2023-03-06 02:00:00,2743,4934.195046090595
2023-03-06 03:00:00,1797,1377.385205669629
2023-03-06 04:00:00,3367,3040.3622891545438
2023-03-06 05:00:00,15438,9939.069285781143
2023-03-06 06:00:00,34342,24474.265133387526
2023-03-06 07:00:00,85227,48835.43527432411
2023-03-06 08:00:00,50562,57166.83136421776
2023-03-06 09:00:00,35792,40588.862531519284
2023-03-06 10:00:00,31029,28480.60273888972
2023-03-06 11:00:00,34175,29184.07614397355
2023-03-06 12:00:00,39872,35714.050677314626
2023-03-06 13:00:00,61133,45652.47389617517
2023-03-06 14:00:00,50936,52776.27668729422
2023-03-06 15:00:00,62708,53401.42952715284
2023-03-06 16:00:00,64202,58381.05875284217
2023-03-06 17:00:00,56269,53003.087693322166
2023-03-06 18:00:00,38874,44180.40078889939
2023-03-06 19:00:00,23910,29376.81852505773
2023-03-06 20:00:00,15247,19231.22387846135
2023-03-06 21:00:00,12325,11830.11817256639
2023-03-06 22:00:00,8559,10216.79250776059
2023-03-06 23:00:00,6124,6412.478065750299
2023-03-07 00:00:00,3585,5590.10788273847
2023-03-07 01:00:00,663,2734.0290505567764
2023-03-07 02:00:00,29,441.7636054081738
2023-03-07 03:00:00,90,179.63612011107054
2023-03-07 04:00:00,2938,1824.0343332757448
2023-03-07 05:00:00,16880,10809.910163654726
2023-03-07 06:00:00,40571,30265.217829706387
2023-03-07 07:00:00,86439,69359.2683571766
2023-03-07 08:00:00,51122,67740.04926905432
2023-03-07 09:00:00,33514,43988.50696154816
2023-03-07 10:00:00,28907,28531.74250274872
2023-03-07 11:00:00,32385,30382.989948239207
2023-03-07 12:00:00,38877,38122.641201442966
2023-03-07 13:00:00,57049,51738.65447951763
2023-03-07 14:00:00,47135,53663.98928149847
2023-03-07 15:00:00,61009,57523.29542414115
2023-03-07 16:00:00,73952,64727.56757209235
2023-03-07 17:00:00,60648,66563.96737935457
2023-03-07 18:00:00,45661,48853.53372174251
2023-03-07 19:00:00,30417,33541.130967242105
2023-03-07 20:00:00,20684,22095.475085099322
2023-03-07 21:00:00,12761,14864.167100675728
2023-03-07 22:00:00,13545,9956.257751634732
2023-03-07 23:00:00,6878,9561.11897472859
2023-03-08 00:00:00,3045,4583.9497347080305
2023-03-08 01:00:00,558,963.2279620220696
2023-03-08 02:00:00,33,0.0
2023-03-08 03:00:00,21,0.0
2023-03-08 04:00:00,3353,1765.24256634185
2023-03-08 05:00:00,16436,12337.69699449871
2023-03-08 06:00:00,37975,32714.653819946216
2023-03-08 07:00:00,86546,70182.3299869663
2023-03-08 08:00:00,53292,69001.79108275045
2023-03-08 09:00:00,37257,45431.22542162361
2023-03-08 10:00:00,31818,31476.458529447416
2023-03-08 11:00:00,38017,32288.33885872909
2023-03-08 12:00:00,46622,42881.66143808919
2023-03-08 13:00:00,67291,56671.09393462253
2023-03-08 14:00:00,50039,60610.663156484734
2023-03-08 15:00:00,58017,58211.45150865163
2023-03-08 16:00:00,60676,65294.34614846961
2023-03-08 17:00:00,46742,59248.5833147034
2023-03-08 18:00:00,37533,43822.45790932231
2023-03-08 19:00:00,26700,31248.84795600987
2023-03-08 20:00:00,23687,21888.507414874577
2023-03-08 21:00:00,15022,16762.001134224127
2023-03-08 22:00:00,13909,12976.206709708602
2023-03-08 23:00:00,8134,9698.938849736773
2023-03-09 00:00:00,3165,5063.029455136533
2023-03-09 01:00:00,684,932.163074285612
2023-03-09 02:00:00,30,0.0
2023-03-09 03:00:00,77,0.0
2023-03-09 04:00:00,3500,1771.1153679070273
2023-03-09 05:00:00,17300,11291.73766168612
2023-03-09 06:00:00,38310,31366.06177916297
2023-03-09 07:00:00,84360,67894.23715333048
2023-03-09 08:00:00,50319,67203.14944339718
2023-03-09 09:00:00,36042,44339.36314661231
2023-03-09 10:00:00,32851,30555.673130679068
2023-03-09 11:00:00,34373,33752.81121747094
2023-03-09 12:00:00,44938,40203.20575583701
2023-03-09 13:00:00,61254,55671.40845852982
2023-03-09 14:00:00,54689,55694.58122620826
2023-03-09 15:00:00,68378,58254.35397127951
2023-03-09 16:00:00,71313,68209.03887818698
2023-03-09 17:00:00,57174,61870.188516172355
2023-03-09 18:00:00,44235,47698.87092943237
2023-03-09 19:00:00,33622,34625.98453140874
2023-03-09 20:00:00,21424,26828.490734633488
2023-03-09 21:00:00,18358,16402.932074331984
2023-03-09 22:00:00,14139,14885.67144288379
2023-03-09 23:00:00,9422,10889.254689291332
2023-03-10 00:00:00,3427,5781.06121530169
2023-03-10 01:00:00,764,1111.309780808478
2023-03-10 02:00:00,68,0.0
2023-03-10 03:00:00,49,0.0
2023-03-10 04:00:00,3439,1423.9685638821657
2023-03-10 05:00:00,12918,9604.401516627568
2023-03-10 06:00:00,32548,21975.860387100744
2023-03-10 07:00:00,78689,48752.157412941924
2023-03-10 08:00:00,40562,55099.40602515808
2023-03-10 09:00:00,37751,32787.36611028801
2023-03-10 10:00:00,29470,28646.264859275478
2023-03-10 11:00:00,35367,27596.06703133846
2023-03-10 12:00:00,51400,35643.32375195613
2023-03-10 13:00:00,70126,51567.515077230055
2023-03-10 14:00:00,56346,54657.36876012636
2023-03-10 15:00:00,56760,52855.046198805125
2023-03-10 16:00:00,41476,52041.23576438446
2023-03-10 17:00:00,31064,37785.49100308188
2023-03-10 18:00:00,40696,27101.359041758187
2023-03-10 19:00:00,28949,31811.414492053605
2023-03-10 20:00:00,20305,22270.97807762136
2023-03-10 21:00:00,14458,14422.437871147436
2023-03-10 22:00:00,15502,11590.23543324276
2023-03-10 23:00:00,12342,11128.218643721315
2023-03-11 00:00:00,4089,7213.489313542339
2023-03-11 01:00:00,1014,1611.8787926792616
2023-03-11 02:00:00,55,0.0
2023-03-11 03:00:00,133,0.0
2023-03-11 04:00:00,1301,1217.5257107112113
2023-03-11 05:00:00,5324,4643.144605653355
2023-03-11 06:00:00,6364,10223.074552019838
2023-03-11 07:00:00,9105,19595.77023831856
2023-03-11 08:00:00,16021,16716.655511576188
2023-03-11 09:00:00,22071,23828.746972550223
2023-03-11 10:00:00,26735,26954.69191901564
2023-03-11 11:00:00,31808,31066.530109405096
2023-03-11 12:00:00,33695,37611.2233822079
2023-03-11 13:00:00,41786,42168.05479327385
2023-03-11 14:00:00,38332,45884.72376166569
2023-03-11 15:00:00,39112,42124.22899264372
2023-03-11 16:00:00,42909,39983.962421032855
2023-03-11 17:00:00,38838,40662.89859183796
2023-03-11 18:00:00,38399,39925.97585665454
2023-03-11 19:00:00,35222,33880.18738873772
2023-03-11 20:00:00,27130,28880.58908075528
2023-03-11 21:00:00,18736,21149.519305973583
2023-03-11 22:00:00,17453,16143.089855329357
2023-03-11 23:00:00,13520,14704.23047422948
2023-03-12 00:00:00,7507,8205.929754571953
2023-03-12 01:00:00,4485,4109.818456103352
2023-03-12 02:00:00,2756,2186.882325415616
2023-03-12 03:00:00,897,1479.0978386303677
2023-03-12 04:00:00,2771,1498.213425040458
2023-03-12 05:00:00,4391,4347.031146327248
2023-03-12 06:00:00,6869,4242.478001277227
2023-03-12 07:00:00,5915,5154.616211260525
2023-03-12 08:00:00,6643,8203.183475529844
2023-03-12 09:00:00,13515,11857.417095223966
2023-03-12 10:00:00,20264,18237.919874705112
2023-03-12 11:00:00,32778,22862.875551777222
2023-03-12 12:00:00,21481,30988.446553618953
2023-03-12 13:00:00,22179,26170.774918723284
2023-03-12 14:00:00,24923,25516.070124669037
2023-03-12 15:00:00,27439,27826.649368967308
2023-03-12 16:00:00,33155,30199.70688115016
2023-03-12 17:00:00,30452,32025.732842475503
2023-03-12 18:00:00,26733,29860.72327425547
2023-03-12 19:00:00,19131,25253.800956787498
2023-03-12 20:00:00,17697,18651.034587422007
2023-03-12 21:00:00,11502,14891.163502171614
2023-03-12 22:00:00,10665,11140.284343545036
2023-03-12 23:00:00,5608,9075.072436235027
2023-03-13 00:00:00,9184,6450.13986058823
2023-03-13 01:00:00,7059,7031.48992477378
2023-03-13 02:00:00,4175,5050.423356678611
2023-03-13 03:00:00,1742,2634.3201838281475
2023-03-13 04:00:00,3696,2513.861480617931
2023-03-13 05:00:00,15242,9222.243802373412
2023-03-13 06:00:00,38319,22788.945249001416
2023-03-13 07:00:00,84500,51751.159252182006
2023-03-13 08:00:00,41557,58357.9322087551
2023-03-13 09:00:00,35428,33905.69006661034
2023-03-13 10:00:00,27125,28866.409461376323
2023-03-13 11:00:00,29781,30163.852568500697
2023-03-13 12:00:00,40254,32129.781611207232
2023-03-13 13:00:00,56195,45172.45830575588
2023-03-13 14:00:00,43311,48670.306137614956
2023-03-13 15:00:00,47980,46538.37121762798
2023-03-13 16:00:00,44899,49407.67561870103
2023-03-13 17:00:00,52634,42947.42028353932
2023-03-13 18:00:00,33191,42429.38839169093
2023-03-13 19:00:00,23648,25787.65032404442
2023-03-13 20:00:00,16815,18122.901393544693
2023-03-13 21:00:00,12462,12675.494463601723
2023-03-13 22:00:00,9746,10365.451691944463
2023-03-13 23:00:00,5751,7142.135880547091
2023-03-14 00:00:00,3369,5117.936162733944
2023-03-14 01:00:00,641,2634.477602074122
2023-03-14 02:00:00,19,670.5860697716793
2023-03-14 03:00:00,2,178.07184290814644
2023-03-14 04:00:00,2159,1968.0498961439666
2023-03-14 05:00:00,14475,11053.635770477691
2023-03-14 06:00:00,34626,30328.350206465264
2023-03-14 07:00:00,88384,66069.68451307945
2023-03-14 08:00:00,52764,68273.972620583
2023-03-14 09:00:00,39098,45160.87949228124
2023-03-14 10:00:00,30128,31864.015215402702
2023-03-14 11:00:00,34463,30433.913058776605
2023-03-14 12:00:00,41941,38457.13628521061
2023-03-14 13:00:00,66823,52164.130930112115
2023-03-14 14:00:00,46868,58103.84298127481
2023-03-14 15:00:00,62951,52432.017729539824
2023-03-14 16:00:00,72325,62923.253487455964
2023-03-14 17:00:00,58565,65413.06612351673
2023-03-14 18:00:00,41542,47902.522534511496
2023-03-14 19:00:00,29784,32021.411984956707
2023-03-14 20:00:00,21064,22625.789578825425
2023-03-14 21:00:00,16946,15158.88620071632
2023-03-14 22:00:00,11315,13763.31558785779
2023-03-14 23:00:00,7293,8058.128524375647
2023-03-15 00:00:00,2607,4522.201021985558
2023-03-15 01:00:00,437,697.5375457322654
2023-03-15 02:00:00,32,0.0
2023-03-15 03:00:00,14,0.0
2023-03-15 04:00:00,1915,1759.6902312843729
2023-03-15 05:00:00,13690,10639.938521486501
2023-03-15 06:00:00,34408,28487.53816719421
2023-03-15 07:00:00,61716,66784.60064910109
2023-03-15 08:00:00,40926,54245.72916724718
2023-03-15 09:00:00,35396,39582.17001496671
2023-03-15 10:00:00,25513,32288.242898199285
2023-03-15 11:00:00,31495,30384.523743768907
2023-03-15 12:00:00,40087,38993.43530490169
2023-03-15 13:00:00,49599,55758.597502838165
2023-03-15 14:00:00,41252,48763.052289014195
2023-03-15 15:00:00,53083,51653.80389724801
2023-03-15 16:00:00,51904,60328.74551024696
2023-03-15 17:00:00,49341,51107.68901599791
2023-03-15 18:00:00,30636,42761.706469860284
2023-03-15 19:00:00,24193,26704.610010085955
2023-03-15 20:00:00,16415,21255.23778880023
2023-03-15 21:00:00,8908,14273.652329662224
2023-03-15 22:00:00,7141,9426.774919912885
2023-03-15 23:00:00,4757,6363.828672061529
2023-03-16 00:00:00,3814,3244.656679776796
2023-03-16 01:00:00,961,1691.040176773453
2023-03-16 02:00:00,10,138.41691764787925
2023-03-16 03:00:00,14,0.0
2023-03-16 04:00:00,2283,1716.3335525309872
2023-03-16 05:00:00,13622,10904.526956996806
2023-03-16 06:00:00,38951,28468.92797712962
2023-03-16 07:00:00,98908,63623.1047851117
2023-03-16 08:00:00,45731,74604.44860696094
2023-03-16 09:00:00,41464,40901.504208796854
2023-03-16 10:00:00,33473,33490.25264331823
2023-03-16 11:00:00,34939,33665.89699555388
2023-03-16 12:00:00,49356,39995.972055297876
2023-03-16 13:00:00,68202,56258.096268972266
2023-03-16 14:00:00,59039,60109.28993019653
2023-03-16 15:00:00,67763,62455.93495545668
2023-03-16 16:00:00,69275,66505.18385023958
2023-03-16 17:00:00,55235,61430.59142562761
2023-03-16 18:00:00,42281,44751.383791743
2023-03-16 19:00:00,30922,33437.44488991886
2023-03-16 20:00:00,19348,23583.11309145276
2023-03-16 21:00:00,13099,14535.143279280639
2023-03-16 22:00:00,10861,10889.40941970232
2023-03-16 23:00:00,7059,8274.735226779027
2023-03-17 00:00:00,1840,4667.669015110387
2023-03-17 01:00:00,639,350.404651766788
2023-03-17 02:00:00,20,0.0
2023-03-17 03:00:00,35,0.0
2023-03-17 04:00:00,2558,1808.1075172423489
2023-03-17 05:00:00,13147,10083.002033974602
2023-03-17 06:00:00,33360,27815.869397776747
2023-03-17 07:00:00,78675,66521.39338033664
2023-03-17 08:00:00,48077,60714.89779249461
2023-03-17 09:00:00,33604,44597.54190749939
2023-03-17 10:00:00,34675,30378.055362191335
2023-03-17 11:00:00,41809,35361.00539510936
2023-03-17 12:00:00,59574,48085.132584608655
2023-03-17 13:00:00,75346,68410.32365480838
2023-03-17 14:00:00,55353,68202.39088168771
2023-03-17 15:00:00,64283,59957.22012036671
2023-03-17 16:00:00,60753,61008.2037846921
2023-03-17 17:00:00,54893,51648.41711523023
2023-03-17 18:00:00,49981,46453.82895521468
2023-03-17 19:00:00,32235,39169.81622301671
2023-03-17 20:00:00,27145,24596.020525086962
2023-03-17 21:00:00,16033,19066.125870785552
2023-03-17 22:00:00,12627,13645.062211455186
2023-03-17 23:00:00,13276,10094.523853232266
2023-03-18 00:00:00,3708,7596.474732568904
2023-03-18 01:00:00,1235,1567.3071072669682
2023-03-18 02:00:00,0,0.0
2023-03-18 03:00:00,145,0.0
2023-03-18 04:00:00,3142,1150.8698064976559
2023-03-18 05:00:00,6504,6004.858579186769
2023-03-18 06:00:00,5701,11427.126788734402
2023-03-18 07:00:00,11992,19727.069273882276
2023-03-18 08:00:00,19830,20456.527784771126
2023-03-18 09:00:00,33038,24576.709516313742
2023-03-18 10:00:00,34243,33578.14091597779
2023-03-18 11:00:00,40315,35835.95776338743
2023-03-18 12:00:00,40342,42655.72249530643
2023-03-18 13:00:00,43412,47206.369767178876
2023-03-18 14:00:00,38367,44494.803231539714
2023-03-18 15:00:00,45717,42417.62918135548
2023-03-18 16:00:00,39826,47771.060483231915
2023-03-18 17:00:00,43933,41744.23766547239
2023-03-18 18:00:00,37042,42969.20144179608
2023-03-18 19:00:00,37681,34022.30756624416
2023-03-18 20:00:00,26748,31663.2619374282
2023-03-18 21:00:00,20191,20782.815145889545
2023-03-18 22:00:00,19174,16290.386229465925
2023-03-18 23:00:00,16238,15612.06255002202
2023-03-19 00:00:00,7071,10322.774791606238
2023-03-19 01:00:00,3733,4229.014165749782
2023-03-19 02:00:00,2793,1968.7733759859382
2023-03-19 03:00:00,1116,1629.2666227515392
2023-03-19 04:00:00,2132,2051.322059224327
2023-03-19 05:00:00,2956,3545.135300323923
2023-03-19 06:00:00,4125,3524.720737408827
2023-03-19 07:00:00,4973,4287.79695286859
2023-03-19 08:00:00,6030,8255.488305833202
2023-03-19 09:00:00,12055,13989.237541672554
2023-03-19 10:00:00,12997,19306.4249247978
2023-03-19 11:00:00,17561,23282.951900808257
2023-03-19 12:00:00,23220,22878.797095325623
2023-03-19 13:00:00,20328,26740.441099970943
2023-03-19 14:00:00,24085,24735.390759840702
2023-03-19 15:00:00,23798,28097.71255473677
2023-03-19 16:00:00,23145,28724.95523689571
2023-03-19 17:00:00,28361,28142.644479886163
2023-03-19 18:00:00,23706,29146.296711040806
2023-03-19 19:00:00,19423,24161.564251890413
2023-03-19 20:00:00,16162,18959.401940224096
2023-03-19 21:00:00,14088,14250.944968295935
2023-03-19 22:00:00,8146,13324.227361888445
2023-03-19 23:00:00,4973,8088.284842690654
2023-03-20 00:00:00,9839,5382.912250610076
2023-03-20 01:00:00,5403,7562.041303533289
2023-03-20 02:00:00,2117,4270.91635676963
2023-03-20 03:00:00,1588,1356.2913132223293
2023-03-20 04:00:00,2307,2550.8218144170287
2023-03-20 05:00:00,14363,8105.809365217429
2023-03-20 06:00:00,38496,22581.29297108281
2023-03-20 07:00:00,92814,51586.709795874
2023-03-20 08:00:00,50304,61519.034292363795
2023-03-20 09:00:00,45742,38928.86523420012
2023-03-20 10:00:00,33156,32556.774777439314
2023-03-20 11:00:00,34277,29259.195688616775
2023-03-20 12:00:00,45385,34823.21537318278
2023-03-20 13:00:00,62233,46485.76634883938
2023-03-20 14:00:00,49252,50233.33758989065
2023-03-20 15:00:00,60591,45905.87844979515
2023-03-20 16:00:00,68466,50608.833386671446
2023-03-20 17:00:00,57016,56140.43302463822
2023-03-20 18:00:00,41398,42337.056797296864
2023-03-20 19:00:00,28649,29752.852583306754
2023-03-20 20:00:00,23884,20984.918474020007
2023-03-20 21:00:00,14063,17237.746180269816
2023-03-20 22:00:00,10165,10771.82399657803
2023-03-20 23:00:00,8313,6737.186451640256
2023-03-21 00:00:00,1957,6741.693175407532
2023-03-21 01:00:00,518,1334.4839042733565
2023-03-21 02:00:00,49,138.60111124812187
2023-03-21 03:00:00,44,217.19433301002775
2023-03-21 04:00:00,2390,1537.895023586649
2023-03-21 05:00:00,14653,10477.225243279265
2023-03-21 06:00:00,40607,29060.36774372768
2023-03-21 07:00:00,89516,72000.98600028196
2023-03-21 08:00:00,49213,70995.10122736683
2023-03-21 09:00:00,39233,45989.047633282426
2023-03-21 10:00:00,32029,33468.81068237288
2023-03-21 11:00:00,33006,33208.712298257786
2023-03-21 12:00:00,46482,39331.93789993498
2023-03-21 13:00:00,57803,58404.97522418574
2023-03-21 14:00:00,47863,53573.19338662155
2023-03-21 15:00:00,62253,55935.953908261756
2023-03-21 16:00:00,68312,67437.4728161344
2023-03-21 17:00:00,57307,63357.77667933837
2023-03-21 18:00:00,45284,47979.16351219929
2023-03-21 19:00:00,27004,35502.60134827938
2023-03-21 20:00:00,19530,22425.3390631737
2023-03-21 21:00:00,13095,15311.334561893353
2023-03-21 22:00:00,9955,11073.561250175817
2023-03-21 23:00:00,7052,7953.299257218614
2023-03-22 00:00:00,2803,4189.36699192764
2023-03-22 01:00:00,567,839.9092188311166
2023-03-22 02:00:00,9,0.0
2023-03-22 03:00:00,56,0.0
2023-03-22 04:00:00,2425,1506.2475212834765
2023-03-22 05:00:00,13201,10385.647678449492
2023-03-22 06:00:00,29442,28610.63723633346
2023-03-22 07:00:00,62739,58219.43035407345
2023-03-22 08:00:00,34117,51485.48732419654
2023-03-22 09:00:00,32672,35196.51367911595
2023-03-22 10:00:00,22863,29595.131200359203
2023-03-22 11:00:00,29043,27322.29147278441
2023-03-22 12:00:00,34048,37093.99498695472
2023-03-22 13:00:00,46468,46272.82532638454
2023-03-22 14:00:00,40213,45230.0360839221
2023-03-22 15:00:00,47449,50091.82521772082
2023-03-22 16:00:00,47335,54137.38517238751
2023-03-22 17:00:00,47857,48669.496325707856
2023-03-22 18:00:00,36355,41400.29265590738
2023-03-22 19:00:00,24939,29434.93508770538
2023-03-22 20:00:00,17915,19772.54609334978
2023-03-22 21:00:00,12430,12761.891770622644
2023-03-22 22:00:00,10730,9800.683476779011
2023-03-22 23:00:00,6899,7704.459383101808
2023-03-23 00:00:00,2319,4559.832444168949
2023-03-23 01:00:00,850,624.7873219289762
2023-03-23 02:00:00,8,0.0
2023-03-23 03:00:00,66,0.0
2023-03-23 04:00:00,2410,1588.18214145621
2023-03-23 05:00:00,12599,10059.712439361754
2023-03-23 06:00:00,28858,26930.547064234102
2023-03-23 07:00:00,71832,60711.01901956924
2023-03-23 08:00:00,41277,55142.606070265945
2023-03-23 09:00:00,31668,39623.188905290786
2023-03-23 10:00:00,23576,28285.76395226745
2023-03-23 11:00:00,25474,27382.158284598918
2023-03-23 12:00:00,35364,34370.086510377274
2023-03-23 13:00:00,46221,48934.783269168554
2023-03-23 14:00:00,45184,47625.732413213205
2023-03-23 15:00:00,51690,53391.90338005322
2023-03-23 16:00:00,56981,56217.87773160345
2023-03-23 17:00:00,51372,53826.61453111317
2023-03-23 18:00:00,35361,44029.66097204129
2023-03-23 19:00:00,24316,29354.44826181307
2023-03-23 20:00:00,18629,19539.858766671423
2023-03-23 21:00:00,11721,14072.157257003204
2023-03-23 22:00:00,8916,10365.70161418383
2023-03-23 23:00:00,5710,6933.1405035687885
2023-03-24 00:00:00,3965,3326.4858590251565
2023-03-24 01:00:00,648,1760.4201542675423
2023-03-24 02:00:00,15,0.0
2023-03-24 03:00:00,82,0.0
2023-03-24 04:00:00,3713,1666.6542894833983
2023-03-24 05:00:00,15936,10652.746446058987
2023-03-24 06:00:00,37653,27650.735519083362
2023-03-24 07:00:00,82941,63522.74367906679
2023-03-24 08:00:00,24602,63972.89931015464
2023-03-24 09:00:00,13264,26422.801547699237
2023-03-24 10:00:00,11895,16744.317473566844
2023-03-24 11:00:00,28410,21878.77616578166
2023-03-24 12:00:00,54408,39869.569444073015
2023-03-24 13:00:00,76083,62991.72177087737
2023-03-24 14:00:00,58843,66312.23267637791
2023-03-24 15:00:00,58318,60680.529845825804
2023-03-24 16:00:00,58346,58828.55582063891
2023-03-24 17:00:00,51676,54570.05908803832
2023-03-24 18:00:00,46625,45390.92097999891
2023-03-24 19:00:00,35777,36576.855282865225
2023-03-24 20:00:00,28393,28509.191499788394
2023-03-24 21:00:00,21773,20037.81221488009
2023-03-24 22:00:00,18288,16037.90799318209
2023-03-24 23:00:00,14518,13462.05468232913
2023-03-25 00:00:00,3083,8371.56689074535
2023-03-25 01:00:00,673,924.4553727116485
2023-03-25 02:00:00,7,0.0
2023-03-25 03:00:00,193,0.0
2023-03-25 04:00:00,1153,1860.5540593051057
2023-03-25 05:00:00,5882,5587.319331698308
2023-03-25 06:00:00,6935,11801.784223732078
2023-03-25 07:00:00,9222,22146.576380399267
2023-03-25 08:00:00,13659,14700.17117559099
2023-03-25 09:00:00,27825,18885.734565568724
2023-03-25 10:00:00,30914,27461.120451561626
2023-03-25 11:00:00,31204,33153.78738729373
2023-03-25 12:00:00,38101,37611.523674486656
2023-03-25 13:00:00,39253,46520.14323395592
2023-03-25 14:00:00,41198,43077.91463165624
2023-03-25 15:00:00,39923,44540.579552243165
2023-03-25 16:00:00,44213,43079.58146510836
2023-03-25 17:00:00,43100,45019.23974565089
2023-03-25 18:00:00,43995,41584.42946166503
2023-03-25 19:00:00,28461,39502.896456532544
2023-03-25 20:00:00,27483,25941.14532146479
2023-03-25 21:00:00,20913,22553.01847466716
2023-03-25 22:00:00,18828,18671.462196810455
2023-03-25 23:00:00,12861,16212.029724754662
2023-03-26 00:00:00,8604,7927.254702554605
2023-03-26 01:00:00,4264,4980.577612298314
2023-03-26 02:00:00,3469,2459.785941840705
2023-03-26 03:00:00,1509,2032.4514401555089
2023-03-26 04:00:00,312,1708.4686925508538
2023-03-26 05:00:00,5056,1985.2197354300306
2023-03-26 06:00:00,4974,4502.659472996421
2023-03-26 07:00:00,4695,4099.696288819534
2023-03-26 08:00:00,5082,6546.161741667807
2023-03-26 09:00:00,10070,11943.265741365462
2023-03-26 10:00:00,11076,15760.735275396466
2023-03-26 11:00:00,14681,16847.67688133788
2023-03-26 12:00:00,16375,21106.472906114162
2023-03-26 13:00:00,21884,21267.883323327187
2023-03-26 14:00:00,22296,26361.7592854932
2023-03-26 15:00:00,22335,25265.58725786137
2023-03-26 16:00:00,25707,26417.280879565653
2023-03-26 17:00:00,24148,29233.4646501736
2023-03-26 18:00:00,22946,27279.50427103413
2023-03-26 19:00:00,18470,21767.781011331135
2023-03-26 20:00:00,14046,18384.894770839368
2023-03-26 21:00:00,13639,13691.524512944317
2023-03-26 22:00:00,9176,12482.397982966106
2023-03-26 23:00:00,5942,7927.724700117774
2023-03-27 00:00:00,6632,6468.11299316238
2023-03-27 01:00:00,333,5206.518330113688
2023-03-27 02:00:00,0,821.2203372742247
2023-03-27 03:00:00,0,295.71144010996295
2023-03-27 04:00:00,512,1139.3070518102168
2023-03-27 05:00:00,1303,7336.343144288836
2023-03-27 06:00:00,3499,14635.045424570633
2023-03-27 07:00:00,7901,31515.67601875899
2023-03-27 08:00:00,6638,10686.51453778235
2023-03-27 09:00:00,3278,16150.546599693896
2023-03-27 10:00:00,4579,11470.594031304783
2023-03-27 11:00:00,4739,14358.947438374387
2023-03-27 12:00:00,5523,18373.775558311652
2023-03-27 13:00:00,7069,24853.827372303465
2023-03-27 14:00:00,4955,18397.3818697932
2023-03-27 15:00:00,6339,23160.699585524206
2023-03-27 16:00:00,9191,25450.10157689343
2023-03-27 17:00:00,8217,21709.21086366907
2023-03-27 18:00:00,6327,16675.174947215593
2023-03-27 19:00:00,4911,12120.124848922353
2023-03-27 20:00:00,2802,10029.23644320035
2023-03-27 21:00:00,1684,6240.657605009996
2023-03-27 22:00:00,1584,4725.527309464934
2023-03-27 23:00:00,782,3304.175892209332
2023-03-28 00:00:00,1510,1731.5093754538848
2023-03-28 01:00:00,231,506.9505248101116
2023-03-28 02:00:00,0,0.0
2023-03-28 03:00:00,29,0.0
2023-03-28 04:00:00,2337,1222.7717016419326
2023-03-28 05:00:00,14325,7777.676301678947
2023-03-28 06:00:00,36797,23016.304160976746
2023-03-28 07:00:00,80297,52240.1614916772
2023-03-28 08:00:00,51163,55462.09553196145
2023-03-28 09:00:00,40181,38769.41921356049
2023-03-28 10:00:00,34306,28996.47585680346
2023-03-28 11:00:00,33367,28087.718859602122
2023-03-28 12:00:00,47149,32229.85920928014
2023-03-28 13:00:00,58725,45168.63158796824
2023-03-28 14:00:00,50372,45165.268722067005
2023-03-28 15:00:00,66315,46151.703289613244
2023-03-28 16:00:00,73372,56735.55784589034
2023-03-28 17:00:00,55253,55975.579648043255
2023-03-28 18:00:00,47549,39968.57957734799
2023-03-28 19:00:00,31363,31170.11423920909
2023-03-28 20:00:00,20553,20538.011398351897
2023-03-28 21:00:00,14974,12354.361245831917
2023-03-28 22:00:00,11809,9866.649957505897
2023-03-28 23:00:00,8057,7433.140008016975
2023-03-29 00:00:00,533,4656.683682945259
2023-03-29 01:00:00,185,0.0
2023-03-29 02:00:00,0,0.0
2023-03-29 03:00:00,108,0.0
2023-03-29 04:00:00,3339,1661.3721368531105
2023-03-29 05:00:00,15999,10786.417441412266
2023-03-29 06:00:00,36567,28464.345091624316
2023-03-29 07:00:00,89725,61042.02221733906
2023-03-29 08:00:00,49868,67124.15018295182
2023-03-29 09:00:00,42338,43927.992432240564
2023-03-29 10:00:00,37761,34026.9389923266
2023-03-29 11:00:00,41308,35276.319897257854
2023-03-29 12:00:00,45110,42949.34660132574
2023-03-29 13:00:00,67910,51849.224549674036
2023-03-29 14:00:00,48267,58321.94378805389
2023-03-29 15:00:00,63041,53912.46541613436
2023-03-29 16:00:00,69781,62854.153573400945
2023-03-29 17:00:00,59771,61494.1053166855
2023-03-29 18:00:00,41351,49593.26959282958
2023-03-29 19:00:00,26545,32383.156248964733
2023-03-29 20:00:00,19424,20674.09375343968
2023-03-29 21:00:00,13625,14624.07174446874
2023-03-29 22:00:00,11416,11643.345012459038
2023-03-29 23:00:00,6060,8734.38262635344
2023-03-30 00:00:00,3518,3154.2516290303115
2023-03-30 01:00:00,1124,1257.8112025807154
2023-03-30 02:00:00,69,88.29560083624165
2023-03-30 03:00:00,69,0.0
2023-03-30 04:00:00,2911,1793.5920247694048
2023-03-30 05:00:00,15563,10725.089204564536
2023-03-30 06:00:00,35854,28018.10265479039
2023-03-30 07:00:00,85935,64608.50299086105
2023-03-30 08:00:00,48317,66172.39780431023
2023-03-30 09:00:00,42045,43340.568222722795
2023-03-30 10:00:00,34369,34846.44084651284
2023-03-30 11:00:00,38237,34139.95620136267
2023-03-30 12:00:00,54008,40940.7948431391
2023-03-30 13:00:00,68747,59543.60604608254
2023-03-30 14:00:00,56014,59551.025408469766
2023-03-30 15:00:00,67945,58633.12146483861
2023-03-30 16:00:00,70404,67218.60330879758
2023-03-30 17:00:00,59507,63157.08015766406
2023-03-30 18:00:00,49452,47666.23480568555
2023-03-30 19:00:00,31434,36345.20245394851
2023-03-30 20:00:00,24103,23590.099838427486
2023-03-30 21:00:00,17018,16674.986585161656
2023-03-30 22:00:00,12993,12993.45925914159
2023-03-30 23:00:00,9325,8771.27686688729
2023-03-31 00:00:00,3216,6017.3266768828435
2023-03-31 01:00:00,1186,1090.7283720529117
2023-03-31 02:00:00,12,0.0
2023-03-31 03:00:00,12,0.0
2023-03-31 04:00:00,2429,1958.1143494518888
2023-03-31 05:00:00,14589,11080.04530212815
2023-03-31 06:00:00,31797,29231.84429917398
2023-03-31 07:00:00,87215,63778.71771354554
2023-03-31 08:00:00,43487,63036.12424915958
2023-03-31 09:00:00,37202,36204.82553698604
2023-03-31 10:00:00,36252,28469.803704417718
2023-03-31 11:00:00,43064,35661.57580991
2023-03-31 12:00:00,57382,50234.857941693845
2023-03-31 13:00:00,69497,68291.26413458734
2023-03-31 14:00:00,54950,64401.15483815017
2023-03-31 15:00:00,56605,60281.92046812357
2023-03-31 16:00:00,62347,60453.60747426556
2023-03-31 17:00:00,47134,58287.48610635989
2023-03-31 18:00:00,44776,44714.13094698087
2023-03-31 19:00:00,32187,37542.8566935471
2023-03-31 20:00:00,26120,27903.257501006497
2023-03-31 21:00:00,18056,21125.848939043106
2023-03-31 22:00:00,14883,16008.45102909631
2023-03-31 23:00:00,15469,12500.94196925468
2023-04-01 00:00:00,3172,8911.864917455085
2023-04-01 01:00:00,1094,1040.135943982441
2023-04-01 02:00:00,34,0.0
2023-04-01 03:00:00,73,0.0
2023-04-01 04:00:00,1169,1051.9162872480604
2023-04-01 05:00:00,5044,5179.292153486019
2023-04-01 06:00:00,6150,10257.332197159581
2023-04-01 07:00:00,9239,21846.044549416125
2023-04-01 08:00:00,15986,17299.285134373495
2023-04-01 09:00:00,25306,24195.104964542013
2023-04-01 10:00:00,35080,30138.423918236156
2023-04-01 11:00:00,46213,36793.37134012002
2023-04-01 12:00:00,40562,47291.57223605567
2023-04-01 13:00:00,45452,45438.81311114261
2023-04-01 14:00:00,50284,46048.39037854667
2023-04-01 15:00:00,47775,48509.50521032407
2023-04-01 16:00:00,50434,49422.40806010526
2023-04-01 17:00:00,48310,47183.07976822292
2023-04-01 18:00:00,45621,45657.00332424149
2023-04-01 19:00:00,37918,37340.35620055727
2023-04-01 20:00:00,31960,31419.944077534536
2023-04-01 21:00:00,23940,24559.993943978356
2023-04-01 22:00:00,20017,19351.75603194505
2023-04-01 23:00:00,19030,16140.348423665477
2023-04-02 00:00:00,11201,12026.362095085013
2023-04-02 01:00:00,5812,6682.27166555651
2023-04-02 02:00:00,2937,3253.1433430141124
2023-04-02 03:00:00,2863,1607.6372525411593
2023-04-02 04:00:00,2498,2092.4994566155146
2023-04-02 05:00:00,4335,3671.844845420035
2023-04-02 06:00:00,3384,3974.719353683833
2023-04-02 07:00:00,3997,2936.6745531942984
2023-04-02 08:00:00,5610,6433.540965360542
2023-04-02 09:00:00,10291,11399.74014198526
2023-04-02 10:00:00,13454,16361.627835230627
2023-04-02 11:00:00,19697,20791.65705920254
2023-04-02 12:00:00,23082,23214.543674420922
2023-04-02 13:00:00,28707,26956.550880061914
2023-04-02 14:00:00,30834,31818.727671098073
2023-04-02 15:00:00,31325,31539.6559740254
2023-04-02 16:00:00,31152,33509.407884360946
2023-04-02 17:00:00,31637,32264.238192538927
2023-04-02 18:00:00,26602,31662.52496660038
2023-04-02 19:00:00,21526,25451.568693072382
2023-04-02 20:00:00,21063,20350.040037543324
2023-04-02 21:00:00,17095,18353.46715896279
2023-04-02 22:00:00,13076,14812.506083020317
2023-04-02 23:00:00,6443,11576.155380296133
2023-04-03 00:00:00,10294,6378.3110489951305
2023-04-03 01:00:00,5711,6510.285447486966
2023-04-03 02:00:00,4475,3481.9231718227775
2023-04-03 03:00:00,2106,2794.2782315201766
2023-04-03 04:00:00,3817,2192.607291198254
2023-04-03 05:00:00,17606,6103.668767633776
2023-04-03 06:00:00,32677,16640.099451417314
2023-04-03 07:00:00,54125,30436.371253458186
2023-04-03 08:00:00,47463,29051.491773509995
2023-04-03 09:00:00,42974,30418.400274526502
2023-04-03 10:00:00,39460,27730.962980534045
2023-04-03 11:00:00,43231,28268.953320967303
2023-04-03 12:00:00,52409,32735.33508200728
2023-04-03 13:00:00,56460,41314.387180974205
2023-04-03 14:00:00,63246,38930.68484434926
2023-04-03 15:00:00,63656,46740.96227374974
2023-04-03 16:00:00,72299,46301.441612829105
2023-04-03 17:00:00,64254,48486.07981595719
2023-04-03 18:00:00,47774,41299.52777868712
2023-04-03 19:00:00,34662,29736.677125669034
2023-04-03 20:00:00,28338,22220.196286367507
2023-04-03 21:00:00,20509,17865.399305472078
2023-04-03 22:00:00,15882,13685.201097687694
2023-04-03 23:00:00,8868,9316.015036558467
2023-04-04 00:00:00,3453,6369.015708298097
2023-04-04 01:00:00,908,1962.1365183898615
2023-04-04 02:00:00,20,821.0521111820854
2023-04-04 03:00:00,48,232.5114102673239
2023-04-04 04:00:00,3273,1874.5089961321482
2023-04-04 05:00:00,15154,11676.509004175423
2023-04-04 06:00:00,35051,28643.579612019268
2023-04-04 07:00:00,53431,58599.6694997185
2023-04-04 08:00:00,45460,47343.833674640235
2023-04-04 09:00:00,39359,44079.877450441985
2023-04-04 10:00:00,38640,37633.83499049617
2023-04-04 11:00:00,39179,39189.154819998235
2023-04-04 12:00:00,48931,45759.523059649044
2023-04-04 13:00:00,55338,56528.469907319944
2023-04-04 14:00:00,54967,55357.86194150666
2023-04-04 15:00:00,62833,61816.8720962893
2023-04-04 16:00:00,71397,68853.10812833425
2023-04-04 17:00:00,60870,65709.84801071399
2023-04-04 18:00:00,50796,52827.68668822183
2023-04-04 19:00:00,34584,40387.443176308334
2023-04-04 20:00:00,25635,27776.189942813064
2023-04-04 21:00:00,19297,19688.1401027884
2023-04-04 22:00:00,16886,15831.337304514045
2023-04-04 23:00:00,10467,12234.10507118759
2023-04-05 00:00:00,4215,5789.277661141046
2023-04-05 01:00:00,1092,1365.1618253722681
2023-04-05 02:00:00,56,0.0
2023-04-05 03:00:00,18,0.0
2023-04-05 04:00:00,2831,1957.307082411444
2023-04-05 05:00:00,15704,11180.068705497204
2023-04-05 06:00:00,32133,29521.911100164885
2023-04-05 07:00:00,44899,58732.649264766624
2023-04-05 08:00:00,39867,41253.088368066296
2023-04-05 09:00:00,37821,40540.89367765029
2023-04-05 10:00:00,36594,37767.3804979225
2023-04-05 11:00:00,40040,39130.43554004868
2023-04-05 12:00:00,44336,45232.75581281946
2023-04-05 13:00:00,54656,55531.80235769597
2023-04-05 14:00:00,53983,52761.99523214877
2023-04-05 15:00:00,61688,60528.24835799869
2023-04-05 16:00:00,65722,67185.67960700573
2023-04-05 17:00:00,66946,62492.40390450562
2023-04-05 18:00:00,49813,56052.20173108691
2023-04-05 19:00:00,34385,38864.050574591776
2023-04-05 20:00:00,24209,26550.079469335396
2023-04-05 21:00:00,19910,18283.862948675982
2023-04-05 22:00:00,13270,16370.132574972371
2023-04-05 23:00:00,8669,9891.754777432734
2023-04-06 00:00:00,3961,5499.256469560536
2023-04-06 01:00:00,1153,1657.9590599345897
2023-04-06 02:00:00,44,77.63151498638956
2023-04-06 03:00:00,28,0.0
2023-04-06 04:00:00,4164,1773.33559101141
2023-04-06 05:00:00,14599,12122.201596058672
2023-04-06 06:00:00,28302,28037.944628460675
2023-04-06 07:00:00,38262,53640.03048436188
2023-04-06 08:00:00,32865,35655.266179472594
2023-04-06 09:00:00,34172,36010.28758670415
2023-04-06 10:00:00,32299,34704.589738014794
2023-04-06 11:00:00,32490,36302.9830054504
2023-04-06 12:00:00,43522,41653.85350274492
2023-04-06 13:00:00,45578,55384.67842337027
2023-04-06 14:00:00,49273,48931.560774917605
2023-04-06 15:00:00,54940,58578.8330660747
2023-04-06 16:00:00,58682,62395.03449779958
2023-04-06 17:00:00,51260,59568.459233431575
2023-04-06 18:00:00,47470,48168.93987345651
2023-04-06 19:00:00,36654,39010.01380439827
2023-04-06 20:00:00,25915,29549.113067730497
2023-04-06 21:00:00,25650,20333.459373513848
2023-04-06 22:00:00,16543,19469.250460472955
2023-04-06 23:00:00,12813,12153.603976117962
2023-04-07 00:00:00,5422,7670.133133345853
2023-04-07 01:00:00,1488,2387.014117448247
2023-04-07 02:00:00,55,47.87902590865747
2023-04-07 03:00:00,99,0.0
2023-04-07 04:00:00,806,1970.0899532915075
2023-04-07 05:00:00,2085,9547.957211199713
2023-04-07 06:00:00,4078,18459.571738938124
2023-04-07 07:00:00,4717,37564.59777305023
2023-04-07 08:00:00,6008,12778.747985192924
2023-04-07 09:00:00,10451,18856.403705651326
2023-04-07 10:00:00,12155,21272.125141856668
2023-04-07 11:00:00,19638,24741.580517807874
2023-04-07 12:00:00,18628,35654.07851265134
2023-04-07 13:00:00,20242,39097.17561862454
2023-04-07 14:00:00,23571,32677.187365912083
2023-04-07 15:00:00,20298,39892.17304929371
2023-04-07 16:00:00,21536,38832.41587369308
2023-04-07 17:00:00,19592,31809.513308272326
2023-04-07 18:00:00,19466,28846.553944015024
2023-04-07 19:00:00,16484,24223.085386938765
2023-04-07 20:00:00,15868,19481.002584017566
2023-04-07 21:00:00,13748,17076.814138991904
2023-04-07 22:00:00,10378,14182.581166790218
2023-04-07 23:00:00,7782,11156.122067929726
2023-04-08 00:00:00,9724,4802.383290419602
2023-04-08 01:00:00,5982,5678.859360819454
2023-04-08 02:00:00,2301,3175.23663924148
2023-04-08 03:00:00,1196,959.824446308255
2023-04-08 04:00:00,1012,1154.6330665540659
2023-04-08 05:00:00,4893,2170.568163711713
2023-04-08 06:00:00,5662,4265.5466610757985
2023-04-08 07:00:00,7964,4523.296985372612
2023-04-08 08:00:00,15148,9254.893881892607
2023-04-08 09:00:00,20946,17595.74742904662
2023-04-08 10:00:00,32034,23388.917423258994
2023-04-08 11:00:00,40264,33470.76634352368
2023-04-08 12:00:00,39029,36299.895615209636
2023-04-08 13:00:00,38174,35878.05689781554
2023-04-08 14:00:00,46382,37203.04823679684
2023-04-08 15:00:00,42901,40448.69144839276
2023-04-08 16:00:00,41256,39683.09432437919
2023-04-08 17:00:00,40979,37173.20712989169
2023-04-08 18:00:00,39256,36506.10016085129
2023-04-08 19:00:00,27627,32650.981704800222
2023-04-08 20:00:00,23000,24237.367752176768
2023-04-08 21:00:00,22536,19137.097281706745
2023-04-08 22:00:00,20174,18434.718272566628
2023-04-08 23:00:00,15879,16490.5826824669
2023-04-09 00:00:00,6487,12039.18675974067
2023-04-09 01:00:00,3052,5096.445621889233
2023-04-09 02:00:00,1174,2081.6774098954666
2023-04-09 03:00:00,856,1301.2458829092886
2023-04-09 04:00:00,2330,1441.1191594264042
2023-04-09 05:00:00,2770,3489.2813671813933
2023-04-09 06:00:00,3668,2628.9758480575147
2023-04-09 07:00:00,4171,2726.802776938916
2023-04-09 08:00:00,4518,6561.507113578635
2023-04-09 09:00:00,10492,9837.185558495463
2023-04-09 10:00:00,14360,16315.099452273478
2023-04-09 11:00:00,17703,21223.73128926516
2023-04-09 12:00:00,12845,23112.40796027534
2023-04-09 13:00:00,15814,20478.392878013794
2023-04-09 14:00:00,17240,25006.480065383526
2023-04-09 15:00:00,19020,24548.851813352478
2023-04-09 16:00:00,20508,25871.776980310053
2023-04-09 17:00:00,22183,26534.542073472214
2023-04-09 18:00:00,21193,25940.63334516102
2023-04-09 19:00:00,18650,21242.01064710098
2023-04-09 20:00:00,17301,18788.737633269724
2023-04-09 21:00:00,14364,16845.688406697147
2023-04-09 22:00:00,14852,14267.711684117834
2023-04-09 23:00:00,7871,12384.97780467865
2023-04-10 00:00:00,8530,7233.760112648195
2023-04-10 01:00:00,4459,5916.21550816384
2023-04-10 02:00:00,3543,3361.5356775932914
2023-04-10 03:00:00,1584,2365.006650685261
2023-04-10 04:00:00,671,2642.565298223928
2023-04-10 05:00:00,3213,7490.1328879185185
2023-04-10 06:00:00,3295,14190.074657010739
2023-04-10 07:00:00,3406,22502.30052220969
2023-04-10 08:00:00,4954,6996.803506134565
2023-04-10 09:00:00,9115,14627.878028230081
2023-04-10 10:00:00,13793,17504.338097472537
2023-04-10 11:00:00,18453,22820.71571208266
2023-04-10 12:00:00,20756,27390.064039855948
2023-04-10 13:00:00,20338,31289.75783023666
2023-04-10 14:00:00,24982,27979.254420426354
2023-04-10 15:00:00,25973,34888.52505239807
2023-04-10 16:00:00,28034,36709.78339808713
2023-04-10 17:00:00,26128,33571.68234991407
2023-04-10 18:00:00,27566,27829.701414800802
2023-04-10 19:00:00,24049,25753.534115586117
2023-04-10 20:00:00,15574,22619.569135252335
2023-04-10 21:00:00,17283,14506.639207992985
2023-04-10 22:00:00,9445,15840.89522899334
2023-04-10 23:00:00,6910,8026.713405730936
2023-04-11 00:00:00,5676,5370.351548341025
2023-04-11 01:00:00,3055,3608.5021675594844
2023-04-11 02:00:00,1621,2056.0837272272847
2023-04-11 03:00:00,1460,1000.6200359193867
2023-04-11 04:00:00,4103,2195.7000393424046
2023-04-11 05:00:00,14628,9302.672328591938
2023-04-11 06:00:00,26383,21744.40905338071
2023-04-11 07:00:00,38303,36548.43084218011
2023-04-11 08:00:00,32108,27827.653627870764
2023-04-11 09:00:00,27480,29071.247000974443
2023-04-11 10:00:00,29769,26704.862646834517
2023-04-11 11:00:00,30476,30569.950898619376
2023-04-11 12:00:00,31919,34802.37810773897
2023-04-11 13:00:00,40873,38076.787474762255
2023-04-11 14:00:00,44133,39972.535840305274
2023-04-11 15:00:00,47531,47336.22471718118
2023-04-11 16:00:00,59353,50419.18357971908
2023-04-11 17:00:00,53319,52195.145734081154
2023-04-11 18:00:00,42826,45516.76269893938
2023-04-11 19:00:00,33243,34568.81170230713
2023-04-11 20:00:00,26845,25907.322892497614
2023-04-11 21:00:00,18944,21166.93766120349
2023-04-11 22:00:00,12879,15458.112459097321
2023-04-11 23:00:00,8701,9776.212102708127
2023-04-12 00:00:00,4701,6032.035431793953
2023-04-12 01:00:00,1090,2463.7738736935044
2023-04-12 02:00:00,10,347.10183731551956
2023-04-12 03:00:00,70,25.25587624337902
2023-04-12 04:00:00,3403,2049.4286717083196
2023-04-12 05:00:00,14742,11449.991842511603
2023-04-12 06:00:00,28609,26112.162782266758
2023-04-12 07:00:00,43937,43318.22351765316
2023-04-12 08:00:00,33851,35735.629412341914
2023-04-12 09:00:00,33572,33447.0566920796
2023-04-12 10:00:00,28826,33111.783619383656
2023-04-12 11:00:00,34010,32484.540633840465
2023-04-12 12:00:00,38989,38037.7349033013
2023-04-12 13:00:00,48831,46653.53785702168
2023-04-12 14:00:00,46364,48483.641031798245
2023-04-12 15:00:00,55758,52578.76188865105
2023-04-12 16:00:00,66046,60343.58777139949
2023-04-12 17:00:00,55176,63200.78504455938
2023-04-12 18:00:00,44036,49132.231233982115
2023-04-12 19:00:00,32341,36756.82746886554
2023-04-12 20:00:00,23373,27245.14291376574
2023-04-12 21:00:00,19163,19404.005789938456
2023-04-12 22:00:00,16237,15594.640362575672
2023-04-12 23:00:00,12968,12039.690430091781
2023-04-13 00:00:00,4544,8414.392939045747
2023-04-13 01:00:00,1501,1742.2913208391442
2023-04-13 02:00:00,13,0.0
2023-04-13 03:00:00,17,0.0
2023-04-13 04:00:00,2295,2148.620663408439
2023-04-13 05:00:00,14102,10525.619211831314
2023-04-13 06:00:00,27847,25248.561325706818
2023-04-13 07:00:00,41457,42583.14737391951
2023-04-13 08:00:00,38840,33003.04296814768
2023-04-13 09:00:00,32664,37125.41357931652
2023-04-13 10:00:00,35839,31430.91024570627
2023-04-13 11:00:00,34339,35732.68610181245
2023-04-13 12:00:00,43452,39473.46408480967
2023-04-13 13:00:00,50745,48744.88288284837
2023-04-13 14:00:00,51115,49022.7866366894
2023-04-13 15:00:00,58667,55533.07299668419
2023-04-13 16:00:00,63907,61915.165331620265
2023-04-13 17:00:00,63324,58443.837329461174
2023-04-13 18:00:00,47758,53903.08125524297
2023-04-13 19:00:00,33744,39502.9317542887
2023-04-13 20:00:00,25342,27337.201687834786
2023-04-13 21:00:00,19641,21775.562394486413
2023-04-13 22:00:00,14939,17228.04845429778
2023-04-13 23:00:00,9362,12925.925582498256
2023-04-14 00:00:00,5521,6421.4103569942945
2023-04-14 01:00:00,1507,2718.923578866892
2023-04-14 02:00:00,57,232.70975688352848
2023-04-14 03:00:00,16,0.0
2023-04-14 04:00:00,2678,1165.747783448951
2023-04-14 05:00:00,12985,7832.523513408273
2023-04-14 06:00:00,26324,19038.118676378042
2023-04-14 07:00:00,35099,33594.64002446551
2023-04-14 08:00:00,26661,24080.08457640637
2023-04-14 09:00:00,32175,24086.941032642033
2023-04-14 10:00:00,29395,28477.66545140386
2023-04-14 11:00:00,37782,29456.475821673004
2023-04-14 12:00:00,43041,37124.66915940194
2023-04-14 13:00:00,49343,43480.996662892765
2023-04-14 14:00:00,46541,43203.86058109492
2023-04-14 15:00:00,49704,45528.94791818036
2023-04-14 16:00:00,54698,47539.2506709364
2023-04-14 17:00:00,50977,47573.81472515426
2023-04-14 18:00:00,36885,41169.98853113131
2023-04-14 19:00:00,33068,29032.80338359152
2023-04-14 20:00:00,24635,25757.152512354085
2023-04-14 21:00:00,17844,19312.212588155162
2023-04-14 22:00:00,16062,14403.98296629022
2023-04-14 23:00:00,13604,11824.048972507853
2023-04-15 00:00:00,4722,9607.639324968162
2023-04-15 01:00:00,1457,3325.990616869441
2023-04-15 02:00:00,51,602.6919071146133
2023-04-15 03:00:00,193,83.20722503187255
2023-04-15 04:00:00,2761,1129.7191190878043
2023-04-15 05:00:00,6733,5630.418006188408
2023-04-15 06:00:00,7133,9958.930024318846
2023-04-15 07:00:00,9295,11356.571998916239
2023-04-15 08:00:00,13246,14080.512523946174
2023-04-15 09:00:00,25921,19829.167714047842
2023-04-15 10:00:00,32589,29393.213514027382
2023-04-15 11:00:00,34920,36275.73336252982
2023-04-15 12:00:00,33936,37382.536623851665
2023-04-15 13:00:00,42122,37110.594396872206
2023-04-15 14:00:00,40702,43931.096515796846
2023-04-15 15:00:00,43872,42056.28444915318
2023-04-15 16:00:00,39555,45007.665250898724
2023-04-15 17:00:00,39498,41232.16228249845
2023-04-15 18:00:00,42920,37733.179155975304
2023-04-15 19:00:00,36780,36212.152025511656
2023-04-15 20:00:00,29826,29782.78966448755
2023-04-15 21:00:00,26233,23597.400980020713
2023-04-15 22:00:00,18715,21436.22344279007
2023-04-15 23:00:00,15179,15677.421251678245
2023-04-16 00:00:00,10432,9260.21404770427
2023-04-16 01:00:00,8049,6119.863427444964
2023-04-16 02:00:00,3272,4361.019087018812
2023-04-16 03:00:00,2719,1704.140929733227
2023-04-16 04:00:00,1735,2667.4143336115794
2023-04-16 05:00:00,3535,3013.0393474184402
2023-04-16 06:00:00,3387,3398.1088267890827
2023-04-16 07:00:00,3910,2882.320852225435
2023-04-16 08:00:00,7740,5723.61421981577
2023-04-16 09:00:00,11833,12971.072984543054
2023-04-16 10:00:00,16593,17529.488879001234
2023-04-16 11:00:00,26749,20984.94980405298
2023-04-16 12:00:00,26161,25310.77484604546
2023-04-16 13:00:00,22158,26598.68587374103
2023-04-16 14:00:00,24576,24160.540304191374
2023-04-16 15:00:00,23603,25887.986581058845
2023-04-16 16:00:00,37152,25617.114339676868
2023-04-16 17:00:00,30034,34216.83401542403
2023-04-16 18:00:00,23709,29991.2142831916
2023-04-16 19:00:00,19399,23150.4895179288
2023-04-16 20:00:00,17898,19410.96196155856
2023-04-16 21:00:00,13670,17243.53811568646
2023-04-16 22:00:00,11149,13796.104825099586
2023-04-16 23:00:00,6816,10195.95301952108
2023-04-17 00:00:00,12526,7077.368288403581
2023-04-17 01:00:00,7646,9400.51354460808
2023-04-17 02:00:00,4829,5599.750321425805
2023-04-17 03:00:00,2239,3204.3322653912182
2023-04-17 04:00:00,4155,2053.1070928420477
2023-04-17 05:00:00,19810,6559.689363174013
2023-04-17 06:00:00,43733,17978.653175227097
2023-04-17 07:00:00,95228,36361.8313602395
2023-04-17 08:00:00,47443,54864.09452066232
2023-04-17 09:00:00,41757,30888.513228337935
2023-04-17 10:00:00,29824,27718.235775610876
2023-04-17 11:00:00,36142,26719.924036567638
2023-04-17 12:00:00,42810,32495.76491501733
2023-04-17 13:00:00,70807,37430.16395335785
2023-04-17 14:00:00,52974,51686.561578841545
2023-04-17 15:00:00,65371,43299.6397887796
2023-04-17 16:00:00,69746,52286.07541990684
2023-04-17 17:00:00,62023,51111.850359896205
2023-04-17 18:00:00,40914,43992.65142831278
2023-04-17 19:00:00,29232,29395.293447648903
2023-04-17 20:00:00,23109,21195.077678235226
2023-04-17 21:00:00,17274,17754.986194821286
2023-04-17 22:00:00,12057,13342.05486541839
2023-04-17 23:00:00,8303,8649.716219400247
2023-04-18 00:00:00,3786,7622.366678300194
2023-04-18 01:00:00,818,3403.987051129996
2023-04-18 02:00:00,64,1223.4591402570297
2023-04-18 03:00:00,49,593.0012481088895
2023-04-18 04:00:00,3339,2344.29279644598
2023-04-18 05:00:00,18210,12240.983854852535
2023-04-18 06:00:00,41862,30620.612364119283
2023-04-18 07:00:00,92849,61989.3283495118
2023-04-18 08:00:00,55448,67775.62542030228
2023-04-18 09:00:00,40535,46398.6145088451
2023-04-18 10:00:00,32310,33266.07538151914
2023-04-18 11:00:00,37598,32553.17854994438
2023-04-18 12:00:00,43556,39393.0075185223
2023-04-18 13:00:00,61995,52442.990930529195
2023-04-18 14:00:00,55257,56201.2110470117
2023-04-18 15:00:00,67064,58322.22926985963
2023-04-18 16:00:00,75101,67530.16582044364
2023-04-18 17:00:00,63392,67083.2144918937
2023-04-18 18:00:00,44474,51681.00617778121
2023-04-18 19:00:00,29314,35460.296611196405
2023-04-18 20:00:00,20189,24730.708087179053
2023-04-18 21:00:00,15579,16848.22511394297
2023-04-18 22:00:00,11558,13264.231596635615
2023-04-18 23:00:00,6799,9212.350281017276
2023-04-19 00:00:00,3375,4730.838606157793
2023-04-19 01:00:00,855,1334.5420950930275
2023-04-19 02:00:00,30,0.0
2023-04-19 03:00:00,38,0.0
2023-04-19 04:00:00,3828,2010.100499801216
2023-04-19 05:00:00,16328,12246.045415437258
2023-04-19 06:00:00,39269,29532.97352169516
2023-04-19 07:00:00,100750,61118.56310384765
2023-04-19 08:00:00,51081,74957.81130758693
2023-04-19 09:00:00,46941,44758.45265992202
2023-04-19 10:00:00,36152,37297.08184615317
2023-04-19 11:00:00,42114,36201.584355170635
2023-04-19 12:00:00,46451,43615.338941069065
2023-04-19 13:00:00,75266,53973.11234224285
2023-04-19 14:00:00,55070,65308.40899581412
2023-04-19 15:00:00,63590,60060.458477974855
2023-04-19 16:00:00,74003,67284.6181665099
2023-04-19 17:00:00,62096,67147.30726508219
2023-04-19 18:00:00,48985,52057.85796288605
2023-04-19 19:00:00,30298,38203.97324346405
2023-04-19 20:00:00,23658,23969.843461812823
2023-04-19 21:00:00,19752,18503.667424141662
2023-04-19 22:00:00,12205,16454.646937227255
2023-04-19 23:00:00,11479,10032.546300881733
2023-04-20 00:00:00,2998,7356.583253178895
2023-04-20 01:00:00,962,1095.710039648718
2023-04-20 02:00:00,23,0.0
2023-04-20 03:00:00,0,0.0
2023-04-20 04:00:00,2755,1834.2880371998133
2023-04-20 05:00:00,15469,11034.226246772443
2023-04-20 06:00:00,35655,28298.38264962843
2023-04-20 07:00:00,81025,59980.16637426652
2023-04-20 08:00:00,49975,62778.198624832934
2023-04-20 09:00:00,37622,45648.53212470835
2023-04-20 10:00:00,24975,34758.35061649863
2023-04-20 11:00:00,32757,30326.82811603826
2023-04-20 12:00:00,47053,39915.58599737234
2023-04-20 13:00:00,62836,58224.262834476336
2023-04-20 14:00:00,56015,58920.08095792971
2023-04-20 15:00:00,61276,60739.39476545353
2023-04-20 16:00:00,73189,65634.44193167756
2023-04-20 17:00:00,62926,68173.4925034308
2023-04-20 18:00:00,49618,54478.21562087369
2023-04-20 19:00:00,28076,39151.02875709765
2023-04-20 20:00:00,24163,23673.158606773628
2023-04-20 21:00:00,19328,19796.535706494476
2023-04-20 22:00:00,13279,16132.769219990321
2023-04-20 23:00:00,9620,10857.024743236161
2023-04-21 00:00:00,5921,6244.368149883174
2023-04-21 01:00:00,1058,2943.1218164764546
2023-04-21 02:00:00,8,0.0
2023-04-21 03:00:00,36,0.0
2023-04-21 04:00:00,732,1715.7225573584149
2023-04-21 05:00:00,3553,9325.811654679217
2023-04-21 06:00:00,10068,19693.037565701183
2023-04-21 07:00:00,28963,38543.48801229731
2023-04-21 08:00:00,17167,27830.50194115899
2023-04-21 09:00:00,11770,24862.124372392842
2023-04-21 10:00:00,13404,17608.72027685689
2023-04-21 11:00:00,19608,23833.242044890554
2023-04-21 12:00:00,28722,33074.39719193581
2023-04-21 13:00:00,42137,44493.58062427158
2023-04-21 14:00:00,34412,45907.70530809304
2023-04-21 15:00:00,40461,45787.815062088324
2023-04-21 16:00:00,42911,51649.57536950588
2023-04-21 17:00:00,38838,47707.962714150715
2023-04-21 18:00:00,39768,38399.274472039055
2023-04-21 19:00:00,33212,34153.724115004545
2023-04-21 20:00:00,27987,28207.178077594814
2023-04-21 21:00:00,20973,22140.735069098693
2023-04-21 22:00:00,13809,17338.124972127924
2023-04-21 23:00:00,13106,11542.967399899526
2023-04-22 00:00:00,4734,8214.918813270238
2023-04-22 01:00:00,893,2346.65535379191
2023-04-22 02:00:00,2,0.0
2023-04-22 03:00:00,582,0.0
2023-04-22 04:00:00,2333,1392.458858472256
2023-04-22 05:00:00,6138,3812.00987906323
2023-04-22 06:00:00,7622,6527.144517646435
2023-04-22 07:00:00,11796,10721.274291759508
2023-04-22 08:00:00,16568,13291.38144456616
2023-04-22 09:00:00,29851,18753.101745983142
2023-04-22 10:00:00,34507,28516.596293809664
2023-04-22 11:00:00,36792,32303.152079355925
2023-04-22 12:00:00,38760,34235.5004660168
2023-04-22 13:00:00,48547,39431.00787839506
2023-04-22 14:00:00,56629,44130.15071190727
2023-04-22 15:00:00,46105,50024.48385685343
2023-04-22 16:00:00,53187,43046.79016004496
2023-04-22 17:00:00,48897,46190.19254562433
2023-04-22 18:00:00,47879,44792.27138817355
2023-04-22 19:00:00,39656,40699.02294563939
2023-04-22 20:00:00,41916,33369.80821567861
2023-04-22 21:00:00,23789,32520.357972496065
2023-04-22 22:00:00,22948,18777.802217511402
2023-04-22 23:00:00,17766,17533.038025133355
2023-04-23 00:00:00,9130,11924.358149102609
2023-04-23 01:00:00,3154,6049.817735017835
2023-04-23 02:00:00,2474,1612.6198576594988
2023-04-23 03:00:00,2443,1832.0748148784905
2023-04-23 04:00:00,1093,2524.9631287468656
2023-04-23 05:00:00,5799,2698.0307210255664
2023-04-23 06:00:00,4539,4892.665318230843
2023-04-23 07:00:00,4651,4070.7982111688666
2023-04-23 08:00:00,8003,7473.774465884002
2023-04-23 09:00:00,14776,14184.863959229166
2023-04-23 10:00:00,21193,20249.309529200036
2023-04-23 11:00:00,21766,26172.246395174727
2023-04-23 12:00:00,27683,26006.16899332594
2023-04-23 13:00:00,29474,30158.508749299042
2023-04-23 14:00:00,34359,33961.16614511318
2023-04-23 15:00:00,33621,33469.17792504561
2023-04-23 16:00:00,32502,38005.968901172346
2023-04-23 17:00:00,42644,34349.806592762536
2023-04-23 18:00:00,30506,39135.35718037332
2023-04-23 19:00:00,25338,28264.70493720891
2023-04-23 20:00:00,18728,25087.671067240328
2023-04-23 21:00:00,14432,16683.82580192783
2023-04-23 22:00:00,9880,14102.634565156395
2023-04-23 23:00:00,6107,9640.937319287112
2023-04-24 00:00:00,12827,7233.488474658901
2023-04-24 01:00:00,8511,9362.291467937446
2023-04-24 02:00:00,3270,6300.3645234087735
2023-04-24 03:00:00,2868,2279.4278997364027
2023-04-24 04:00:00,3124,3077.5322900447827
2023-04-24 05:00:00,16317,10159.182469285317
2023-04-24 06:00:00,38378,24958.91687070555
2023-04-24 07:00:00,83464,53777.36740643279
2023-04-24 08:00:00,51335,57232.05164806478
2023-04-24 09:00:00,42549,41703.47230791421
2023-04-24 10:00:00,31787,33287.95993956089
2023-04-24 11:00:00,35493,30683.45962478022
2023-04-24 12:00:00,41187,37268.60119017737
2023-04-24 13:00:00,66933,49127.15344751938
2023-04-24 14:00:00,50680,57583.573091850834
2023-04-24 15:00:00,63412,52879.02623050733
2023-04-24 16:00:00,67819,59560.65731933143
2023-04-24 17:00:00,56658,60682.63558730271
2023-04-24 18:00:00,38561,45118.646980304715
2023-04-24 19:00:00,27525,30470.754974907715
2023-04-24 20:00:00,20507,22273.04520200519
2023-04-24 21:00:00,14518,16323.909528758928
2023-04-24 22:00:00,10548,12041.262895092363
2023-04-24 23:00:00,5716,7946.715731990916
2023-04-25 00:00:00,3399,5782.759884911518
2023-04-25 01:00:00,867,2950.039736154982
2023-04-25 02:00:00,17,635.0854656105446
2023-04-25 03:00:00,111,396.3882273974035
2023-04-25 04:00:00,3306,1996.9895893157448
2023-04-25 05:00:00,17739,12298.772618683746
2023-04-25 06:00:00,40592,32673.52204724319
2023-04-25 07:00:00,97964,70961.58224567454
2023-04-25 08:00:00,40571,77004.2242182543
2023-04-25 09:00:00,38482,40056.675268643194
2023-04-25 10:00:00,32366,32904.32827775336
2023-04-25 11:00:00,34043,34815.02649737865
2023-04-25 12:00:00,37420,39511.495723715576
2023-04-25 13:00:00,58439,52531.45915162786
2023-04-25 14:00:00,50248,56229.23346740134
2023-04-25 15:00:00,63098,59472.50077048242
2023-04-25 16:00:00,74884,68393.35566774826
2023-04-25 17:00:00,64447,68393.26920736353
2023-04-25 18:00:00,45373,52429.344614319016
2023-04-25 19:00:00,28999,34791.49399773792
2023-04-25 20:00:00,24864,22436.775952527663
2023-04-25 21:00:00,19431,18442.736408732024
2023-04-25 22:00:00,13446,15041.756155627707
2023-04-25 23:00:00,9829,9157.721206335096
2023-04-26 00:00:00,2872,6053.466098342884
2023-04-26 01:00:00,579,836.2606842393549
2023-04-26 02:00:00,7,0.0
2023-04-26 03:00:00,85,0.0
2023-04-26 04:00:00,3846,2142.1340685511914
2023-04-26 05:00:00,16477,12515.164940046978
2023-04-26 06:00:00,35023,31747.019514079955
2023-04-26 07:00:00,91814,72203.42973026654
2023-04-26 08:00:00,48342,70044.99416554655
2023-04-26 09:00:00,39358,45930.831205584655
2023-04-26 10:00:00,33909,34630.98500973613
2023-04-26 11:00:00,38235,36103.82578915886
2023-04-26 12:00:00,44077,41965.82558749273
2023-04-26 13:00:00,60113,57816.46549906618
2023-04-26 14:00:00,51096,56853.19476162178
2023-04-26 15:00:00,61375,58812.47054968963
2023-04-26 16:00:00,54532,68426.95128926264
2023-04-26 17:00:00,48544,56819.209906347685
2023-04-26 18:00:00,35306,45165.63673599785
2023-04-26 19:00:00,28134,30184.32160928361
2023-04-26 20:00:00,21741,24503.229762606068
2023-04-26 21:00:00,16015,18930.25675809451
2023-04-26 22:00:00,10700,13713.433485282423
2023-04-26 23:00:00,5963,9524.2101053595
2023-04-27 00:00:00,3136,3621.8071964909755
2023-04-27 01:00:00,637,1159.6840261608008
2023-04-27 02:00:00,30,0.0
2023-04-27 03:00:00,75,0.0
2023-04-27 04:00:00,2563,2004.4487144318143
2023-04-27 05:00:00,13863,11248.097008510818
2023-04-27 06:00:00,35866,28147.750670109708
2023-04-27 07:00:00,86921,67148.59493251683
2023-04-27 08:00:00,48756,68510.73100713437
2023-04-27 09:00:00,41641,44318.055512457555
2023-04-27 10:00:00,30077,34131.17154525333
2023-04-27 11:00:00,34296,32399.956841966123
2023-04-27 12:00:00,38191,40930.200557369455
2023-04-27 13:00:00,68485,51903.09977407425
2023-04-27 14:00:00,57088,62820.29556772588
2023-04-27 15:00:00,58894,61900.513838236395
2023-04-27 16:00:00,65395,61951.87689508759
2023-04-27 17:00:00,66578,60321.82406813601
2023-04-27 18:00:00,45530,54600.20134478849
2023-04-27 19:00:00,31307,35179.547655308386
2023-04-27 20:00:00,24221,24935.082395439036
2023-04-27 21:00:00,22736,19144.006786674574
2023-04-27 22:00:00,15239,17445.33820185902
2023-04-27 23:00:00,11653,10959.204810309493
2023-04-28 00:00:00,3242,7533.483136529467
2023-04-28 01:00:00,1010,952.9056840930124
2023-04-28 02:00:00,0,0.0
2023-04-28 03:00:00,14,0.0
2023-04-28 04:00:00,2403,1228.9592763169455
2023-04-28 05:00:00,14959,7940.2821718425785
2023-04-28 06:00:00,30224,23295.294264514305
2023-04-28 07:00:00,76924,50903.199671710565
2023-04-28 08:00:00,43739,54953.727629832785
2023-04-28 09:00:00,37333,36254.66104388481
2023-04-28 10:00:00,33072,28588.179705058064
2023-04-28 11:00:00,41267,30847.130762503322
2023-04-28 12:00:00,50868,40189.64225826869
2023-04-28 13:00:00,72027,56781.71302260134
2023-04-28 14:00:00,52030,60941.08012108385
2023-04-28 15:00:00,53632,52846.38881984346
2023-04-28 16:00:00,53149,53995.52109017589
2023-04-28 17:00:00,47442,51246.477832684264
2023-04-28 18:00:00,40699,42841.69988183595
2023-04-28 19:00:00,36376,34813.261769193035
2023-04-28 20:00:00,27236,30532.182718712684
2023-04-28 21:00:00,23576,22980.44525253884
2023-04-28 22:00:00,17769,18742.074001620116
2023-04-28 23:00:00,15986,14359.229612008432
2023-04-29 00:00:00,4109,9298.604280046864
2023-04-29 01:00:00,1494,1576.8814051262761
2023-04-29 02:00:00,40,0.0
2023-04-29 03:00:00,802,0.0
2023-04-29 04:00:00,3127,1752.1335749890115
2023-04-29 05:00:00,9062,6541.824540408074
2023-04-29 06:00:00,9175,12563.658068647559
2023-04-29 07:00:00,10603,22128.821532590286
2023-04-29 08:00:00,16345,18622.994216617815
2023-04-29 09:00:00,27827,24651.799626692533
2023-04-29 10:00:00,29559,31805.966058768397
2023-04-29 11:00:00,40750,34122.33055944901
2023-04-29 12:00:00,37545,42585.21645969934
2023-04-29 13:00:00,40182,46486.58700183755
2023-04-29 14:00:00,45345,45874.96594117225
2023-04-29 15:00:00,45120,46376.08109248713
2023-04-29 16:00:00,39398,48175.42902280321
2023-04-29 17:00:00,45890,41923.51585404607
2023-04-29 18:00:00,39980,44440.36925619993
2023-04-29 19:00:00,30013,37644.53005485868
2023-04-29 20:00:00,33867,30079.483955107244
2023-04-29 21:00:00,19713,27949.592953194842
2023-04-29 22:00:00,17836,18560.928945634107
2023-04-29 23:00:00,12484,15931.498681023799
2023-04-30 00:00:00,9688,8436.052127792316
2023-04-30 01:00:00,6432,5762.034352937223
2023-04-30 02:00:00,5029,3770.509104327939
2023-04-30 03:00:00,2178,3358.04244883076
2023-04-30 04:00:00,1002,2178.733730209307
2023-04-30 05:00:00,3637,3630.717993109874
2023-04-30 06:00:00,4646,4118.518633840476
2023-04-30 07:00:00,3993,4092.774669657137
2023-04-30 08:00:00,6152,7175.49606511417
2023-04-30 09:00:00,11864,13256.34685086111
2023-04-30 10:00:00,13277,18468.83798539276
2023-04-30 11:00:00,17544,21082.63506326414
2023-04-30 12:00:00,18743,23681.390166476063
2023-04-30 13:00:00,23751,24855.742326968837
2023-04-30 14:00:00,24428,30526.67700866657
2023-04-30 15:00:00,24104,29746.857261664692
2023-04-30 16:00:00,24008,28509.11775692642
2023-04-30 17:00:00,27839,31801.892837085637
2023-04-30 18:00:00,29820,30241.919221970216
2023-04-30 19:00:00,25028,27795.23050248385
2023-04-30 20:00:00,16341,24151.664211003146
2023-04-30 21:00:00,17301,14536.631032450638
2023-04-30 22:00:00,16624,14624.408440485533
2023-04-30 23:00:00,12089,12732.369050618847
2023-05-01 00:00:00,11283,10963.141900082348
2023-05-01 01:00:00,6451,8837.47947076946
2023-05-01 02:00:00,3068,4903.285203203505
2023-05-01 03:00:00,2051,2343.744060302867
2023-05-01 04:00:00,283,2415.8096055544697
2023-05-01 05:00:00,3718,7152.644608240248
2023-05-01 06:00:00,3254,15970.907999181369
2023-05-01 07:00:00,3004,29098.852980002237
2023-05-01 08:00:00,6539,7923.3364870847
2023-05-01 09:00:00,9113,15746.975452409939
2023-05-01 10:00:00,14328,15558.221986472987
2023-05-01 11:00:00,15555,21316.090255805495
2023-05-01 12:00:00,17839,24341.18948180264
2023-05-01 13:00:00,17638,33448.72429026399
2023-05-01 14:00:00,18299,25134.546946512535
2023-05-01 15:00:00,17527,31760.35577606679
2023-05-01 16:00:00,19040,31236.10038344477
2023-05-01 17:00:00,19514,27805.287844917948
2023-05-01 18:00:00,22668,23919.367650182154
2023-05-01 19:00:00,15064,22920.264195408796
2023-05-01 20:00:00,14313,15379.389780496665
2023-05-01 21:00:00,10636,13431.121846303513
2023-05-01 22:00:00,7026,11270.8545206473
2023-05-01 23:00:00,5537,6823.673392866784
2023-05-02 00:00:00,8612,5506.061202857676
2023-05-02 01:00:00,4941,6010.6358133136855
2023-05-02 02:00:00,1845,3176.215684246911
2023-05-02 03:00:00,1076,1080.5189187570106
2023-05-02 04:00:00,1699,1782.8355778315076
2023-05-02 05:00:00,12820,8458.716127852145
2023-05-02 06:00:00,30751,21966.859628125167
2023-05-02 07:00:00,74993,49341.70502233545
2023-05-02 08:00:00,42497,50312.36053692401
2023-05-02 09:00:00,35393,34621.14686547453
2023-05-02 10:00:00,35301,28451.449537397966
2023-05-02 11:00:00,38280,31691.584246835642
2023-05-02 12:00:00,48367,36088.67170656202
2023-05-02 13:00:00,63345,48234.77444375847
2023-05-02 14:00:00,48310,51129.60417861283
2023-05-02 15:00:00,60470,47228.588007501065
2023-05-02 16:00:00,61602,56350.08280838606
2023-05-02 17:00:00,60881,52653.12915059305
2023-05-02 18:00:00,42884,47399.981286935035
2023-05-02 19:00:00,30009,31271.222257465306
2023-05-02 20:00:00,26846,23050.580012603335
2023-05-02 21:00:00,21592,19863.022437647254
2023-05-02 22:00:00,15957,15941.517138991936
2023-05-02 23:00:00,8491,11258.57319626393
2023-05-03 00:00:00,2976,6031.6100023617455
2023-05-03 01:00:00,963,1580.145201035412
2023-05-03 02:00:00,62,337.5972376009015
2023-05-03 03:00:00,27,80.86491366724277
2023-05-03 04:00:00,3328,1674.9066429655609
2023-05-03 05:00:00,13933,11198.60456395404
2023-05-03 06:00:00,35560,27155.955338564476
2023-05-03 07:00:00,76924,65760.63955006526
2023-05-03 08:00:00,44450,60606.20751829914
2023-05-03 09:00:00,39248,41318.663802554984
2023-05-03 10:00:00,37066,35462.43372564504
2023-05-03 11:00:00,43043,38307.201559295965
2023-05-03 12:00:00,47373,46707.860655822966
2023-05-03 13:00:00,70263,57302.83928095363
2023-05-03 14:00:00,50672,61700.53914489056
2023-05-03 15:00:00,55688,57111.53497931032
2023-05-03 16:00:00,65222,57218.17121724951
2023-05-03 17:00:00,63868,59916.61130225238
2023-05-03 18:00:00,41933,51414.81055600271
2023-05-03 19:00:00,30276,33270.95864508552
2023-05-03 20:00:00,27454,24985.576207151687
2023-05-03 21:00:00,21636,21798.77792343001
2023-05-03 22:00:00,16158,17266.3955802192
2023-05-03 23:00:00,9529,11102.44240404638
2023-05-04 00:00:00,4006,5573.790670949455
2023-05-04 01:00:00,1323,1313.6607890305513
2023-05-04 02:00:00,95,134.47674357686776
2023-05-04 03:00:00,19,0.0
2023-05-04 04:00:00,2808,1783.6636787016168
2023-05-04 05:00:00,16170,10513.748355713493
2023-05-04 06:00:00,41879,29765.837236856067
2023-05-04 07:00:00,93502,69140.62811793614
2023-05-04 08:00:00,50181,71394.92784861567
2023-05-04 09:00:00,46624,45703.332554800385
2023-05-04 10:00:00,35335,38735.01148537064
2023-05-04 11:00:00,39243,36845.43415423922
2023-05-04 12:00:00,48775,42357.180978351695
2023-05-04 13:00:00,69712,61639.4648612571
2023-05-04 14:00:00,53785,63350.66249195956
2023-05-04 15:00:00,62349,57554.94263985255
2023-05-04 16:00:00,75098,64598.50948006637
2023-05-04 17:00:00,63405,70572.55982596282
2023-05-04 18:00:00,45811,52739.45311592985
2023-05-04 19:00:00,32899,36089.779544292316
2023-05-04 20:00:00,24608,27293.758234583525
2023-05-04 21:00:00,21030,21198.9744483552
2023-05-04 22:00:00,15117,17851.54365176896
2023-05-04 23:00:00,10605,12082.04128270267
2023-05-05 00:00:00,4306,6537.316788110375
2023-05-05 01:00:00,949,1697.6999953386894
2023-05-05 02:00:00,68,0.0
2023-05-05 03:00:00,47,0.0
2023-05-05 04:00:00,3653,1676.665230825522
2023-05-05 05:00:00,13761,11677.312601719706
2023-05-05 06:00:00,35562,28275.18046347059
2023-05-05 07:00:00,84049,66335.89165365047
2023-05-05 08:00:00,46560,65688.05945269909
2023-05-05 09:00:00,45774,44426.913158280375
2023-05-05 10:00:00,38198,39029.2491805207
2023-05-05 11:00:00,52507,39702.897124149866
2023-05-05 12:00:00,62559,53962.91564896517
2023-05-05 13:00:00,79631,70708.7800063222
2023-05-05 14:00:00,63480,68285.68149918715
2023-05-05 15:00:00,63032,63068.54220740062
2023-05-05 16:00:00,63445,63706.28987808203
2023-05-05 17:00:00,59764,58327.45035357941
2023-05-05 18:00:00,47519,50292.80613057229
2023-05-05 19:00:00,42921,39398.17862755178
2023-05-05 20:00:00,34485,33877.674648765664
2023-05-05 21:00:00,28976,27364.79471985921
2023-05-05 22:00:00,22421,22591.68590018418
2023-05-05 23:00:00,14437,17293.521693256233
2023-05-06 00:00:00,6039,8063.887413055179
2023-05-06 01:00:00,1743,2712.2411533645436
2023-05-06 02:00:00,20,219.6296688952175
2023-05-06 03:00:00,0,0.0
2023-05-06 04:00:00,1704,1669.3685277372167
2023-05-06 05:00:00,7005,6059.650687840367
2023-05-06 06:00:00,6888,12858.031295054547
2023-05-06 07:00:00,14181,21992.178502424715
2023-05-06 08:00:00,20928,21557.986961959446
2023-05-06 09:00:00,35857,28993.275894474064
2023-05-06 10:00:00,42354,36600.73300317802
2023-05-06 11:00:00,59268,45094.60728334088
2023-05-06 12:00:00,48810,55875.95342240008
2023-05-06 13:00:00,54335,52419.53611287741
2023-05-06 14:00:00,54122,53601.690500746496
2023-05-06 15:00:00,60075,52897.35961384347
2023-05-06 16:00:00,65138,55862.237645627734
2023-05-06 17:00:00,56024,59447.09194206787
2023-05-06 18:00:00,59586,49306.01571791886
2023-05-06 19:00:00,46514,47912.756363020046
2023-05-06 20:00:00,38804,39439.911817737404
2023-05-06 21:00:00,34031,30071.516062867573
2023-05-06 22:00:00,26702,26473.751218972284
2023-05-06 23:00:00,21409,19588.004416243406
2023-05-07 00:00:00,10293,13772.410566431052
2023-05-07 01:00:00,6871,6361.532426369919
2023-05-07 02:00:00,4800,4164.927301829866
2023-05-07 03:00:00,3833,2869.6725981733334
2023-05-07 04:00:00,3506,2892.385637147533
2023-05-07 05:00:00,5392,4211.168723355118
2023-05-07 06:00:00,7008,4660.741371137713
2023-05-07 07:00:00,6660,6033.104267718107
2023-05-07 08:00:00,13985,9197.202930200368
2023-05-07 09:00:00,20345,19072.35012373807
2023-05-07 10:00:00,23159,24391.929820082616
2023-05-07 11:00:00,25762,29722.13036232892
2023-05-07 12:00:00,32008,28655.136266692585
2023-05-07 13:00:00,37286,34297.671265241705
2023-05-07 14:00:00,38364,38092.21269510962
2023-05-07 15:00:00,38707,38686.05175131007
2023-05-07 16:00:00,37074,40316.93899628064
2023-05-07 17:00:00,36573,37876.9616942547
2023-05-07 18:00:00,34347,38769.79671506328
2023-05-07 19:00:00,25248,33239.32346555014
2023-05-07 20:00:00,27870,24282.121303583168
2023-05-07 21:00:00,18945,25218.08517495726
2023-05-07 22:00:00,11928,18835.12474189375
2023-05-07 23:00:00,6625,12354.39805881038
2023-05-08 00:00:00,16512,7271.032793210394
2023-05-08 01:00:00,8507,12089.210498841732
2023-05-08 02:00:00,6408,6307.055086675647
2023-05-08 03:00:00,2512,4329.3108124107375
2023-05-08 04:00:00,3243,2440.812765907438
2023-05-08 05:00:00,18606,6398.339852858217
2023-05-08 06:00:00,37863,17958.006900641405
2023-05-08 07:00:00,76952,33189.26476875614
2023-05-08 08:00:00,39935,45008.979730465435
2023-05-08 09:00:00,37346,28456.641943535513
2023-05-08 10:00:00,30793,27422.20308788384
2023-05-08 11:00:00,33768,26916.02749355737
2023-05-08 12:00:00,45042,31757.44611971799
2023-05-08 13:00:00,69420,41362.42326153216
2023-05-08 14:00:00,52799,52257.7688420732
2023-05-08 15:00:00,58454,44340.50499545767
2023-05-08 16:00:00,66003,45950.04306181951
2023-05-08 17:00:00,52609,48727.38983870672
2023-05-08 18:00:00,40642,39540.901652990855
2023-05-08 19:00:00,29049,28747.169619725864
2023-05-08 20:00:00,20033,23335.6334233164
2023-05-08 21:00:00,15238,15430.46360969465
2023-05-08 22:00:00,11736,11645.686198951691
2023-05-08 23:00:00,7789,8281.591786263614
2023-05-09 00:00:00,4000,8886.302622549993
2023-05-09 01:00:00,781,4163.445675945942
2023-05-09 02:00:00,0,1600.0114028073617
2023-05-09 03:00:00,68,513.0979867111394
2023-05-09 04:00:00,2697,1631.9279411791406
2023-05-09 05:00:00,17011,11101.744470092453
2023-05-09 06:00:00,42442,29630.225590632122
2023-05-09 07:00:00,86704,66826.63562670074
2023-05-09 08:00:00,54155,64705.015142506876
2023-05-09 09:00:00,40938,46496.5810887927
2023-05-09 10:00:00,33366,35283.47962187238
2023-05-09 11:00:00,35868,34534.04227415717
2023-05-09 12:00:00,51432,42406.64063113866
2023-05-09 13:00:00,67183,62061.15213707139
2023-05-09 14:00:00,53118,60355.26202590818
2023-05-09 15:00:00,61960,57964.03328567953
2023-05-09 16:00:00,66307,63800.38745232402
2023-05-09 17:00:00,59842,61436.81410272596
2023-05-09 18:00:00,42859,49689.42823672876
2023-05-09 19:00:00,34188,34082.1637091869
2023-05-09 20:00:00,21762,27377.46548762871
2023-05-09 21:00:00,13175,18023.720254389576
2023-05-09 22:00:00,11903,12100.489354647758
2023-05-09 23:00:00,8761,9233.988744365466
2023-05-10 00:00:00,4298,5745.213365384909
2023-05-10 01:00:00,638,1837.1627179091934
2023-05-10 02:00:00,51,0.0
2023-05-10 03:00:00,8,0.0
2023-05-10 04:00:00,2002,1851.6345005790308
2023-05-10 05:00:00,15451,10659.916888018415
2023-05-10 06:00:00,38307,30681.708384144447
2023-05-10 07:00:00,94139,66720.93365379059
2023-05-10 08:00:00,57484,72934.52370970519
2023-05-10 09:00:00,45146,50308.68768044786
2023-05-10 10:00:00,36487,38458.924427833874
2023-05-10 11:00:00,42108,37703.63547092606
2023-05-10 12:00:00,50055,47205.37819140618
2023-05-10 13:00:00,75929,62110.237440338315
2023-05-10 14:00:00,46763,66196.69233917327
2023-05-10 15:00:00,58562,53458.49873468031
2023-05-10 16:00:00,69201,62181.310416447064
2023-05-10 17:00:00,63721,65801.36119966405
2023-05-10 18:00:00,51421,52599.61951633389
2023-05-10 19:00:00,32890,40509.025487245235
2023-05-10 20:00:00,26499,26734.234071014333
2023-05-10 21:00:00,22789,20198.561912582998
2023-05-10 22:00:00,15166,18261.237541129376
2023-05-10 23:00:00,11162,11359.22929109343
2023-05-11 00:00:00,3585,7033.531438376527
2023-05-11 01:00:00,489,1158.8179669881938
2023-05-11 02:00:00,36,0.0
2023-05-11 03:00:00,110,0.0
2023-05-11 04:00:00,3064,1663.2897394117601
2023-05-11 05:00:00,17521,11508.516428845993
2023-05-11 06:00:00,37133,32528.16866089934
2023-05-11 07:00:00,87935,71147.28265834093
2023-05-11 08:00:00,50232,70894.95220603002
2023-05-11 09:00:00,43975,48308.403868310896
2023-05-11 10:00:00,32974,38390.1068934731
2023-05-11 11:00:00,39116,36381.49708051115
2023-05-11 12:00:00,53248,45448.638270282325
2023-05-11 13:00:00,61318,66039.27736754878
2023-05-11 14:00:00,48488,56429.09490319687
2023-05-11 15:00:00,65913,55471.22697918945
2023-05-11 16:00:00,70121,70262.47298429924
2023-05-11 17:00:00,66882,66892.56080406916
2023-05-11 18:00:00,47455,56784.889304848206
2023-05-11 19:00:00,30839,38225.10394480385
2023-05-11 20:00:00,25357,25600.799704698977
2023-05-11 21:00:00,20398,21560.18571181623
2023-05-11 22:00:00,14118,17309.72385995242
2023-05-11 23:00:00,9710,11525.853551860644
2023-05-12 00:00:00,5210,6167.412231221935
2023-05-12 01:00:00,1007,2227.2152641157136
2023-05-12 02:00:00,14,0.0
2023-05-12 03:00:00,31,0.0
2023-05-12 04:00:00,3088,1997.286095865979
2023-05-12 05:00:00,16055,11416.101429440903
2023-05-12 06:00:00,35700,29946.58051192428
2023-05-12 07:00:00,80329,66858.06350843374
2023-05-12 08:00:00,44714,63859.61474252632
2023-05-12 09:00:00,36961,44645.21033397523
2023-05-12 10:00:00,31800,34319.520505925466
2023-05-12 11:00:00,38907,38361.44903306801
2023-05-12 12:00:00,58067,49428.035472384494
2023-05-12 13:00:00,67782,68340.52148814677
2023-05-12 14:00:00,54530,62988.67785294032
2023-05-12 15:00:00,53848,60640.54187464408
2023-05-12 16:00:00,49124,59882.04776114692
2023-05-12 17:00:00,48019,53318.000013418314
2023-05-12 18:00:00,41609,45306.97206534973
2023-05-12 19:00:00,33091,37656.21814725704
2023-05-12 20:00:00,27023,30100.927517624274
2023-05-12 21:00:00,18392,24154.298195124487
2023-05-12 22:00:00,17663,17321.520742877357
2023-05-12 23:00:00,10758,14272.70317087571
2023-05-13 00:00:00,3654,6948.087279280631
2023-05-13 01:00:00,1281,1559.4655778279239
2023-05-13 02:00:00,37,128.41109384283732
2023-05-13 03:00:00,148,0.0
2023-05-13 04:00:00,1656,1350.0596657138185
2023-05-13 05:00:00,5842,6041.672930709913
2023-05-13 06:00:00,6875,11632.031943558612
2023-05-13 07:00:00,12695,21951.005623207013
2023-05-13 08:00:00,25053,21318.055054808385
2023-05-13 09:00:00,32562,31595.865994414722
2023-05-13 10:00:00,41661,36065.63749358405
2023-05-13 11:00:00,45751,45823.084828456645
2023-05-13 12:00:00,46187,49082.91367399806
2023-05-13 13:00:00,50856,51699.48359691804
2023-05-13 14:00:00,55259,52215.6887028651
2023-05-13 15:00:00,49787,55239.725071620494
2023-05-13 16:00:00,54602,52296.77109873042
2023-05-13 17:00:00,52690,52702.96162068102
2023-05-13 18:00:00,57562,51101.80022669063
2023-05-13 19:00:00,43019,48856.40943330465
2023-05-13 20:00:00,43083,36979.602222373964
2023-05-13 21:00:00,33337,33940.32546493569
2023-05-13 22:00:00,21994,27224.612176647155
2023-05-13 23:00:00,22211,17640.36666403002
2023-05-14 00:00:00,8394,14023.425794684397
2023-05-14 01:00:00,4429,5383.678467041621
2023-05-14 02:00:00,3866,2559.236908723927
2023-05-14 03:00:00,932,2890.491968587078
2023-05-14 04:00:00,1153,1659.6890281861404
2023-05-14 05:00:00,4037,3043.112438226706
2023-05-14 06:00:00,5284,4506.847075402252
2023-05-14 07:00:00,5814,5285.360667741152
2023-05-14 08:00:00,7755,11443.777317042674
2023-05-14 09:00:00,14850,16441.32758631641
2023-05-14 10:00:00,19701,23195.220354243254
2023-05-14 11:00:00,23714,26957.607612288375
2023-05-14 12:00:00,27491,30105.971395398323
2023-05-14 13:00:00,29245,33947.21149946401
2023-05-14 14:00:00,31035,36524.07635238051
2023-05-14 15:00:00,25804,35521.879071189825
2023-05-14 16:00:00,31568,33393.50625679069
2023-05-14 17:00:00,29718,36286.63327084192
2023-05-14 18:00:00,29144,35743.42064781428
2023-05-14 19:00:00,26827,29642.565572413594
2023-05-14 20:00:00,25018,29164.308624330908
2023-05-14 21:00:00,18419,23790.409000019077
2023-05-14 22:00:00,12422,16437.884866144363
2023-05-14 23:00:00,6177,11759.544414411768
2023-05-15 00:00:00,15778,7782.795178323409
2023-05-15 01:00:00,12078,11560.303906526742
2023-05-15 02:00:00,5343,9154.032224502926
2023-05-15 03:00:00,2831,3141.3883772166428
2023-05-15 04:00:00,1932,2655.630171458186
2023-05-15 05:00:00,8752,8667.596178457157
2023-05-15 06:00:00,26375,19111.81030737522
2023-05-15 07:00:00,62567,42499.46542019158
2023-05-15 08:00:00,41418,42821.883122948166
2023-05-15 09:00:00,33329,35352.03383486817
2023-05-15 10:00:00,25907,28538.754311347802
2023-05-15 11:00:00,31047,27459.334276968766
2023-05-15 12:00:00,42299,35456.247784424886
2023-05-15 13:00:00,53172,49828.950996927466
2023-05-15 14:00:00,48012,48348.95005670806
2023-05-15 15:00:00,51365,48165.28815797491
2023-05-15 16:00:00,58746,51705.969501034735
2023-05-15 17:00:00,49037,50377.4090856021
2023-05-15 18:00:00,36398,40679.928958961726
2023-05-15 19:00:00,29518,29929.555306379698
2023-05-15 20:00:00,25485,24559.67710129016
2023-05-15 21:00:00,15527,20005.83234876307
2023-05-15 22:00:00,12357,12964.388488413051
2023-05-15 23:00:00,7601,8729.907150072739
2023-05-16 00:00:00,3215,7559.5975735414795
2023-05-16 01:00:00,696,3448.079822490711
2023-05-16 02:00:00,45,933.1185634294487
2023-05-16 03:00:00,58,422.28692244357774
2023-05-16 04:00:00,2474,1580.6261635988144
2023-05-16 05:00:00,12451,9934.294250236548
2023-05-16 06:00:00,31905,26981.5632690419
2023-05-16 07:00:00,79944,59871.739162220336
2023-05-16 08:00:00,47527,63639.917901546374
2023-05-16 09:00:00,33905,43329.2909554714
2023-05-16 10:00:00,27128,29816.479354251358
2023-05-16 11:00:00,32217,29911.822085835418
2023-05-16 12:00:00,40888,40651.67063654167
2023-05-16 13:00:00,55835,53319.88643147543
2023-05-16 14:00:00,46471,53589.22146860764
2023-05-16 15:00:00,56414,53225.474001644136
2023-05-16 16:00:00,60835,60496.60636069482
2023-05-16 17:00:00,54529,57409.64504025772
2023-05-16 18:00:00,44641,45876.27130903994
2023-05-16 19:00:00,31453,36672.25839168181
2023-05-16 20:00:00,24739,25876.681156403516
2023-05-16 21:00:00,19455,18035.589352547635
2023-05-16 22:00:00,14149,15308.062227607901
2023-05-16 23:00:00,9083,10438.570657004191
2023-05-17 00:00:00,3599,5656.860937841597
2023-05-17 01:00:00,574,1188.367258126426
2023-05-17 02:00:00,10,0.0
2023-05-17 03:00:00,38,0.0
2023-05-17 04:00:00,3104,1531.383709025168
2023-05-17 05:00:00,17695,10753.09175690346
2023-05-17 06:00:00,38827,30514.186394136996
2023-05-17 07:00:00,83655,69413.72940336191
2023-05-17 08:00:00,60129,67722.1129704935
2023-05-17 09:00:00,45412,51970.4012418988
2023-05-17 10:00:00,37848,37685.34320966293
2023-05-17 11:00:00,48162,37545.181301120596
2023-05-17 12:00:00,56822,49418.03955197453
2023-05-17 13:00:00,70899,65153.03925351814
2023-05-17 14:00:00,57823,60361.41852922546
2023-05-17 15:00:00,64593,59771.12195907089
2023-05-17 16:00:00,74625,65762.11161272855
2023-05-17 17:00:00,61868,67464.3320852262
2023-05-17 18:00:00,56583,53542.21320036988
2023-05-17 19:00:00,39187,43552.25135104309
2023-05-17 20:00:00,35817,31140.806548668108
2023-05-17 21:00:00,22850,27309.99161180803
2023-05-17 22:00:00,20532,18096.562383657765
2023-05-17 23:00:00,15658,14725.294329045333
2023-05-18 00:00:00,4028,9478.008004812848
2023-05-18 01:00:00,851,989.6646100124036
2023-05-18 02:00:00,38,0.0
2023-05-18 03:00:00,274,0.0
2023-05-18 04:00:00,1823,2034.9604849953023
2023-05-18 05:00:00,7653,11488.25271226886
2023-05-18 06:00:00,7514,25337.517153934175
2023-05-18 07:00:00,6829,49183.52566722783
2023-05-18 08:00:00,13159,21035.039914564477
2023-05-18 09:00:00,20195,27028.74180021465
2023-05-18 10:00:00,28218,27648.74348087211
2023-05-18 11:00:00,30412,36780.09141818245
2023-05-18 12:00:00,33229,43591.19298339656
2023-05-18 13:00:00,35202,50807.83627734035
2023-05-18 14:00:00,39688,41727.95924813094
2023-05-18 15:00:00,40506,53319.929151935125
2023-05-18 16:00:00,44186,55694.83381095382
2023-05-18 17:00:00,44370,51674.4165647031
2023-05-18 18:00:00,34129,45690.20674070309
2023-05-18 19:00:00,35518,32246.496686042425
2023-05-18 20:00:00,28846,32052.789300396966
2023-05-18 21:00:00,23807,24232.551012921373
2023-05-18 22:00:00,20181,19992.911261245412
2023-05-18 23:00:00,12396,15873.383183424712
2023-05-19 00:00:00,10945,7904.985081074219
2023-05-19 01:00:00,5106,5605.965640550782
2023-05-19 02:00:00,1943,2277.8509874383535
2023-05-19 03:00:00,875,638.0966551997772
2023-05-19 04:00:00,0,1916.599070114687
2023-05-19 05:00:00,0,7820.539511870182
2023-05-19 06:00:00,0,13675.349125496758
2023-05-19 07:00:00,0,26993.575730075143
2023-05-19 08:00:00,0,6224.680826071672
2023-05-19 09:00:00,0,12371.34707560429
2023-05-19 10:00:00,0,13135.024313414018
2023-05-19 11:00:00,0,16135.65268171575
2023-05-19 12:00:00,0,21936.448103643976
2023-05-19 13:00:00,0,25657.361430183897
2023-05-19 14:00:00,0,19025.87224781754
2023-05-19 15:00:00,0,22659.806011576868
2023-05-19 16:00:00,0,21363.398938867693
2023-05-19 17:00:00,0,18409.221438937777
2023-05-19 18:00:00,0,14287.779059672013
2023-05-19 19:00:00,0,13219.522587123372
2023-05-19 20:00:00,0,11191.455596295176
2023-05-19 21:00:00,0,7929.3351094559775
2023-05-19 22:00:00,0,7903.94441669976
2023-05-19 23:00:00,0,4431.927476029885
2023-05-20 00:00:00,10463,1880.1338286369069
2023-05-20 01:00:00,2441,7647.339016678717
2023-05-20 02:00:00,67,1701.0948740491303
2023-05-20 03:00:00,105,0.0
2023-05-20 04:00:00,1881,613.7578647550854
2023-05-20 05:00:00,4301,2593.3390920904103
2023-05-20 06:00:00,4783,3248.8404853856873
2023-05-20 07:00:00,8582,3727.6212539640733
2023-05-20 08:00:00,16455,10471.352489074296
2023-05-20 09:00:00,21932,17832.699021037406
2023-05-20 10:00:00,35892,22915.496500522975
2023-05-20 11:00:00,41764,31657.642751797684
2023-05-20 12:00:00,44693,34540.260203969716
2023-05-20 13:00:00,47239,36261.74965478558
2023-05-20 14:00:00,50403,39091.080303174254
2023-05-20 15:00:00,48321,38822.5771460648
2023-05-20 16:00:00,50422,39072.77189948313
2023-05-20 17:00:00,49567,39614.34674232503
2023-05-20 18:00:00,45766,40176.06268513443
2023-05-20 19:00:00,34781,33997.41349985681
2023-05-20 20:00:00,29637,27444.212455825043
2023-05-20 21:00:00,22865,22163.742977428046
2023-05-20 22:00:00,17443,16482.43656717345
2023-05-20 23:00:00,14281,13526.227995090838
2023-05-21 00:00:00,155,10575.999300762689
2023-05-21 01:00:00,0,203.0844750424668
2023-05-21 02:00:00,0,65.36645591159436
2023-05-21 03:00:00,50,257.76087953119327
2023-05-21 04:00:00,1130,978.4244312349304
2023-05-21 05:00:00,2315,2610.1090948045944
2023-05-21 06:00:00,3360,2641.228319819591
2023-05-21 07:00:00,4878,3132.7233955355164
2023-05-21 08:00:00,8041,7787.13860632039
2023-05-21 09:00:00,16594,13296.964948819927
2023-05-21 10:00:00,24394,22371.056399433197
2023-05-21 11:00:00,27059,28603.520947007368
2023-05-21 12:00:00,25427,30748.1128611362
2023-05-21 13:00:00,26928,29810.00503634436
2023-05-21 14:00:00,25221,32274.27887400479
2023-05-21 15:00:00,27691,28785.910223465646
2023-05-21 16:00:00,32306,32687.85857702849
2023-05-21 17:00:00,31615,34832.77872087445
2023-05-21 18:00:00,25523,33147.738134955966
2023-05-21 19:00:00,18257,25931.431533922216
2023-05-21 20:00:00,17920,20271.337064369378
2023-05-21 21:00:00,14666,17393.12297454365
2023-05-21 22:00:00,8686,13675.199153666066
2023-05-21 23:00:00,3845,8056.070175719554
2023-05-22 00:00:00,10033,4673.890424719622
2023-05-22 01:00:00,5741,8023.485318816858
2023-05-22 02:00:00,2507,4301.565648896519
2023-05-22 03:00:00,2426,1611.282621927574
2023-05-22 04:00:00,3233,2456.267162427511
2023-05-22 05:00:00,15522,7075.079251426938
2023-05-22 06:00:00,39799,20346.804446469534
2023-05-22 07:00:00,86514,47420.48912166492
2023-05-22 08:00:00,47190,57840.92950633007
2023-05-22 09:00:00,36016,37456.0338167762
2023-05-22 10:00:00,31137,28848.83597199047
2023-05-22 11:00:00,42151,30529.539351727988
2023-05-22 12:00:00,45597,41233.92686120583
2023-05-22 13:00:00,62503,47379.62768922612
2023-05-22 14:00:00,47810,51380.023683620224
2023-05-22 15:00:00,62402,46543.6343188544
2023-05-22 16:00:00,66782,56761.488088050115
2023-05-22 17:00:00,55617,54989.57572946742
2023-05-22 18:00:00,41531,42480.70823043919
2023-05-22 19:00:00,28611,31012.65775922317
2023-05-22 20:00:00,24586,23333.209984274406
2023-05-22 21:00:00,18877,18481.868705307294
2023-05-22 22:00:00,13362,14507.00609960731
2023-05-22 23:00:00,9076,8917.819577283748
2023-05-23 00:00:00,2386,6945.513815549157
2023-05-23 01:00:00,536,1518.9292354011627
2023-05-23 02:00:00,9,192.66372029769474
2023-05-23 03:00:00,64,356.6755785364643
2023-05-23 04:00:00,2559,1812.779695615887
2023-05-23 05:00:00,14677,10373.282320984257
2023-05-23 06:00:00,37042,28733.386968814753
2023-05-23 07:00:00,86271,66458.85531729688
2023-05-23 08:00:00,51381,67255.14677147113
2023-05-23 09:00:00,22354,44405.78684461536
2023-05-23 10:00:00,14576,21824.159982624253
2023-05-23 11:00:00,16740,23428.768498426973
2023-05-23 12:00:00,39689,29933.67387159684
2023-05-23 13:00:00,58377,52721.26478534107
2023-05-23 14:00:00,52093,54453.214111512636
2023-05-23 15:00:00,65171,57935.84687761835
2023-05-23 16:00:00,74647,66274.07077102148
2023-05-23 17:00:00,57887,65922.35495145187
2023-05-23 18:00:00,39534,48831.039480541636
2023-05-23 19:00:00,25455,31906.256203932768
2023-05-23 20:00:00,21907,22467.452861132988
2023-05-23 21:00:00,18697,18683.218844775278
2023-05-23 22:00:00,15825,15959.091990902953
2023-05-23 23:00:00,9530,12028.738715802341
2023-05-24 00:00:00,3136,5706.174881138961
2023-05-24 01:00:00,1004,758.2519428495419
2023-05-24 02:00:00,58,0.0
2023-05-24 03:00:00,5,0.0
2023-05-24 04:00:00,2132,1671.301060043346
2023-05-24 05:00:00,13649,11099.791790975827
2023-05-24 06:00:00,39120,29150.61525336087
2023-05-24 07:00:00,79164,68671.79691151148
2023-05-24 08:00:00,46830,66466.93993680993
2023-05-24 09:00:00,41562,41267.005089833576
2023-05-24 10:00:00,30964,33365.07629119436
2023-05-24 11:00:00,38342,32047.844824613276
2023-05-24 12:00:00,50168,44758.56319207409
2023-05-24 13:00:00,62744,60826.132768512936
2023-05-24 14:00:00,52735,59423.77068728502
2023-05-24 15:00:00,58586,60164.29984401394
2023-05-24 16:00:00,52773,66597.49751182641
2023-05-24 17:00:00,58621,54253.48215468012
2023-05-24 18:00:00,44262,52115.877637939884
2023-05-24 19:00:00,34749,37048.83009741323
2023-05-24 20:00:00,32678,30087.66899856255
2023-05-24 21:00:00,20328,25854.494045734988
2023-05-24 22:00:00,15794,18314.124034785455
2023-05-24 23:00:00,11717,13017.280394441827
2023-05-25 00:00:00,3929,7261.6505610961085
2023-05-25 01:00:00,1124,1389.1087033343465
2023-05-25 02:00:00,40,0.0
2023-05-25 03:00:00,22,0.0
2023-05-25 04:00:00,1782,1382.5748723021065
2023-05-25 05:00:00,6199,8418.305020168555
2023-05-25 06:00:00,14303,17862.296355550447
2023-05-25 07:00:00,31958,34420.99641050626
2023-05-25 08:00:00,27412,25859.792191475943
2023-05-25 09:00:00,22911,29229.645162843095
2023-05-25 10:00:00,18666,25423.919041548674
2023-05-25 11:00:00,17876,26003.654350398872
2023-05-25 12:00:00,22851,29799.769822173155
2023-05-25 13:00:00,26344,37357.84270855443
2023-05-25 14:00:00,28983,33868.10057565109
2023-05-25 15:00:00,29400,40254.760795141556
2023-05-25 16:00:00,28157,38841.5926769087
2023-05-25 17:00:00,29786,36426.91218670719
2023-05-25 18:00:00,22997,31703.963458388447
2023-05-25 19:00:00,14516,26332.702482280758
2023-05-25 20:00:00,10578,19772.997096946856
2023-05-25 21:00:00,7021,13765.234132165197
2023-05-25 22:00:00,4988,11129.088513740538
2023-05-25 23:00:00,3450,7188.988791362799
2023-05-26 00:00:00,4878,4557.400471892739
2023-05-26 01:00:00,1309,3622.2841552453147
2023-05-26 02:00:00,88,756.4055441066124
2023-05-26 03:00:00,23,0.0
2023-05-26 04:00:00,3422,892.7706516946406
2023-05-26 05:00:00,15384,6196.210609857266
2023-05-26 06:00:00,33124,16823.98486566412
2023-05-26 07:00:00,72341,34801.599140954255
2023-05-26 08:00:00,45589,43721.284159926385
2023-05-26 09:00:00,42048,30829.81661100265
2023-05-26 10:00:00,38386,26406.691526115887
2023-05-26 11:00:00,48299,26257.194156297046
2023-05-26 12:00:00,57614,34720.746580810795
2023-05-26 13:00:00,71749,42516.74153868649
2023-05-26 14:00:00,60818,46707.397295210416
2023-05-26 15:00:00,59667,42906.778920122924
2023-05-26 16:00:00,53849,40375.830425054985
2023-05-26 17:00:00,44743,34844.435855563286
2023-05-26 18:00:00,32463,27250.91151852814
2023-05-26 19:00:00,24175,18689.403431795523
2023-05-26 20:00:00,32381,13969.46137096297
2023-05-26 21:00:00,22833,18787.73646282262
2023-05-26 22:00:00,21487,13585.593243636848
2023-05-26 23:00:00,17587,11834.063059952912
2023-05-27 00:00:00,1967,11834.960116567549
2023-05-27 01:00:00,605,422.0349726701586
2023-05-27 02:00:00,0,0.0
2023-05-27 03:00:00,47,0.0
2023-05-27 04:00:00,827,1429.0502553054077
2023-05-27 05:00:00,4115,4775.922646495219
2023-05-27 06:00:00,7007,9550.57046967387
2023-05-27 07:00:00,9743,19272.435673622138
2023-05-27 08:00:00,16059,18713.608275168328
2023-05-27 09:00:00,23102,23877.684667107846
2023-05-27 10:00:00,28358,30273.952627615618
2023-05-27 11:00:00,32380,35934.38484108023
2023-05-27 12:00:00,34251,40265.65031776628
2023-05-27 13:00:00,37869,44231.949713647664
2023-05-27 14:00:00,37610,45302.60273860181
2023-05-27 15:00:00,41570,43424.3185061645
2023-05-27 16:00:00,37545,45681.416246321525
2023-05-27 17:00:00,37204,40775.61635412242
2023-05-27 18:00:00,34528,36964.21452958359
2023-05-27 19:00:00,34020,30871.292394137126
2023-05-27 20:00:00,32990,31444.262446927023
2023-05-27 21:00:00,18143,27164.33296328749
2023-05-27 22:00:00,15979,16838.86941362753
2023-05-27 23:00:00,14901,14374.359884548801
2023-05-28 00:00:00,14441,7617.835528230447
2023-05-28 01:00:00,6939,7937.357239034426
2023-05-28 02:00:00,2101,3340.80992667158
2023-05-28 03:00:00,1119,569.6449624868095
2023-05-28 04:00:00,2482,1056.9856384140114
2023-05-28 05:00:00,6102,2922.3153431812484
2023-05-28 06:00:00,5068,4996.3732986097
2023-05-28 07:00:00,6275,4123.279957622528
2023-05-28 08:00:00,9989,8440.84731537662
2023-05-28 09:00:00,15686,15058.058874101824
2023-05-28 10:00:00,22027,21186.692883206684
2023-05-28 11:00:00,26294,25824.35788084215
2023-05-28 12:00:00,30683,27715.71153836525
2023-05-28 13:00:00,30489,30803.546661206143
2023-05-28 14:00:00,33654,30535.800699755768
2023-05-28 15:00:00,31375,32833.92883943813
2023-05-28 16:00:00,33624,32215.721889767825
2023-05-28 17:00:00,36379,33056.321091368874
2023-05-28 18:00:00,33392,32901.98297628362
2023-05-28 19:00:00,30633,28702.187363605146
2023-05-28 20:00:00,24299,26861.76164006895
2023-05-28 21:00:00,24351,19042.38012613242
2023-05-28 22:00:00,18165,18041.46571453834
2023-05-28 23:00:00,14194,13206.259064540782
2023-05-29 00:00:00,10419,12284.225259211433
2023-05-29 01:00:00,6678,7668.942537393701
2023-05-29 02:00:00,1823,4177.163304244756
2023-05-29 03:00:00,1407,1276.6833515429205
2023-05-29 04:00:00,1488,2264.8426953902126
2023-05-29 05:00:00,3504,8319.702837778746
2023-05-29 06:00:00,4382,16255.453552633446
2023-05-29 07:00:00,6005,30912.071229943598
2023-05-29 08:00:00,8493,9685.255698384295
2023-05-29 09:00:00,15412,16296.424434354352
2023-05-29 10:00:00,22121,21037.453976004894
2023-05-29 11:00:00,27018,29365.471036071547
2023-05-29 12:00:00,28168,34635.05566137913
2023-05-29 13:00:00,25144,39840.37049888492
2023-05-29 14:00:00,29801,30438.943460048242
2023-05-29 15:00:00,33232,39783.478144857465
2023-05-29 16:00:00,35357,42481.93080849933
2023-05-29 17:00:00,30425,38874.076603359215
2023-05-29 18:00:00,28592,31135.035683025504
2023-05-29 19:00:00,27430,27108.685341847966
2023-05-29 20:00:00,25082,25143.420533910758
2023-05-29 21:00:00,18316,22131.07008171085
2023-05-29 22:00:00,12541,16394.004818347057
2023-05-29 23:00:00,8374,10858.05050579301
2023-05-30 00:00:00,8639,6435.384868357878
2023-05-30 01:00:00,5144,5686.289326597845
2023-05-30 02:00:00,2396,2903.718381591421
2023-05-30 03:00:00,853,1199.4904446441485
2023-05-30 04:00:00,3826,1706.363707030694
2023-05-30 05:00:00,17543,9051.31633942702
2023-05-30 06:00:00,32652,24294.641105175426
2023-05-30 07:00:00,38737,48376.6354555888
2023-05-30 08:00:00,36258,29926.14558123036
2023-05-30 09:00:00,35233,28881.293859825528
2023-05-30 10:00:00,34802,27872.29467980119
2023-05-30 11:00:00,39491,30192.152915423147
2023-05-30 12:00:00,42814,39520.270514862736
2023-05-30 13:00:00,51303,46269.83821588966
2023-05-30 14:00:00,47496,46326.028452766186
2023-05-30 15:00:00,50110,50883.95923495124
2023-05-30 16:00:00,55578,53732.01285643514
2023-05-30 17:00:00,52715,49825.18130957138
2023-05-30 18:00:00,41390,42753.648570601996
2023-05-30 19:00:00,30353,32513.822170344465
2023-05-30 20:00:00,24742,25266.281577420064
2023-05-30 21:00:00,17509,20028.779193732567
2023-05-30 22:00:00,12129,15128.115694692342
2023-05-30 23:00:00,8470,9520.41459366071
2023-05-31 00:00:00,5514,6340.815534042311
2023-05-31 01:00:00,1416,3513.881060472974
2023-05-31 02:00:00,33,714.2975440873992
2023-05-31 03:00:00,0,0.0
2023-05-31 04:00:00,0,1774.7471978231458
2023-05-31 05:00:00,0,9440.482281204266
2023-05-31 06:00:00,0,19697.424831787815
2023-05-31 07:00:00,0,33350.17623745904
2023-05-31 08:00:00,0,11488.689973415432
2023-05-31 09:00:00,0,16519.746261625318
2023-05-31 10:00:00,0,14313.368430484174
2023-05-31 11:00:00,0,17892.078885718583
2023-05-31 12:00:00,0,22156.465018049137
2023-05-31 13:00:00,0,27869.00782680484
2023-05-31 14:00:00,0,20161.99274301019
2023-05-31 15:00:00,0,25711.92091813281
2023-05-31 16:00:00,0,24542.605137454295
2023-05-31 17:00:00,0,22512.597031157646
2023-05-31 18:00:00,0,16387.362039056876
2023-05-31 19:00:00,0,12519.42504517971
2023-05-31 20:00:00,0,11605.924079931363
2023-05-31 21:00:00,0,7056.483620167816
2023-05-31 22:00:00,0,5815.77676964608
2023-05-31 23:00:00,0,3832.3472783903094
2023-06-01 00:00:00,4975,1552.4062216421507
2023-06-01 01:00:00,571,3150.264361779108
2023-06-01 02:00:00,16,31.51739721831808
